mmsi,name,names,flags,vessel_ids,gaps,years_with_gaps,first_gap,last_gap,start_inside_eez,end_inside_eez,either_endpoint_inside_eez,eez_presence_months,eez_presence_years,eez_presence_year_list,eez_presence_first_month,eez_presence_last_month,registry_geartypes,registry_lengths_m,registry_imos,identity_search_entries,registry_status
224369000,PLAYA PESMAR UNO,PLAYA PESMAR UNO | PP1,ESP,4563c21c3-377a-149b-4ec7-2c09f40c906f | 827304d34-4439-4079-c9eb-6f0064e77994 | eec8754f3-3d30-f853-7b18-86a18cd5172e | f18d62b2a-a4b4-b497-8322-ce59b9aeee8d,322,9,2017-02-22 05:50:40+00:00,2026-08-31 10:01:10+00:00,4,4,8,47,9,2017 | 2018 | 2019 | 2020 | 2022 | 2023 | 2024 | 2025 | 2026,2017-07,2026-08,TRAWLERS,71,9281877,3,Registry candidates for this MMSI; not a historical identity resolution
224004000,PLAYA DA CATIVA,PLAYA DA CATIVA,ESP,876c6ede6-675e-b2e2-8cca-21076339b7f2 | b7be10c0e-edf8-a311-d7e9-372f0412c39f,318,10,2017-01-06 14:26:05+00:00,2026-09-02 21:25:54+00:00,0,1,1,6,5,2020 | 2021 | 2022 | 2023 | 2026,2020-03,2026-02,TRAWLERS,55.9,8802349,2,Registry candidates for this MMSI; not a historical identity resolution
412329691,LU QING-YUAN YU 209,LU QING YUAN YU 209 | LU QING-YUAN YU 209,CHN,716feae9b-b259-d635-1f6e-14b156f5186c | ed142b0fe-e9b0-68b5-a8e2-b858e5dfe358,293,7,2017-01-04 03:39:33+00:00,2023-03-04 09:52:41+00:00,0,0,0,5,4,2017 | 2022 | 2024 | 2026,2017-11,2026-05,TRAWLERS,62.7,9738399,4,Registry candidates for this MMSI; not a historical identity resolution
412329686,LU QING YUAN YU 205,LU QING YUAN YU 205,CHN,3d2b097f0-0595-3ca8-7cc9-fb9a644243c2 | 8fd6cd3c8-807d-c053-0c26-620ef24a5d92 | c69320602-2c89-eb82-150f-bb70fa6ced91,277,5,2017-01-04 06:13:16+00:00,2023-12-18 10:12:00+00:00,0,1,1,4,3,2018 | 2019 | 2026,2018-01,2026-05,TRAWLERS,61.9,9729685,2,Registry candidates for this MMSI; not a historical identity resolution
224770000,PLAYA PESMAR DOS,PLAYA PESMAR DOS,ESP,fd49ac62e-e7fb-4ce7-ccc3-ffe23c1797ad,267,10,2017-01-08 20:54:48+00:00,2026-08-27 21:37:13+00:00,3,3,6,43,10,2017 | 2018 | 2019 | 2020 | 2021 | 2022 | 2023 | 2024 | 2025 | 2026,2017-02,2026-08,TRAWLERS,71,9306598,2,Registry candidates for this MMSI; not a historical identity resolution
412329693,LU QING YUAN YU 211,LQYY            211 | LU QING YUAN YU 211,CHN,4e0d1ebb3-3491-a98f-f390-40d16b5a5815 | fcc1f5ce7-7439-8149-199a-0ace58ead88c,262,4,2017-01-04 06:13:52+00:00,2020-04-26 07:08:01+00:00,0,0,0,4,3,2019 | 2024 | 2026,2019-09,2026-05,TRAWLERS,65,9738416,1,Registry candidates for this MMSI; not a historical identity resolution
412329694,LU QING YUAN YU 212,LU QING YUAN YU 212,CHN,413f03c6b-b50e-15fb-3e94-ce1b8698ebf0 | b467c40aa-af23-0767-4f29-6031a4bec816 | cc2570941-1bd3-31f4-5ece-a914a22e9284,229,5,2017-01-06 07:27:43+00:00,2021-09-14 12:14:45+00:00,0,0,0,4,3,2022 | 2024 | 2026,2022-10,2026-05,TRAWLERS,63.8,9738428,4,Registry candidates for this MMSI; not a historical identity resolution
224888000,SANTA MARINA,SANTA MARINA,ESP,73bf128aa-afd4-6031-881a-0a2e94d5e1fb | 81467438f-fa20-5f95-1b26-283f95525f77,215,10,2017-01-16 15:01:31+00:00,2026-07-05 17:07:13+00:00,0,0,0,2,2,2025 | 2026,2025-07,2026-08,TRAWLERS,50.6,8619675,2,Registry candidates for this MMSI; not a historical identity resolution
412329684,LU QING YUAN YU 201,LU QING YUAN YU 201,CHN,2b57f062b-b365-a157-843a-9273caa2bade | 525adfb67-71a2-341e-584f-8aa5da3b6e16 | 66fcd931e-e012-c71a-e592-13adae64c666 | 891910b08-87b5-fbb1-110f-47f5038b9d82,212,4,2017-01-27 18:24:52+00:00,2020-04-26 07:31:10+00:00,0,0,0,4,3,2022 | 2024 | 2026,2022-09,2026-05,FISHING,64.2,9729609,2,Registry candidates for this MMSI; not a historical identity resolution
412329689,LU QING YUAN YU 208,LQYY            208 | LU QING YUAN YU 205 | LU QING YUAN YU 208,CHN,23c02e9d9-904d-2b0f-50bb-fbbb023c843c | 5c7225aae-e76a-1283-443d-32601cab3b19 | a8bd34587-7d77-1e6a-2b92-bec51ed57bde | af154f153-32b0-b126-00a3-f6ef6aa7e3a1 | b6f0e9ba3-3767-58f7-032d-7b3c1c8fad65,200,6,2017-01-01 08:27:45+00:00,2022-05-04 20:01:09+00:00,0,0,0,4,3,2022 | 2024 | 2026,2022-10,2026-05,TRAWLERS,61.9,9737979,8,Registry candidates for this MMSI; not a historical identity resolution
441050000,COSECHA,COSECHA,KOR,39dbded5c-cef2-7bcf-0dfb-3cfd9921596c | 60e1ec0a4-4a0f-a702-b9be-72e5f1e8fb88 | acbe968d0-0e71-c0c6-84d1-3e1b8e78ea12 | eb501b38c-c75b-bf52-608c-503c5e59d505,193,6,2017-01-03 23:50:13+00:00,2022-04-11 14:13:05+00:00,2,0,2,5,3,2017 | 2018 | 2020,2017-03,2020-06,TRAWLERS,52.1 | 56.4,8217491,4,Registry candidates for this MMSI; not a historical identity resolution
224754000,PLAYA DE GALICIA,PLAYA DE GALICIA,ESP,a83eb6792-2ed9-b03b-5b16-584248330571 | d7d1bcfdc-c217-90a2-321a-caf3eefdaaaf,188,10,2017-01-01 10:08:28+00:00,2026-08-20 18:32:58+00:00,0,0,0,19,9,2017 | 2018 | 2020 | 2021 | 2022 | 2023 | 2024 | 2025 | 2026,2017-08,2026-05,TRAWLERS,53.8,7813107,1,Registry candidates for this MMSI; not a historical identity resolution
412329685,LU QING YUAN YU 202,LU QING YUAN YU 202,CHN,0b361db06-676a-0962-c789-e1ad61cd06ce | e0f620c91-1038-59c3-b39d-d982c091e25e,184,4,2017-01-04 05:59:43+00:00,2020-06-10 01:53:19+00:00,0,0,0,5,4,2019 | 2022 | 2024 | 2026,2019-09,2026-05,TRAWLERS,63.5,9729611,5,Registry candidates for this MMSI; not a historical identity resolution
224732000,PLAYA DE SARTAXENS,PLAYA DE SARTAXENS,ESP,bb943918f-f4e9-7231-d69a-74a0358903ad,178,8,2017-01-07 10:50:02+00:00,2025-07-09 15:06:05+00:00,0,0,0,19,8,2017 | 2019 | 2021 | 2022 | 2023 | 2024 | 2025 | 2026,2017-01,2026-06,TRAWLERS,68.6,8512645,2,Registry candidates for this MMSI; not a historical identity resolution
441769000,OYANG75,OYANG75,KOR,ea9291b2a-acb0-5c91-f336-9480906dc0ef | f73f1c0d7-782e-c11a-4415-3ace3805f033,176,3,2017-01-11 15:27:18+00:00,2019-10-31 02:07:09+00:00,1,1,2,13,3,2017 | 2019 | 2020,2017-09,2020-09,FISH_FACTORY | TRAWLERS,67.3 | 68.2,8801175,2,Registry candidates for this MMSI; not a historical identity resolution
224547000,PISCATOR,PISCATOR,ESP,08065852c-c683-391d-6715-cd182f2c2565 | 83a5bf4ad-d7b1-edf9-3983-e8fd9f09080f,170,8,2017-06-22 17:52:48+00:00,2026-03-16 09:55:28+00:00,2,0,2,6,6,2018 | 2019 | 2020 | 2023 | 2024 | 2025,2018-08,2025-10,TRAWLERS,66.4,8801163,2,Registry candidates for this MMSI; not a historical identity resolution
224820000,VILLA NORES,VILA NORES | VILLA NORES | VILLA.NORES,ESP,1271b3584-4ba1-ee90-6f10-0add3d0caa88 | 6ce690937-7033-060b-2b50-ac90964553f1 | 6db0eb9aa-a28a-bb2a-9a6b-bd527dd72002,168,5,2017-01-02 09:21:12+00:00,2021-09-04 20:42:18+00:00,0,0,0,2,2,2017 | 2020,2017-03,2020-04,TRAWLERS,60.9,9098256,1,Registry candidates for this MMSI; not a historical identity resolution
440191000,AGNES5,AG5 | AGNE5 | AGNES5,KOR,080fbd31c-cba4-aa12-474f-8fca20d2e9f1 | 2556d75a1-16b9-d9f1-4c43-a62afdf4d934 | 3b9a22794-4230-3908-1f75-5a7796f48e12 | 4d50a00f8-814d-40d9-8c89-8591624b4096 | 5d1019799-99a4-4d23-dfec-d26f2a23086d | 97e36376b-b06e-75d3-7aa9-a37d7fd44c2b | aa64ce0b7-7151-2a24-90bf-098827210b79 | e73b5dbec-c0ea-3920-b1b0-a1dd2abdb10c,164,6,2017-01-03 04:43:19+00:00,2024-09-27 22:11:12+00:00,0,0,0,6,3,2018 | 2019 | 2020,2018-03,2020-01,TRAWLERS,65.3,7237066,3,Registry candidates for this MMSI; not a historical identity resolution
224567000,PATRICIA NORES,PATRICIA NORES,ESP,bc74d16ae-e253-1fd5-f757-a00ce8bbedfc,160,7,2017-01-01 14:18:04+00:00,2023-09-27 15:08:09+00:00,0,0,0,5,3,2020 | 2022 | 2025,2020-04,2025-04,TRAWLERS,59.3,8120521,2,Registry candidates for this MMSI; not a historical identity resolution
224235000,MANUEL NORES,MANUEL NORES,ESP,d15b32316-6caf-2a03-0d6c-d5a319c891b1 | ea2e00d49-9e3d-67cd-3d20-0ce8c17bba37,154,7,2018-03-21 17:32:20+00:00,2024-05-26 20:14:35+00:00,0,0,0,7,5,2018 | 2019 | 2020 | 2022 | 2023,2018-10,2023-07,TRAWLERS,49.4,9242015,2,Registry candidates for this MMSI; not a historical identity resolution
224571000,FIGARO,FIGARO,ESP,1bb2f5e0c-c34b-0215-0add-962d3c79bd5e | 673b4ca15-568a-d06c-ea2f-3185dce672d6,134,4,2017-03-24 14:43:02+00:00,2020-08-20 00:01:28+00:00,3,2,5,12,3,2017 | 2018 | 2019,2017-08,2019-04,,,,,Not queried; sample limited to top 20 MMSI by gaps
440256000,OYANG77,77OYANG | OYANG77,KOR,0215b1127-7c58-c39d-b7f1-71266ca68a5a | 03785a6a0-025d-0fdc-d311-b474c76072f3 | 9be7848a6-601f-a070-4180-da8206e737e9,129,7,2017-01-20 02:19:36+00:00,2024-02-12 21:21:08+00:00,1,0,1,8,5,2017 | 2018 | 2019 | 2020 | 2023,2017-03,2023-04,,,,,Not queried; sample limited to top 20 MMSI by gaps
224374000,FARRUCO,FARRUCO,ESP,463a74a9a-a474-e5d1-5459-7e3847d2f2ae,125,6,2018-04-13 09:28:54+00:00,2023-09-28 22:33:26+00:00,0,1,1,17,6,2018 | 2019 | 2020 | 2021 | 2022 | 2023,2018-02,2023-10,,,,,Not queried; sample limited to top 20 MMSI by gaps
441309000,AGNES3,<G3 | AG3 | AG5 | AGNES3,KOR,2d6a4f767-7394-7d37-6d30-c971b57fad23 | 3d63959ec-cf1a-4a78-4c81-a05fbcf58fbd | 5b5cc8098-8f80-8244-6635-0137dfbc8ac1 | 6bd1af594-4445-af06-66db-339ecf30ce4a | 6cdc2b12c-ce91-3293-a7e3-90fe93f5053e | 94300333a-a48f-d52a-00e3-f940452cb3fe | b3f478a73-3e2b-5b7b-6ecc-5ad0d17be812 | d6aeaa5e3-3ec3-1ae6-f2ea-b4757ac12526,122,7,2017-02-17 08:22:57+00:00,2026-04-17 15:23:44+00:00,0,0,0,3,3,2017 | 2019 | 2021,2017-03,2021-06,,,,,Not queried; sample limited to top 20 MMSI by gaps
224724000,PLAYA DE TAMBO,PLAYA DE TAMBO,ESP,50d310df1-170b-fc91-da6c-6ca8864516b8 | 76f12fac1-13a5-ea33-1534-a9b11c2b1b0e,119,8,2017-02-12 11:59:59+00:00,2026-04-16 16:11:16+00:00,0,0,0,17,8,2017 | 2018 | 2019 | 2021 | 2022 | 2023 | 2024 | 2025,2017-02,2025-03,,,,,Not queried; sample limited to top 20 MMSI by gaps
441051000,SUR ESTE 707,SUR ESTE 707 | SURESTE707,KOR,379bfc04d-de98-c455-8af9-b4f7d9050eb5 | c5770a5bd-dac6-3ef6-c9e5-1f9e45661f3b | e9537a761-14cf-e78d-4bc6-accbf1d79dca,116,6,2017-01-29 12:25:05+00:00,2024-07-05 05:59:29+00:00,3,0,3,14,5,2017 | 2018 | 2019 | 2020 | 2024,2017-01,2024-02,,,,,Not queried; sample limited to top 20 MMSI by gaps
440528000,PRATIDINA NO.28,PR28 | PRATIDINA NO.28 | PRATIDINA.28,KOR,2d9476605-58d9-0234-850b-1ff42999870e | 616bc5ea6-6c65-9ac7-6941-b67be0e14347 | 693108e2d-d117-9c23-d084-8fdcd61f399d | 917c50411-1b9f-07d0-ba6a-f348a7a51737 | b05aad300-00f2-e0f6-710a-1b526d2a918e,113,5,2017-01-02 08:21:48+00:00,2026-02-14 22:00:40+00:00,0,0,0,8,3,2017 | 2018 | 2019,2017-08,2019-09,,,,,Not queried; sample limited to top 20 MMSI by gaps
412329692,LU QING YUAN YU 210,LU QING YUAN YU 210,CHN,3b7c06cbf-fc16-2591-f90c-56ac02776431 | 62f4ac25b-b9d4-e093-14ad-f464e2dd7451,112,5,2017-01-06 07:55:26+00:00,2021-09-08 18:29:23+00:00,0,0,0,2,2,2024 | 2026,2024-03,2026-05,,,,,Not queried; sample limited to top 20 MMSI by gaps
412328763,RUN DA 9,RUN DA 9,CHN,20be389c4-45a7-0b66-4bd0-fc3d6aac9859 | c7c4950fd-d0c4-1316-23c2-5672be8d0321,108,5,2017-03-20 19:31:37+00:00,2026-01-13 10:28:06+00:00,0,0,0,7,6,2019 | 2020 | 2021 | 2023 | 2024 | 2026,2019-05,2026-05,,,,,Not queried; sample limited to top 20 MMSI by gaps
412328766,HAI YANG 2,HAI YANG 2,CHN,4f9f341ce-ed9d-264c-2387-681b6ba15df5 | 5cf553c72-2129-235d-7a04-8c2bc6c6a5a7 | fd1273305-5481-667f-9a4f-e3667ed49017,107,8,2017-01-22 15:05:51+00:00,2024-06-03 14:13:02+00:00,1,0,1,10,6,2018 | 2019 | 2020 | 2024 | 2025 | 2026,2018-05,2026-05,,,,,Not queried; sample limited to top 20 MMSI by gaps
224897000,FREIREMAR UNO,FREIREMAR UNO,ESP,1b1ae01c8-8325-b395-999f-c0facd94a71b,102,7,2017-02-18 22:05:44+00:00,2023-09-18 22:24:21+00:00,1,0,1,11,6,2018 | 2020 | 2021 | 2022 | 2023 | 2024,2018-02,2024-01,,,,,Not queried; sample limited to top 20 MMSI by gaps
412329687,LU QING YUAN YU 206,LU QING YUAN YU 206,CHN,70712a8e2-25f9-f99f-8d4a-a5cba39a9541 | d372b84d8-82f5-034c-894a-4b1412421122 | e30722ac4-4b94-b7f4-0b94-bbcaf9640cb7,99,5,2017-05-08 22:28:23+00:00,2022-12-20 18:09:00+00:00,0,0,0,4,3,2017 | 2024 | 2026,2017-05,2026-05,,,,,Not queried; sample limited to top 20 MMSI by gaps
412331067,LURONGYUANYU801,LURONGYUANYU801,CHN,9b2b0c06e-ebc0-9a39-e6db-041679647bcf,97,4,2017-01-11 19:24:53+00:00,2020-04-22 10:53:17+00:00,0,0,0,4,3,2017 | 2020 | 2026,2017-07,2026-05,,,,,Not queried; sample limited to top 20 MMSI by gaps
224967000,COSTA DO CABO,COSTA DO CABO,ESP,65e5926c0-01b4-3afb-ace4-6941014ee65c,96,6,2017-05-25 19:52:55+00:00,2022-06-28 13:12:01+00:00,1,0,1,5,4,2017 | 2018 | 2019 | 2022,2017-05,2022-03,,,,,Not queried; sample limited to top 20 MMSI by gaps
224978000,MANUEL ANGEL NORES,MANUEL ANGEL NORES,ESP,030afcd8e-ef57-d4cd-aa77-445f14ba8e37 | 3461c2987-7e50-d322-3b29-c21548aafded,96,9,2017-02-27 01:01:29+00:00,2026-07-11 19:48:59+00:00,0,0,0,8,4,2017 | 2018 | 2019 | 2022,2017-03,2022-12,,,,,Not queried; sample limited to top 20 MMSI by gaps
412331071,LURONGYUANYU806,LU RONG YUAN YU806 | LURONGYUANYU806,CHN,ae3f31719-9b0e-488e-04dc-49526e47c90f | e3059fb57-7b72-3a5d-e125-4356642dd954,95,7,2017-03-05 12:14:17+00:00,2023-02-07 15:32:06+00:00,0,0,0,8,7,2017 | 2018 | 2019 | 2020 | 2023 | 2024 | 2026,2017-11,2026-05,,,,,Not queried; sample limited to top 20 MMSI by gaps
224301000,IVAN NORES,IVAN NORES | IVAN.NORES,ESP,6a16e7b87-7ce2-f56b-43a1-552efb0ea46a | d9dace2c7-7a8a-6383-4b0a-8ed031190905 | f4ae7ca0a-abdc-ae7b-5545-f3e8f72a546b,94,4,2018-03-12 15:33:36+00:00,2021-12-18 17:57:32+00:00,0,1,1,10,3,2018 | 2019 | 2020,2018-07,2020-09,,,,,Not queried; sample limited to top 20 MMSI by gaps
701006043,STELLA MARIS I,STELLA MARIS I,ARG,8013c6ee7-7357-e83d-7a5d-b88650915ea3 | 9534a20db-bd61-f689-1965-2563a30934dc,94,5,2017-05-20 03:31:38+00:00,2021-04-30 21:43:05+00:00,88,87,90,63,8,2017 | 2018 | 2019 | 2020 | 2021 | 2022 | 2025 | 2026,2017-01,2026-08,,,,,Not queried; sample limited to top 20 MMSI by gaps
224540000,PESCA VAQUEIRO,PESCA VAQUEIRO,ESP,1bf4d8d46-643f-e2a9-64e9-768a543d3927 | e493a7a3f-fc4a-6f59-1290-232ff72893b2,90,7,2017-01-16 12:09:01+00:00,2023-03-09 21:24:10+00:00,0,0,0,14,9,2017 | 2018 | 2019 | 2020 | 2021 | 2022 | 2024 | 2025 | 2026,2017-11,2026-07,,,,,Not queried; sample limited to top 20 MMSI by gaps
412333345,LURONGYUANYU709,LURONGYUANYU709 | SHENG YANG 6,CHN,08b2b8ce6-60c3-ff4c-9949-361e14c707c4 | 34c2de0cb-b15c-97e0-d605-dc783a3feb64 | d944f4722-26cb-974d-dd35-d327ecd2ca2e,90,8,2017-12-31 01:55:27+00:00,2026-03-24 11:05:28+00:00,0,0,0,10,5,2018 | 2020 | 2022 | 2024 | 2026,2018-05,2026-05,,,,,Not queried; sample limited to top 20 MMSI by gaps
224559000,PLAYA DE RODAS,PLAYA DE RODAS,ESP,3b8344313-3a62-f829-1b32-3d6729682285 | d98befd23-36c7-7668-9053-4cd0382d8cfa,86,7,2017-03-19 07:44:18+00:00,2025-09-26 18:08:21+00:00,2,0,2,15,7,2017 | 2018 | 2019 | 2020 | 2022 | 2023 | 2024,2017-01,2024-07,,,,,Not queried; sample limited to top 20 MMSI by gaps
412420461,ZHE PU YUAN 68,ZHE PU YUAN 68,CHN,7a312ba23-3e66-e19f-85ee-3afcc2b49ab5,85,6,2017-12-10 16:13:58+00:00,2022-05-01 19:17:42+00:00,1,1,1,14,9,2017 | 2018 | 2019 | 2020 | 2021 | 2023 | 2024 | 2025 | 2026,2017-05,2026-04,,,,,Not queried; sample limited to top 20 MMSI by gaps
900000000,LU QING YUAN YU 210,ALALUGA III | COSTANEVES CN | LU PENG YUAN YU 027 | LU QING YUAN YU 209 | LU QING YUAN YU 210,UNKNOWN,0faf0f417-7237-fe5a-36f5-b1d9bcc3fa25 | 2c7e3034d-df06-f3ee-c7cd-7bd2f5a1b458 | 488b3f335-5a3e-24d5-57c9-32d0ae161bfa | 76d8910ca-ab5b-f1ee-46e7-6189bcf26cc4 | 946ab0bbb-bffc-9ca8-a2f9-c6c8b8374bc7 | b6133df8b-bc98-174b-1058-efe301d9bfd9 | feab55f48-84f0-d90b-089e-9ab661fb6839,81,4,2018-02-10 22:46:16+00:00,2024-11-29 17:03:34+00:00,0,0,0,0,0,,,,,,,,Not queried; sample limited to top 20 MMSI by gaps
412328788,LURONGYUANYU333,LURONGYUANYU333,CHN,b4658cb05-51b0-bc1f-0d34-ece7ef03c739 | b51a0cc35-5151-5952-5c21-be5ea700bea9,80,2,2021-02-08 22:56:12+00:00,2022-04-23 07:40:41+00:00,0,0,0,2,2,2023 | 2024,2023-06,2024-03,,,,,Not queried; sample limited to top 20 MMSI by gaps
440203000,KINGSTAR,KINGSTAR,KOR,e908103e6-612e-2de0-8d4d-6a532071be24,79,9,2017-04-19 16:29:49+00:00,2026-07-06 06:49:29+00:00,0,1,1,31,10,2017 | 2018 | 2019 | 2020 | 2021 | 2022 | 2023 | 2024 | 2025 | 2026,2017-04,2026-08,,,,,Not queried; sample limited to top 20 MMSI by gaps
224526000,FAKIR,FAKIR,ESP,a11faae1b-ba49-5efd-f737-ab722ad1ac2c | e9271dc95-5aee-3ea2-dbc5-d6ae8a15be8b,76,8,2017-01-08 05:44:34+00:00,2026-01-28 06:20:16+00:00,0,0,0,29,9,2017 | 2019 | 2020 | 2021 | 2022 | 2023 | 2024 | 2025 | 2026,2017-03,2026-04,,,,,Not queried; sample limited to top 20 MMSI by gaps
224506000,LOITADOR,LOITADOR,ESP,0107f3a1d-d8f5-38cc-1273-8e6e25959cf0 | c73d14ecc-caf9-3c90-6d4f-e33c23c5ba4b | d923a79d1-1d02-af0e-c527-a21a81004b13,75,8,2017-05-23 12:44:45+00:00,2025-03-24 16:30:01+00:00,0,0,0,11,8,2017 | 2018 | 2021 | 2022 | 2023 | 2024 | 2025 | 2026,2017-06,2026-08,,,,,Not queried; sample limited to top 20 MMSI by gaps
701000735,CERES,CERES,ARG,ba75777e6-6485-abbd-1c92-f57111d251ef,75,7,2019-10-21 09:11:34+00:00,2025-07-02 15:48:50+00:00,63,55,65,109,10,2017 | 2018 | 2019 | 2020 | 2021 | 2022 | 2023 | 2024 | 2025 | 2026,2017-01,2026-08,,,,,Not queried; sample limited to top 20 MMSI by gaps
701038000,DON NICOLA,DON NICOLA,ARG,97707451f-f6b1-62b4-ad3d-e3a6041d9683 | c95eaa6af-f1b1-7f07-20bb-4558540c3eb5 | dd882014a-afba-9eb4-0b1a-26d547bca15a,75,9,2017-08-31 05:02:13+00:00,2026-05-25 20:57:59+00:00,75,75,75,106,10,2017 | 2018 | 2019 | 2020 | 2021 | 2022 | 2023 | 2024 | 2025 | 2026,2017-01,2026-06,,,,,Not queried; sample limited to top 20 MMSI by gaps
412420377,ZHAN HAI 007,030 | ZHAN HAI 007 | ZHANHAI007@ 52 | ZHE PU YUAN 52,CHN,7e0ecd2c3-3488-be06-1d08-d4e7e8bd832e | 935cd22cd-d9b4-9ad1-c8b8-94fc9fcf4400 | bf710ad5c-c6d6-8f30-7ff1-4fc81b26d455 | c86451aa5-535b-c3dc-5d2e-fd962aba96f7 | f11617b11-101a-cb23-2cf5-cbe00a6175b8 | ffe7c5c49-924b-dccc-c043-0b0a50be34ac,71,8,2017-02-10 15:49:27+00:00,2024-05-09 04:44:12+00:00,1,0,1,9,6,2017 | 2019 | 2020 | 2021 | 2023 | 2024,2017-05,2024-03,,,,,Not queried; sample limited to top 20 MMSI by gaps
224378000,PARADANTA PRIMERO,PARADANTA PRIMERO,ESP,6f912b524-426d-e3b4-5ba0-8922681021f8,69,6,2017-01-28 12:31:13+00:00,2022-03-27 19:10:15+00:00,0,1,1,21,8,2017 | 2019 | 2020 | 2021 | 2022 | 2023 | 2024 | 2026,2017-02,2026-05,,,,,Not queried; sample limited to top 20 MMSI by gaps
412331066,LU RONG YUAN YU 897,LU RONG YUAN YU 897 | RONG YUAN YU 897,CHN,0e3b5cf6c-c5eb-9f07-3545-bd035ed87b72 | dfcfa0dd2-28cd-41f6-835f-9d7cb5c4cda5,64,6,2019-01-23 05:54:28+00:00,2025-05-08 19:30:20+00:00,1,0,1,8,6,2019 | 2020 | 2023 | 2024 | 2025 | 2026,2019-01,2026-05,,,,,Not queried; sample limited to top 20 MMSI by gaps
412420315,JIA DE 6,JIA DE 6,CHN,18811490f-f8fe-ba91-4318-11faa04e98a7,64,5,2018-02-10 06:40:50+00:00,2025-05-06 21:22:55+00:00,0,0,0,20,10,2017 | 2018 | 2019 | 2020 | 2021 | 2022 | 2023 | 2024 | 2025 | 2026,2017-01,2026-05,,,,,Not queried; sample limited to top 20 MMSI by gaps
412421059,NING TAI 76,NING TAI 76,CHN,80a5092e6-6cd8-3556-5b69-b287d0bd3a00 | 9bcd7e440-0bee-369b-58f9-20499b713ed6 | ea99913f6-6801-b4f2-ee33-7ec1ddaf34f4,64,9,2017-12-11 11:36:35+00:00,2025-06-10 01:17:15+00:00,1,0,1,19,9,2017 | 2018 | 2019 | 2020 | 2022 | 2023 | 2024 | 2025 | 2026,2017-12,2026-05,,,,,Not queried; sample limited to top 20 MMSI by gaps
412328765,HAI YANG 5,HAI YANG 5 | SHUN ZE 66,CHN,5fa2ebced-da4f-9280-9d9d-d0f8a7ce542e | 994c630d6-6e9e-b40d-045e-54b9a4338e94 | f5f217b2a-a462-352a-5479-ddf66fea68db,63,8,2017-03-09 03:21:27+00:00,2026-03-21 12:10:15+00:00,0,0,0,15,8,2017 | 2018 | 2019 | 2020 | 2022 | 2024 | 2025 | 2026,2017-10,2026-05,,,,,Not queried; sample limited to top 20 MMSI by gaps
312872000,SANTA ISABEL,SANTA ISABEL,BLZ,6010794cf-f6d9-79b5-6594-54ece9f7d6ab | 601902707-7ed3-ffa4-5b7a-d750938a4bc5 | d9c57686f-f821-ae39-9763-14ccd12ddb7b,61,4,2019-01-12 20:14:04+00:00,2023-03-19 02:28:35+00:00,1,0,1,17,4,2018 | 2019 | 2020 | 2023,2018-03,2023-01,,,,,Not queried; sample limited to top 20 MMSI by gaps
701007001,SUENO REAL,SUENO REAL,ARG,5d6e5ee82-2b76-0954-bc44-dd4ad14bc611,61,7,2019-11-13 19:24:34+00:00,2025-02-18 16:13:46+00:00,42,51,54,73,7,2019 | 2020 | 2021 | 2022 | 2023 | 2024 | 2025,2019-07,2025-11,,,,,Not queried; sample limited to top 20 MMSI by gaps
770576463,KALATXORI,KALATXORI,URY,9506b310b-bbdf-2487-48b3-3afbaf40df10,61,7,2019-07-11 18:41:22+00:00,2026-08-27 12:39:59+00:00,12,6,15,33,8,2019 | 2020 | 2021 | 2022 | 2023 | 2024 | 2025 | 2026,2019-05,2026-08,,,,,Not queried; sample limited to top 20 MMSI by gaps
232045897,LILIBET,LILIBET,GBR,e817c8484-4541-f216-b577-755bff5dd1bf,60,4,2023-04-14 07:19:00+00:00,2026-08-31 18:40:28+00:00,0,0,0,0,0,,,,,,,,Not queried; sample limited to top 20 MMSI by gaps
312397000,PRAIA DE SANTA CRUZ,PRAIA DE SANTA CRUZ,BLZ,f9019a238-860d-e41c-db6a-e8e5a717c035,59,3,2018-04-14 02:25:01+00:00,2021-07-23 22:30:09+00:00,0,0,0,10,3,2018 | 2019 | 2021,2018-03,2021-06,,,,,Not queried; sample limited to top 20 MMSI by gaps
412328762,LU RONG YUAN YU 779,LU RONG YUAN YU 779,CHN,400bcbe68-86da-d078-a18f-6af714e312fa | b41f0e205-55cc-ebf5-c880-3b0d31b3ee03,59,6,2017-01-29 06:19:09+00:00,2026-03-03 22:11:21+00:00,0,0,0,7,6,2019 | 2020 | 2021 | 2023 | 2024 | 2026,2019-05,2026-05,,,,,Not queried; sample limited to top 20 MMSI by gaps
412421057,HUALI28,HUALI28,CHN,5b8ef861e-ed15-75e1-561e-0c56a68b79ae,59,5,2018-01-12 20:13:31+00:00,2026-03-25 14:37:36+00:00,0,1,1,14,9,2017 | 2018 | 2019 | 2020 | 2021 | 2023 | 2024 | 2025 | 2026,2017-12,2026-04,,,,,Not queried; sample limited to top 20 MMSI by gaps
701006235,PORTOBELO I,PORTOBELO I | PORTOBELO1,ARG,d7a48e124-4cfd-eb71-7638-cb1d8cf1e3ce | f06db6778-82fe-0a5f-259b-8c47173a98d2,59,9,2018-03-01 05:27:42+00:00,2026-04-20 08:04:49+00:00,51,53,55,110,10,2017 | 2018 | 2019 | 2020 | 2021 | 2022 | 2023 | 2024 | 2025 | 2026,2017-05,2026-08,,,,,Not queried; sample limited to top 20 MMSI by gaps
412439617,YONG FA NO.5,YONG FA NO.5,CHN,355ed3cbd-d282-ffa6-98ef-da37dbc8f728,58,4,2017-02-07 02:16:15+00:00,2020-04-24 19:43:54+00:00,0,0,0,1,1,2018,2018-02,2018-02,,,,,Not queried; sample limited to top 20 MMSI by gaps
412331069,LURONGYUANYU805,LURONGYUANYU805,CHN,f256dcabc-c6d7-c46e-d76e-bebbf9fdd47c,57,5,2017-02-28 21:16:54+00:00,2021-06-22 13:15:30+00:00,0,0,0,8,7,2017 | 2019 | 2020 | 2021 | 2023 | 2024 | 2026,2017-07,2026-05,,,,,Not queried; sample limited to top 20 MMSI by gaps
710045515,PRINCIPE DA PAZ J I,PRINCIPE DA PAZ J I,BRA,a64f59955-50db-f2b1-66a5-257950ae2c75,57,4,2023-10-03 06:09:41+00:00,2026-05-03 22:48:00+00:00,0,0,0,0,0,,,,,,,,Not queried; sample limited to top 20 MMSI by gaps
412439575,HAIZHIXING801,HAIZHIXING801,CHN,0dca6ae9c-c621-4921-2d8a-bcdbe3190c2d,54,4,2017-12-16 02:37:25+00:00,2020-05-28 19:13:59+00:00,0,0,0,21,9,2017 | 2018 | 2019 | 2020 | 2022 | 2023 | 2024 | 2025 | 2026,2017-04,2026-05,,,,,Not queried; sample limited to top 20 MMSI by gaps
770576346,RIO SOLIS III,RIO SOLIS III,URY,1aa70c1a8-8625-ab40-ab37-3c41db14e7af,54,8,2017-11-16 11:33:09+00:00,2024-09-05 06:38:18+00:00,8,11,14,73,10,2017 | 2018 | 2019 | 2020 | 2021 | 2022 | 2023 | 2024 | 2025 | 2026,2017-03,2026-08,,,,,Not queried; sample limited to top 20 MMSI by gaps
701000570,TABEIRON TRES,TABEIRON TRES,ARG,2c8b21cb7-703d-d020-a199-e9c34ef94d5a | 437246686-6f06-7aa3-d740-f5ea4233e9c9 | a13f2e715-5963-5893-3d17-e496bf82816a,53,9,2018-02-27 15:16:05+00:00,2026-06-22 23:18:40+00:00,49,50,52,107,10,2017 | 2018 | 2019 | 2020 | 2021 | 2022 | 2023 | 2024 | 2025 | 2026,2017-01,2026-08,,,,,Not queried; sample limited to top 20 MMSI by gaps
412420418,ZHOU HONG YUA 2,ZHOU HONG YUA 2 | ZHOUHONGYUAN2,CHN,1541b939f-fdd5-91d1-7d7d-d3e7a635e855 | 1e761c8f0-077c-e78c-5b22-f22db6808cd9,52,4,2017-05-04 04:12:46+00:00,2020-05-04 03:09:57+00:00,1,0,1,21,9,2017 | 2018 | 2019 | 2020 | 2021 | 2023 | 2024 | 2025 | 2026,2017-05,2026-03,,,,,Not queried; sample limited to top 20 MMSI by gaps
412677320,JING YUAN 601,JING YUAN 601,CHN,170020ebb-b587-86af-eec2-be7027c16800 | 1e3baf104-471e-0320-bdd4-36827276d0b3 | 5d5edb7a1-13eb-180e-ae84-b2e426cc0b90,52,7,2018-01-15 18:02:03+00:00,2026-04-05 14:00:46+00:00,1,1,1,13,8,2019 | 2020 | 2021 | 2022 | 2023 | 2024 | 2025 | 2026,2019-04,2026-07,,,,,Not queried; sample limited to top 20 MMSI by gaps
412333274,LU RONG YUAN YU 538,LU RONG YUAN YU 538,CHN,45db620b8-8dba-670e-ecd7-f21bf6b21945,51,4,2018-02-03 20:09:32+00:00,2021-03-22 23:15:43+00:00,0,0,0,4,2,2018 | 2020,2018-05,2020-12,,,,,Not queried; sample limited to top 20 MMSI by gaps
412333344,LURONGYUANYU708,LURONGYUANYU708 | SHENGYANG5,CHN,3e9e22c73-3167-c558-60f0-8258e77a0674 | d1799b4aa-a884-ec59-245e-47e81e46b137,51,4,2018-03-30 23:22:42+00:00,2026-03-25 19:45:57+00:00,1,0,1,12,5,2018 | 2020 | 2022 | 2024 | 2026,2018-05,2026-06,,,,,Not queried; sample limited to top 20 MMSI by gaps
740375000,PROTEGAT,PROTEGAT,FLK,0856182fa-a0c8-8985-7b1b-3be1e86ecd9e,50,7,2017-01-19 09:13:52+00:00,2023-02-21 20:07:31+00:00,0,0,0,5,2,2018 | 2021,2018-02,2021-11,,,,,Not queried; sample limited to top 20 MMSI by gaps
412331041,LU PENG YUAN YU 029,LU PENG YUAN 029 | LU PENG YUAN YU 029,CHN,2add64392-2e6b-fe77-a277-30991e50b8c6 | 4e506a8dc-c188-0d6d-9792-b036494ab392 | 514cbcb79-995a-e66f-e296-7ab786b1c46b | 952ed626b-b39e-6e5a-a25a-20ad7eba7fcc | d198f0864-4df4-c4a6-7ed5-328f4143f184,49,7,2018-01-13 21:52:38+00:00,2026-04-02 16:35:59+00:00,0,0,0,0,0,,,,,,,,Not queried; sample limited to top 20 MMSI by gaps
412421145,SHUNZE86,SHUNZE86,CHN,eb5d19961-13db-5acd-be39-5cfa35211e3c,49,6,2019-01-18 20:38:39+00:00,2024-03-21 14:59:41+00:00,0,0,0,13,6,2019 | 2020 | 2022 | 2023 | 2024 | 2025,2019-04,2025-04,,,,,Not queried; sample limited to top 20 MMSI by gaps
412328741,LU RONG YUAN YU 777,LU RONG YUAN YU 777,CHN,b4d098f6f-f57c-19f0-05db-26e6d5339e60,47,3,2018-03-14 19:57:33+00:00,2020-04-23 17:01:24+00:00,0,0,0,6,5,2019 | 2020 | 2021 | 2024 | 2026,2019-05,2026-05,,,,,Not queried; sample limited to top 20 MMSI by gaps
441806000,SUR ESTE 709,SUR ESTE 709,KOR,169155d4b-bcae-7dd0-7354-a614db95a34e,47,2,2019-01-19 13:19:05+00:00,2020-05-28 22:06:26+00:00,0,0,0,5,2,2019 | 2020,2019-01,2020-06,,,,,Not queried; sample limited to top 20 MMSI by gaps
701000728,TOZUDO,TOZUDO,ARG,064d4bc96-6ed5-d34f-6f76-7f1599832061 | 1f08a9752-2030-bd6f-cd85-b6eb7551934c,46,9,2017-02-13 13:04:30+00:00,2026-06-20 10:25:27+00:00,46,46,46,110,10,2017 | 2018 | 2019 | 2020 | 2021 | 2022 | 2023 | 2024 | 2025 | 2026,2017-02,2026-08,,,,,Not queried; sample limited to top 20 MMSI by gaps
224701000,JOSE A NORES,JOSE A NORES | JOSE ANTONIO NORES,ESP,98b37f58b-b47f-60d7-3e2d-3de7c46ff5d0 | b8e89126b-b531-a7dd-cc15-e4249b1aa040,45,4,2017-02-02 15:44:45+00:00,2020-05-18 17:52:10+00:00,0,0,0,4,4,2017 | 2019 | 2020 | 2021,2017-12,2021-02,,,,,Not queried; sample limited to top 20 MMSI by gaps
412333275,LU RONG YUAN YU 539,LU RONG YUAN YU 539,CHN,6e2015983-3a51-8812-7f4f-80af3aa1f4c0 | 75f183877-772f-14b0-60e4-1bd4b156be58,45,4,2018-02-02 07:27:28+00:00,2021-03-31 11:39:28+00:00,0,0,0,5,4,2018 | 2020 | 2021 | 2022,2018-05,2022-04,,,,,Not queried; sample limited to top 20 MMSI by gaps
412440556,FU YUAN YU 7883,FU YUAN YU 7883,CHN,18da3a75c-c9f0-02c2-a97c-e8f4af4c2314 | 7ee4ab77b-bfd5-782f-f203-15478cedede0 | be16ce278-8227-17b9-b453-17e0c4780bd4 | c8561d8c4-4a48-2952-1da5-4f09ccb3aa77,45,7,2017-01-31 22:41:05+00:00,2024-03-11 04:59:42+00:00,1,1,1,10,6,2017 | 2019 | 2021 | 2023 | 2024 | 2025,2017-01,2025-05,,,,,Not queried; sample limited to top 20 MMSI by gaps
416004903,SHIN DAR,SHIN DAR,TWN,51a276d0c-c12e-c423-1d93-58e56298c89a | c078f081d-d52f-2f1e-61a7-b5dcd36e0f7d,45,6,2017-01-20 22:21:32+00:00,2024-02-05 20:16:00+00:00,0,0,0,0,0,,,,,,,,Not queried; sample limited to top 20 MMSI by gaps
412200335,GUOJI901,GUOJI901,CHN,808c35e01-1dc7-fc6d-8d7d-af52a6bf9342 | eedb812fc-c984-d076-a7f3-4e6c99f33669 | f7f2fbe39-9c3c-220e-a7b9-cfbda588215e,44,6,2017-03-04 16:35:55+00:00,2026-04-11 08:32:45+00:00,0,1,1,16,9,2017 | 2018 | 2019 | 2020 | 2021 | 2022 | 2023 | 2024 | 2026,2017-05,2026-05,,,,,Not queried; sample limited to top 20 MMSI by gaps
412328764,HAIYANG 6,HAIYANG 6,CHN,453bc346f-fbab-b883-0cb2-d3ea56239e9e,44,8,2017-01-06 02:39:58+00:00,2024-04-13 17:24:19+00:00,0,0,0,11,5,2018 | 2019 | 2020 | 2022 | 2024,2018-01,2024-03,,,,,Not queried; sample limited to top 20 MMSI by gaps
412421066,HAILI28,HAHHHI28 | HAILI28,CHN,526d3db6e-e7a2-7d7d-146c-eca430036959 | 6157368b7-71cb-c3c4-c9d4-a7d04a86c31a | bd125cf32-260a-3e67-1b53-a06af18e2d61 | f06dce862-29c3-70f3-2ed6-05abc7f97009,44,7,2018-03-11 20:35:03+00:00,2026-04-01 15:43:03+00:00,1,1,2,12,7,2017 | 2018 | 2021 | 2023 | 2024 | 2025 | 2026,2017-12,2026-05,,,,,Not queried; sample limited to top 20 MMSI by gaps
701148000,ANTONIA D,ANTONIA D,ARG,23419a080-0709-33f2-4f60-84afa0951445,44,5,2022-10-10 01:11:32+00:00,2026-08-13 22:01:04+00:00,42,43,43,51,5,2022 | 2023 | 2024 | 2025 | 2026,2022-06,2026-08,,,,,Not queried; sample limited to top 20 MMSI by gaps
412331052,JING YUAN 616,JING YUAN 616,CHN,693e0dd71-12b8-b0c1-13c1-20043c383cca | db8e28a6a-a250-ee0b-9a0f-7a780da81247 | dc310cc1e-e5c1-f104-a715-75e8eca812b4,43,8,2017-01-10 11:11:18+00:00,2026-03-26 20:35:27+00:00,0,0,0,2,2,2024 | 2026,2024-03,2026-05,,,,,Not queried; sample limited to top 20 MMSI by gaps
412555279,LURONGYUANYU279,LURONGYUANYU279,CHN,5e70f8858-8291-a98b-6a42-8fd5e0858ee9,43,4,2017-11-20 02:50:15+00:00,2020-04-19 09:15:30+00:00,0,0,0,2,2,2019 | 2020,2019-05,2020-01,,,,,Not queried; sample limited to top 20 MMSI by gaps
701045000,VERDEL,VERDEL,ARG,731474e0e-eab8-ebf3-4bab-8c0d1bd52cc5,43,5,2017-01-18 04:54:19+00:00,2025-05-06 00:52:08+00:00,35,38,39,116,10,2017 | 2018 | 2019 | 2020 | 2021 | 2022 | 2023 | 2024 | 2025 | 2026,2017-01,2026-08,,,,,Not queried; sample limited to top 20 MMSI by gaps
412439608,YONG FA 1,YONG FA 1,CHN,4160b1034-482f-12b9-1120-a81ffcc1e0bb,42,6,2017-04-01 18:26:06+00:00,2026-03-23 15:45:41+00:00,0,0,0,1,1,2024,2024-03,2024-03,,,,,Not queried; sample limited to top 20 MMSI by gaps
701000875,ESTHER 153,ESTHER 153,ARG,f61dcc3cd-d276-78c2-87a3-86551dd8ecf8,42,6,2018-03-21 23:04:02+00:00,2026-04-12 06:34:04+00:00,41,42,42,68,10,2017 | 2018 | 2019 | 2020 | 2021 | 2022 | 2023 | 2024 | 2025 | 2026,2017-01,2026-05,,,,,Not queried; sample limited to top 20 MMSI by gaps
701006485,PADRE PIO,PADRE PIO,ARG,1f5677be2-2daf-e786-6f5b-87018b76786b | f63a275a7-7178-e39e-34c6-cf53c73695e5 | f6ae58474-413d-0cbb-8759-4c9348d2bcab,41,6,2021-04-24 12:37:02+00:00,2026-06-05 14:50:42+00:00,41,41,41,65,6,2021 | 2022 | 2023 | 2024 | 2025 | 2026,2021-04,2026-08,,,,,Not queried; sample limited to top 20 MMSI by gaps
412209145,GUOJI907,GUOJI907,CHN,17ebc890d-de81-a7d4-19fe-5caf8d309374 | 18eb17d55-55a1-509a-56f0-ac0dcda8f306 | c7fd979d7-7b8d-f066-6508-05a0e98a8536,40,5,2017-03-05 13:55:35+00:00,2026-04-12 19:55:21+00:00,0,0,0,3,2,2018 | 2024,2018-02,2024-03,,,,,Not queried; sample limited to top 20 MMSI by gaps
412421068,HAILI 38,HAI LI 38 | HAILI 38,CHN,51f1a8cf5-5956-de9a-5579-3e48e8d5e7da | 823e32a8c-cee3-2567-36b5-37e2ee67fac0,40,6,2018-03-11 19:56:55+00:00,2024-01-02 21:30:02+00:00,0,0,0,8,6,2017 | 2021 | 2023 | 2024 | 2025 | 2026,2017-12,2026-05,,,,,Not queried; sample limited to top 20 MMSI by gaps
224463000,HERMANOS GANDON 4,HERMANOS GANDON 4,ESP,66ea7e283-3ce3-262f-b428-ce7d14c7e0c4,39,3,2019-01-05 14:44:12+00:00,2021-03-26 15:33:02+00:00,0,0,0,16,9,2018 | 2019 | 2020 | 2021 | 2022 | 2023 | 2024 | 2025 | 2026,2018-12,2026-07,,,,,Not queried; sample limited to top 20 MMSI by gaps
412331062,YUAN SHENG 6,YUAN SHENG 6 | YUANSHENG6,CHN,c9eecfcf0-0262-a19a-c3aa-021da4a58c1d | cea1ffe56-6643-cefc-7480-de03b4ddd538,39,9,2018-01-08 20:51:16+00:00,2026-03-30 23:18:48+00:00,0,0,0,15,10,2017 | 2018 | 2019 | 2020 | 2021 | 2022 | 2023 | 2024 | 2025 | 2026,2017-03,2026-05,,,,,Not queried; sample limited to top 20 MMSI by gaps
412336827,LURONGYUANYU187,LURONGYUANYU187,CHN,107bcccf7-74bc-cc1f-2f96-9323313db6ad | af1ac038a-a0b0-c6cf-25e9-68f7ac2dc8c4,39,4,2019-02-07 22:24:48+00:00,2026-04-01 10:02:02+00:00,0,0,0,10,6,2019 | 2020 | 2021 | 2023 | 2025 | 2026,2019-04,2026-05,,,,,Not queried; sample limited to top 20 MMSI by gaps
412336868,LURONGYUANYU739,LURONGYUANYU739,CHN,7ab532ec7-762b-87f4-53b0-34b09dd5d921,39,2,2020-02-07 01:57:45+00:00,2021-04-15 21:11:35+00:00,0,0,0,4,2,2020 | 2025,2020-06,2025-04,,,,,Not queried; sample limited to top 20 MMSI by gaps
412420382,MINGXIANG801,MINGXIANG801,CHN,7aec52bf1-13f8-6130-36c0-929e7a334f83,39,4,2017-03-09 03:22:03+00:00,2025-12-29 06:48:53+00:00,0,0,0,17,9,2017 | 2018 | 2019 | 2020 | 2021 | 2022 | 2023 | 2024 | 2025,2017-01,2025-12,,,,,Not queried; sample limited to top 20 MMSI by gaps
412329658,LU HUANG YUAN YU 108,LU HUANG YUAN YU 108,CHN,1a481296f-fa6b-6208-0d8f-5afac8dab5da | 42b623a10-072e-a101-f2c1-e790c43e5af6 | ba5fd1665-5eae-a68e-1871-b38eb0011001,38,5,2017-02-12 08:34:33+00:00,2026-03-26 19:41:56+00:00,0,0,0,2,2,2017 | 2025,2017-12,2025-01,,,,,Not queried; sample limited to top 20 MMSI by gaps
440755000,701 HONG JIN,701 HONG JIN,KOR,ed8964ed9-9e31-b8cb-0665-6571add7bb24,38,6,2017-09-13 09:52:21+00:00,2024-10-08 01:06:03+00:00,0,0,0,43,10,2017 | 2018 | 2019 | 2020 | 2021 | 2022 | 2023 | 2024 | 2025 | 2026,2017-01,2026-08,,,,,Not queried; sample limited to top 20 MMSI by gaps
412421144,SHUN ZE 83,SHUN ZE 83,CHN,8409fa337-7904-8ae7-d6f4-9d739da28c6a,37,2,2019-02-02 04:05:20+00:00,2020-05-23 19:49:17+00:00,0,1,1,15,7,2019 | 2020 | 2022 | 2023 | 2024 | 2025 | 2026,2019-04,2026-05,,,,,Not queried; sample limited to top 20 MMSI by gaps
701062000,INSOLITO,INSOLITO,ARG,f35d62714-49b8-37ba-0f2a-a8b36599bb17,37,7,2019-03-06 17:19:03+00:00,2025-05-06 08:57:18+00:00,31,33,35,88,9,2018 | 2019 | 2020 | 2021 | 2022 | 2023 | 2024 | 2025 | 2026,2018-10,2026-08,,,,,Not queried; sample limited to top 20 MMSI by gaps
412217992,ZHAN HAI 008,LIAOYU-8 | ZHAN HAI 008,CHN,272a84ca4-49d4-7e18-46f4-f8e7dce80d75 | df400ef67-7af7-971c-7b2f-2b5081972d8f,36,6,2017-01-25 00:55:24+00:00,2026-01-31 03:41:12+00:00,1,0,1,9,5,2017 | 2018 | 2020 | 2023 | 2026,2017-03,2026-05,,,,,Not queried; sample limited to top 20 MMSI by gaps
412328786,WEIYU16,WEIYU16,CHN,79c526386-6a55-0870-8b2d-29744db103c9,36,3,2017-01-04 22:34:25+00:00,2019-03-17 05:05:11+00:00,0,0,0,8,5,2017 | 2018 | 2019 | 2020 | 2021,2017-05,2021-12,,,,,Not queried; sample limited to top 20 MMSI by gaps
710732194,TIO PRETO,TIO PRETO,BRA,194250f0c-c2d3-8cb5-3311-92acf7be957f,36,3,2020-10-12 14:50:02+00:00,2022-06-10 18:45:19+00:00,0,0,0,0,0,,,,,,,,Not queried; sample limited to top 20 MMSI by gaps
412329635,LU PENG YUAN YU 018,LU PENG YUAN YU 018 | SHUN HANG 79,CHN,daeff8e07-7ca1-69a4-c3eb-890fb0c7292d | ece9b1311-1c1a-370d-d4b0-796bba71d36f,35,5,2018-02-10 21:08:47+00:00,2026-04-23 04:21:39+00:00,0,0,0,1,1,2026,2026-05,2026-05,,,,,Not queried; sample limited to top 20 MMSI by gaps
701000962,75 TAE BAEK,75 TAE BAEK,ARG,b6ad6c3b4-4662-a487-9443-e6ac76bd5e5c,35,4,2020-05-30 22:54:59+00:00,2025-05-29 07:54:26+00:00,35,32,35,86,10,2017 | 2018 | 2019 | 2020 | 2021 | 2022 | 2023 | 2024 | 2025 | 2026,2017-02,2026-08,,,,,Not queried; sample limited to top 20 MMSI by gaps
412217993,LIAO YU 9,LIAC YU 9 | LIAO YU 9 | LIAO YU9,CHN,56570ce4d-d0db-245e-62be-2c0ec0d50ae1 | 6dfe752ca-a548-ede0-83d7-a5881b6889e2 | 728d62da1-1191-05be-e5a7-8461e58e1482 | abf0fcb00-0398-0979-6236-20edba85cc9d | ce32d7c74-4197-4e86-d91a-bd2846a1f820 | f1cd28364-4aa2-ab4b-b5c7-048d052f7f54,34,5,2017-01-24 22:29:28+00:00,2023-04-09 12:39:06+00:00,0,0,0,7,4,2017 | 2018 | 2020 | 2023,2017-04,2023-04,,,,,Not queried; sample limited to top 20 MMSI by gaps
412421005,SHUN XING 16,SHUN HANG 16 | SHUN HANG16 | SHUN XING 16,CHN,28f960898-8bd3-4fe0-367a-04bc9873cb4a | 3de517f31-1c99-2ed0-c82b-f1d7b578d757 | 45a60bded-d31e-74c1-e121-951760ff636c | b57accbca-a9df-10ec-bf00-5f96a8ba3866,34,5,2017-05-02 01:41:34+00:00,2026-02-19 06:52:04+00:00,0,1,1,19,9,2017 | 2018 | 2019 | 2020 | 2021 | 2023 | 2024 | 2025 | 2026,2017-05,2026-04,,,,,Not queried; sample limited to top 20 MMSI by gaps
412421047,DONG ZHOU 21,DONG ZHOU 21,CHN,30a845f9b-b631-2d28-8421-f5ad8726e092,34,6,2018-02-03 17:44:21+00:00,2026-03-16 14:39:35+00:00,0,0,0,14,8,2017 | 2018 | 2019 | 2020 | 2021 | 2023 | 2024 | 2025,2017-05,2025-12,,,,,Not queried; sample limited to top 20 MMSI by gaps
416545000,MING MAN,MING MAN,TWN,043ea871f-fd72-f685-4db2-a9b635307eca | af3036c3e-ee90-e52c-b67b-51f98aef876f,34,8,2017-03-24 16:16:34+00:00,2024-01-27 07:50:23+00:00,1,0,1,4,4,2018 | 2019 | 2020 | 2021,2018-02,2021-01,,,,,Not queried; sample limited to top 20 MMSI by gaps
600000000,LU QING YUAN YU 206,LU QING YUAN YU 206,UNKNOWN,34337f0f3-3812-6b59-ed1f-c6d87e4c65b8,34,2,2019-03-31 20:10:04+00:00,2020-02-19 15:27:53+00:00,0,0,0,0,0,,,,,,,,Not queried; sample limited to top 20 MMSI by gaps
770576080,RIO SOLIS,RIO SOLIS,URY,787049616-6df9-7457-0e71-e382cce66290,34,6,2018-11-08 14:04:25+00:00,2026-08-21 08:55:41+00:00,24,22,26,47,7,2018 | 2019 | 2020 | 2021 | 2024 | 2025 | 2026,2018-06,2026-08,,,,,Not queried; sample limited to top 20 MMSI by gaps
108010071,IAN CARLOS S B6,IAN CARLOS S B6,UNKNOWN,bc2b13814-4a1d-561c-c6c4-244766ef99ce,33,5,2021-11-24 19:32:14+00:00,2025-08-31 07:06:44+00:00,0,0,0,0,0,,,,,,,,Not queried; sample limited to top 20 MMSI by gaps
312411000,JOANA PRINCESA <<,JOANA PRINCESA <<,BLZ,79f37889d-d332-1423-c250-434cbe5acb7d,33,2,2018-07-08 08:03:32+00:00,2019-07-22 13:44:08+00:00,1,1,2,9,2,2018 | 2019,2018-05,2019-07,,,,,Not queried; sample limited to top 20 MMSI by gaps
412200336,GUOJI902,GUOJI902,CHN,63b41870a-a0e1-2f97-b340-90006ab86604,33,6,2018-04-05 21:37:30+00:00,2026-03-28 08:00:46+00:00,0,0,0,13,9,2017 | 2018 | 2019 | 2020 | 2021 | 2022 | 2023 | 2024 | 2026,2017-05,2026-05,,,,,Not queried; sample limited to top 20 MMSI by gaps
412326887,TAI XING  1,TAI XING  1,CHN,3f96cff4a-a017-39fd-61c1-bf33962d9e13,33,4,2017-01-26 03:05:44+00:00,2020-05-26 20:22:19+00:00,0,0,0,7,4,2018 | 2020 | 2025 | 2026,2018-05,2026-05,,,,,Not queried; sample limited to top 20 MMSI by gaps
412328785,WEIYU18,SHUNZE76 | WEIYU18,CHN,02e399298-8e9d-2bb3-a84b-0072144e8cf0 | ae81fe0fa-a3ca-9f6b-4ff9-1a03bbbf4f28,33,5,2017-01-19 03:17:20+00:00,2026-04-11 15:55:59+00:00,0,0,0,14,9,2017 | 2018 | 2019 | 2020 | 2021 | 2023 | 2024 | 2025 | 2026,2017-05,2026-05,,,,,Not queried; sample limited to top 20 MMSI by gaps
412329696,LU RONG YUAN YU 898,LU RONG YUAN YU 898,CHN,1b7f07bdf-fe7e-679f-be79-37ecefecdd35 | d064bfae2-269b-6c85-e8e2-19898bdfab44,33,5,2018-01-17 15:39:40+00:00,2024-01-28 21:17:36+00:00,0,0,0,3,3,2018 | 2023 | 2026,2018-06,2026-05,,,,,Not queried; sample limited to top 20 MMSI by gaps
412331209,LU RONG YUAN YU 883,LU RONG YUAN YU 883,CHN,2085be3a7-76c9-c2e2-7ede-71fd76fd51f2,33,5,2018-11-10 18:13:03+00:00,2022-05-02 22:05:55+00:00,0,0,0,7,6,2019 | 2020 | 2023 | 2024 | 2025 | 2026,2019-02,2026-05,,,,,Not queried; sample limited to top 20 MMSI by gaps
412420417,ZHOUHONGYUAN1,ZHOUHONGYUAN1,CHN,346e2c994-412e-b20d-b69c-379d6c7ac3d7 | 63aa4746d-df65-9cd4-fbec-14731b2e098d | d457fd856-60d9-83b6-743d-776e48ca9ac2,33,4,2018-01-07 00:03:18+00:00,2024-03-07 14:26:38+00:00,0,0,0,9,7,2017 | 2018 | 2020 | 2021 | 2023 | 2024 | 2025,2017-12,2025-11,,,,,Not queried; sample limited to top 20 MMSI by gaps
412424702,JIADE21,JIADE21,CHN,8d495a76f-f736-2273-f7bb-e1330cf84f3e | 9d81d922d-d573-a269-bcf7-1e7f87ff7c3e,33,4,2017-02-27 15:22:15+00:00,2021-12-31 06:00:04+00:00,1,1,1,15,7,2017 | 2018 | 2019 | 2021 | 2023 | 2024 | 2025,2017-01,2025-04,,,,,Not queried; sample limited to top 20 MMSI by gaps
412549292,LU PENG YUAN YU 098,LU PENG YUAN YU 098,CHN,182141068-8cb2-4514-ffe2-2b4edc733c86 | c5331a13a-a188-f50a-a48b-fa9ca40275b5,33,3,2021-02-24 03:27:28+00:00,2026-03-28 03:15:08+00:00,0,0,0,1,1,2024,2024-03,2024-03,,,,,Not queried; sample limited to top 20 MMSI by gaps
412331073,LURONGYUANYU805,LURONGYUANYU805 | LURONGYUANYU809,CHN,7592b6706-6718-e6a8-aa66-a5252ae980ed | a4b329f4e-edf6-31c3-7152-90bc8f88a438,32,5,2018-04-23 20:24:18+00:00,2023-03-22 23:01:41+00:00,0,0,0,14,7,2017 | 2019 | 2021 | 2023 | 2024 | 2025 | 2026,2017-05,2026-05,,,,,Not queried; sample limited to top 20 MMSI by gaps
412331087,LU HUANG YUAN YU 117,LU HUANG YUAN YU 117,CHN,a8bd76208-81c8-f2ea-de95-a75731cadec8,32,5,2017-02-25 00:54:06+00:00,2025-02-25 21:24:56+00:00,0,0,0,1,1,2026,2026-05,2026-05,,,,,Not queried; sample limited to top 20 MMSI by gaps
412549054,RUN DA 613,RUN DA 613,CHN,900d2fc18-8b11-1c40-576a-8a4d1141f064 | ce33569a0-020a-4666-cb82-fdf3cdf4dc26 | f016d0fee-e32d-559c-a81b-c4f29a4490e3,32,6,2020-02-16 01:33:46+00:00,2026-03-13 14:28:22+00:00,0,1,1,13,7,2020 | 2021 | 2022 | 2023 | 2024 | 2025 | 2026,2020-04,2026-05,,,,,Not queried; sample limited to top 20 MMSI by gaps
412549073,LU QING YUAN YU 227,LU QING YUAN YU 227,CHN,35d70898e-ea36-6cd2-9027-5d6dad6b47d2,32,1,2020-01-19 09:57:20+00:00,2020-05-25 20:35:00+00:00,0,0,0,1,1,2026,2026-05,2026-05,,,,,Not queried; sample limited to top 20 MMSI by gaps
701000533,JUPITER II,JUPITER II,ARG,e3871ccd3-3170-a5c6-5af0-7012d74cd623,32,8,2018-10-13 14:31:34+00:00,2026-08-27 21:24:00+00:00,32,32,32,97,9,2018 | 2019 | 2020 | 2021 | 2022 | 2023 | 2024 | 2025 | 2026,2018-05,2026-08,,,,,Not queried; sample limited to top 20 MMSI by gaps
701006605,CAPESANTE,CAPESANTE,ARG,de8a03acd-dc6c-8e08-2867-24e55ffc0017,32,8,2018-01-15 14:55:02+00:00,2026-07-03 16:44:01+00:00,32,32,32,115,10,2017 | 2018 | 2019 | 2020 | 2021 | 2022 | 2023 | 2024 | 2025 | 2026,2017-01,2026-08,,,,,Not queried; sample limited to top 20 MMSI by gaps
412420789,MINGXIANG817,MINGXIANG817,CHN,19446c079-90d1-d54b-6362-8775d746c88b | 4327086ac-c21e-695d-24c5-99082efe396e,31,5,2017-02-25 13:44:53+00:00,2023-03-31 12:42:33+00:00,0,0,0,11,6,2017 | 2018 | 2019 | 2021 | 2022 | 2023,2017-01,2023-01,,,,,Not queried; sample limited to top 20 MMSI by gaps
412549071,LU QING YUAN YU 225,LU QING YUAN YU 225,CHN,ed3216ae8-8177-4e58-e032-f498deac325c,31,1,2020-01-18 00:54:13+00:00,2020-05-25 20:41:12+00:00,0,0,0,2,2,2024 | 2026,2024-03,2026-05,,,,,Not queried; sample limited to top 20 MMSI by gaps
701006057,SAN PASCUAL,SAN PASCUAL,ARG,4d4b99b00-0167-2238-f2fe-63e777d96ed2,31,6,2018-11-23 18:33:18+00:00,2026-08-13 19:10:25+00:00,31,31,31,88,9,2018 | 2019 | 2020 | 2021 | 2022 | 2023 | 2024 | 2025 | 2026,2018-07,2026-08,,,,,Not queried; sample limited to top 20 MMSI by gaps
701006119,ARBUMASA XXVIII,ARBUMASA XXVIII,ARG,412e095c6-6178-97b7-06ac-e1f6dd4cb199,31,4,2023-02-10 11:52:00+00:00,2026-04-20 20:35:09+00:00,30,31,31,89,10,2017 | 2018 | 2019 | 2020 | 2021 | 2022 | 2023 | 2024 | 2025 | 2026,2017-01,2026-08,,,,,Not queried; sample limited to top 20 MMSI by gaps
719271494,TIO PRETO,DOM ISAC | TIO PRETO,UNKNOWN,1f0aad62d-d937-355f-47cb-4a0583e829f5 | 9014b47c6-6be5-002b-fc45-a5b4e3b4c8eb,31,2,2022-07-14 01:04:03+00:00,2023-12-08 21:32:41+00:00,0,0,0,0,0,,,,,,,,Not queried; sample limited to top 20 MMSI by gaps
770576401,CANADIAN SPIRIT,CANADIAN SPIRIT,URY,3c8870ee8-875a-2a89-fe82-843b5305d612,31,5,2017-07-03 20:12:00+00:00,2023-12-06 17:07:57+00:00,0,0,0,5,2,2023 | 2024,2023-07,2024-08,,,,,Not queried; sample limited to top 20 MMSI by gaps
412326889,YONG XING 1,YONG | YONG XING | YONG XING  1 | YONG XING 1 | YONG XING OK,CHN,10e3a1d67-7f75-0978-bfb4-938bd5cb4615 | 6c0d2307a-a672-880e-8b2c-56802ff594d5 | a4ea36beb-b79a-4d91-2ba2-d70a59235d8f | a72a67600-0a25-473c-dbb8-4164715a2bca | b314f9025-5db5-d221-c7e6-e646f1d82b05 | b93e92055-55b3-6884-0037-951b68ec91c3 | ca969f19d-dd5f-6aad-0ccb-2c9b5cac0b02,30,4,2017-01-04 21:50:04+00:00,2020-03-05 18:18:32+00:00,0,0,0,9,5,2018 | 2020 | 2024 | 2025 | 2026,2018-05,2026-05,,,,,Not queried; sample limited to top 20 MMSI by gaps
701117000,MARIA ALEJANDRA 1,MARIA ALEJANDRA 1,ARG,c1a85fa61-14a2-47d7-aa3c-47aa3027b1c6,30,2,2018-07-29 02:18:20+00:00,2019-05-10 07:12:55+00:00,30,30,30,99,9,2018 | 2019 | 2020 | 2021 | 2022 | 2023 | 2024 | 2025 | 2026,2018-04,2026-08,,,,,Not queried; sample limited to top 20 MMSI by gaps
412331038,LU PENG YUAN YU 019,LU PENG YUAN YU 019,CHN,3dad49b0b-b2e0-9347-0c4c-e39fea560f9f | 755a48dd4-4bee-4bcf-7b5f-9baea058fc7b,29,6,2017-12-30 12:51:12+00:00,2026-03-28 12:11:09+00:00,0,0,0,1,1,2024,2024-03,2024-03,,,,,Not queried; sample limited to top 20 MMSI by gaps
412331061,LU PENG YUAN YU 079,LU PENG YUAN YU 079 | LUPENGYUANYU079,CHN,0240d3b96-6842-2b7f-13db-bb9344a0f4ac | 8df8edee9-9f88-9dda-d274-bfaa74f706a4 | b51a1d6ac-c231-feba-f044-8c2a648ae5ea | d24cced3f-f2ae-e13e-e589-c82c944aca74,29,4,2017-02-24 13:22:43+00:00,2022-02-08 11:55:15+00:00,0,0,0,1,1,2024,2024-03,2024-03,,,,,Not queried; sample limited to top 20 MMSI by gaps
412336833,LURONGYUANYU701,LURONGYUANYU701,CHN,6e3eb6f67-786d-0226-ce65-3afb7de4b03a,29,4,2019-03-10 17:08:08+00:00,2024-04-07 05:18:10+00:00,1,0,1,12,7,2019 | 2020 | 2021 | 2023 | 2024 | 2025 | 2026,2019-04,2026-05,,,,,Not queried; sample limited to top 20 MMSI by gaps
412420941,HUALI8,HUALI8,CHN,719b46691-126b-f443-1ab7-9253debcea5c,29,3,2018-03-06 05:19:10+00:00,2020-04-27 14:06:51+00:00,0,1,1,14,9,2017 | 2018 | 2019 | 2020 | 2021 | 2023 | 2024 | 2025 | 2026,2017-12,2026-04,,,,,Not queried; sample limited to top 20 MMSI by gaps
412421041,DONG YU 1529,DONG YU 1529,CHN,3f8c11979-9a0c-1719-af55-512269959b43,29,2,2018-03-08 01:22:40+00:00,2019-03-13 16:47:17+00:00,0,0,0,11,9,2018 | 2019 | 2020 | 2021 | 2022 | 2023 | 2024 | 2025 | 2026,2018-04,2026-05,,,,,Not queried; sample limited to top 20 MMSI by gaps
412421177,SHUNZE58,SHUNZE58,CHN,fd473d668-8cda-fbb7-0408-40014cd55f6c,29,4,2019-02-05 20:25:11+00:00,2026-04-30 23:39:31+00:00,1,2,2,14,7,2019 | 2020 | 2021 | 2023 | 2024 | 2025 | 2026,2019-03,2026-05,,,,,Not queried; sample limited to top 20 MMSI by gaps
412549072,LU QING YUAN YU 226,LU QING YUAN YU 226,CHN,7039b3183-31f2-cbdb-2672-24d86cdfb321,29,2,2020-01-29 07:01:31+00:00,2023-01-07 20:53:32+00:00,0,0,0,2,2,2024 | 2026,2024-03,2026-05,,,,,Not queried; sample limited to top 20 MMSI by gaps
412209146,GUO JI 908,GUO JI 908 | GUO.JI.908,CHN,301a88a9e-e8f6-26be-3b35-9e354f4ce399 | 9290db420-08a1-28bb-40ff-15f08f754d4c,28,3,2018-01-13 05:06:23+00:00,2026-03-30 23:37:52+00:00,0,0,0,7,3,2018 | 2024 | 2026,2018-02,2026-05,,,,,Not queried; sample limited to top 20 MMSI by gaps
412329435,LURONGYUANYU977,LURONGYUANYU977,CHN,023684a49-9e92-c7b3-3d51-5e537d4adfd8 | 7384ff877-7d6b-f41a-9fa9-357e9aef7e09,28,2,2019-01-01 15:44:03+00:00,2020-05-31 09:34:46+00:00,0,0,0,7,5,2018 | 2020 | 2023 | 2024 | 2026,2018-07,2026-05,,,,,Not queried; sample limited to top 20 MMSI by gaps
412329442,LURONGYUANYU989,LURONGYUANYU989,CHN,e4e58578e-e99f-72d0-d886-72915885be3f,28,3,2018-01-15 21:34:14+00:00,2023-06-04 20:46:27+00:00,0,0,0,10,6,2018 | 2019 | 2020 | 2023 | 2024 | 2026,2018-06,2026-05,,,,,Not queried; sample limited to top 20 MMSI by gaps
412331016,LU RONG YUAN YU 819,LU RONG YUAN YU 819,CHN,ac3724571-1377-08d5-dc57-96ddfb2f808d,28,7,2017-02-25 15:59:01+00:00,2025-12-31 20:41:16+00:00,1,0,1,3,3,2020 | 2024 | 2026,2020-01,2026-05,,,,,Not queried; sample limited to top 20 MMSI by gaps
412331074,LU RONG YUAN YU 179,LU RONG YUAN YU 179,CHN,00d57a1d5-5324-e433-3991-e88ad589add5,28,5,2017-02-09 23:09:14+00:00,2021-03-03 15:03:12+00:00,0,0,0,8,5,2019 | 2020 | 2021 | 2024 | 2026,2019-05,2026-05,,,,,Not queried; sample limited to top 20 MMSI by gaps
9129213,ALTO MAR VI,ALTO MAR VI,UNKNOWN,71db7ca1d-d80c-248a-441d-58d6c2ccc185,28,3,2022-07-09 19:09:55+00:00,2024-05-07 00:47:11+00:00,0,0,0,0,0,,,,,,,,Not queried; sample limited to top 20 MMSI by gaps
412329657,LU HUANG YUAN YU 107,LU HUANG YUAN YU 107,CHN,fd050c863-3b7a-7734-0161-d61bee5f9a34,27,5,2017-02-26 10:53:07+00:00,2026-02-25 10:54:25+00:00,0,0,0,2,1,2017,2017-02,2017-12,,,,,Not queried; sample limited to top 20 MMSI by gaps
412330931,LU PENG YUAN YU 097,LU PENG 0000 YU 097 | LU PENG YUAN YU 097,CHN,9982f6d93-3f91-bd1a-4fe2-82b7839304ab | a0319774a-adc2-cd07-17b2-f221428babb4 | bd0d3bcd3-3c03-e966-95b6-0962e0e321a5,27,6,2017-12-29 14:02:25+00:00,2026-03-26 11:46:07+00:00,0,0,0,0,0,,,,,,,,Not queried; sample limited to top 20 MMSI by gaps
412420209,ZHOU YU   5,ZHOU YU   5,CHN,5b207f0eb-bf7d-584d-63ef-92fb1f008203,27,3,2018-03-25 01:40:26+00:00,2023-04-18 21:58:26+00:00,1,1,1,12,6,2017 | 2018 | 2019 | 2020 | 2021 | 2022,2017-12,2022-10,,,,,Not queried; sample limited to top 20 MMSI by gaps
412420432,HAN YI 7,HAN YI 7,CHN,fac516e71-137a-ad4e-e22f-f23a68207f64,27,2,2018-01-18 21:02:35+00:00,2019-04-10 18:11:13+00:00,0,0,0,16,9,2017 | 2018 | 2019 | 2020 | 2021 | 2023 | 2024 | 2025 | 2026,2017-01,2026-05,,,,,Not queried; sample limited to top 20 MMSI by gaps
2000080,LQ              208,LQ              208 | LQYY            208,UNKNOWN,0251806af-f129-7147-490d-e93d70f411e4 | 14fa0104e-e323-9e49-f012-d06c9302a011 | 3cc5d553a-a3c7-ee52-c589-b83849a5242c | 7dac31454-464e-d7f0-0cef-861a063bb3c9 | c0f529162-27c3-7472-518d-ec2d50970482,26,1,2017-03-03 06:30:53+00:00,2017-07-15 04:06:19+00:00,0,0,0,0,0,,,,,,,,Not queried; sample limited to top 20 MMSI by gaps
701006140,!! NANINA !!,!! NANINA !!,ARG,b140a51c9-9115-e994-eded-e907140c9269 | d2c019b75-59a9-6953-802c-da9951cfbecf,26,6,2017-02-22 14:18:29+00:00,2026-03-10 08:54:28+00:00,24,25,26,82,10,2017 | 2018 | 2019 | 2020 | 2021 | 2022 | 2023 | 2024 | 2025 | 2026,2017-01,2026-04,,,,,Not queried; sample limited to top 20 MMSI by gaps
412326888,HAI XING 1,HAI XING 1,CHN,c44ba49fd-dd48-4100-6958-93b966e9b1d0,25,4,2017-01-01 08:00:37+00:00,2020-04-25 18:11:18+00:00,0,0,0,12,8,2018 | 2020 | 2021 | 2022 | 2023 | 2024 | 2025 | 2026,2018-05,2026-05,,,,,Not queried; sample limited to top 20 MMSI by gaps
412329655,LU HUANG YUAN YU 105,LU HUANG YUAN YU 105,CHN,740c73ea2-2585-be9d-3e69-660fbd574da6 | fc7647dce-e804-3a76-7afc-7948adb1bc41,25,2,2018-02-16 11:40:13+00:00,2019-03-31 20:03:12+00:00,0,0,0,3,2,2025 | 2026,2025-01,2026-05,,,,,Not queried; sample limited to top 20 MMSI by gaps
412330000,FUYUANYU9997,FUYUANYU305 | FUYUANYU9997 | LU PENG YUAN YU 029 | LU PENG YUAN YU 097,CHN,1dadaf1f3-35bd-e4fe-0a9e-32c2ca1eb0bc | 4c2051746-6030-630a-d328-124673fb8092 | a920da88f-f759-0b45-ce9a-ed23711a99ae | a9ff912f9-9701-363a-02b5-a6f089cbf31d | c8d5b7d82-2c0e-a551-4d41-de6ab39093df,25,5,2021-03-23 05:27:13+00:00,2026-01-20 00:58:02+00:00,0,0,0,0,0,,,,,,,,Not queried; sample limited to top 20 MMSI by gaps
412420574,JIA DA 12,JIA DA 12 | JLA DE 12,CHN,5d101a016-67d1-2e94-15c8-386e2c03aa1a | d28b10bcf-fc49-fa38-733a-0c08ac6aa204,25,5,2017-01-30 00:43:58+00:00,2021-03-07 20:59:00+00:00,0,0,0,20,9,2017 | 2018 | 2019 | 2020 | 2021 | 2022 | 2023 | 2024 | 2025,2017-05,2025-05,,,,,Not queried; sample limited to top 20 MMSI by gaps
412420581,RUNDA618,RUNDA618,CHN,d3239cc89-9662-4b00-f165-21372063416e,25,4,2017-02-02 03:21:08+00:00,2024-04-23 07:41:51+00:00,0,0,0,10,6,2017 | 2018 | 2021 | 2022 | 2023 | 2024,2017-01,2024-06,,,,,Not queried; sample limited to top 20 MMSI by gaps
412421172,HENGXIN8,HENGXIN8,CHN,d872a3819-9e70-f165-a10f-fea01788ca31,25,3,2019-02-08 13:59:39+00:00,2021-03-29 19:41:57+00:00,0,0,0,5,3,2019 | 2020 | 2021,2019-04,2021-01,,,,,Not queried; sample limited to top 20 MMSI by gaps
412421184,TAOYUAN611,DONGZHOU17 | TAOYUAN611,CHN,bc477d83e-edd3-9155-b368-62b0cb52dbb0 | da3456453-3401-9c34-8ebb-b2b10f73281b,25,2,2019-02-13 15:11:34+00:00,2024-05-04 19:14:20+00:00,0,1,1,11,7,2019 | 2020 | 2021 | 2022 | 2023 | 2024 | 2025,2019-02,2025-01,,,,,Not queried; sample limited to top 20 MMSI by gaps
412424491,JIA DE 17,JIA DE 17,CHN,ef1f7280f-f9f0-c7d5-6d38-3bf7c44ae58f,25,4,2017-12-19 22:10:28+00:00,2021-01-31 23:26:20+00:00,0,0,0,18,7,2017 | 2018 | 2019 | 2021 | 2023 | 2024 | 2025,2017-01,2025-04,,,,,Not queried; sample limited to top 20 MMSI by gaps
412440654,FUYUANYU196,FUYUANYU196,CHN,eb36f399a-a40a-ba9f-375c-a03b19fa9ac8,25,2,2019-02-14 21:43:28+00:00,2020-04-26 11:25:14+00:00,3,0,3,1,1,2020,2020-04,2020-04,,,,,Not queried; sample limited to top 20 MMSI by gaps
416005007,AN FONG 168,AN FONG 168 | AN_FAN_NO.168_______,TWN,27838bebe-efc6-d6fb-24dd-7f60fc14b5d7 | 70d2feb01-186d-4274-4ee9-a5ad5eb473e0 | 95379431e-edb6-7bd3-0226-384097286282,25,8,2017-02-19 01:38:16+00:00,2025-03-08 03:57:41+00:00,0,0,0,0,0,,,,,,,,Not queried; sample limited to top 20 MMSI by gaps
224421000,DORNEDA,DORNEDA,ESP,0b5181f79-9477-f29f-4b4d-269eed05bb13,24,2,2017-02-21 00:46:58+00:00,2018-03-31 19:27:34+00:00,0,0,0,6,2,2017 | 2018,2017-04,2018-07,,,,,Not queried; sample limited to top 20 MMSI by gaps
412331055,LUHUANGYUANYU116,LUHUANGYUANYU116,CHN,33eb43507-7c2c-6085-324c-273263a30a23 | b9545d4d1-12d0-7c87-a07b-cac0e76df0d2,24,4,2017-02-10 15:50:20+00:00,2024-03-28 08:19:44+00:00,1,1,2,5,4,2017 | 2023 | 2024 | 2026,2017-02,2026-05,,,,,Not queried; sample limited to top 20 MMSI by gaps
412333739,LURONGYUANYU775,LURONGYUANYU775,CHN,8e8f5b70f-fdf5-1b48-5099-c51da1d41c1e | c7b8cb704-4b7e-036b-67be-1b8c1f9463f4,24,4,2018-02-03 16:24:16+00:00,2023-04-12 22:18:03+00:00,0,0,0,15,8,2018 | 2020 | 2021 | 2022 | 2023 | 2024 | 2025 | 2026,2018-01,2026-05,,,,,Not queried; sample limited to top 20 MMSI by gaps
412420384,MING XIANG 803,MING XIANG 803 | MINGXIANG803 | MX803,CHN,4ea2a3dfe-e689-a60c-1575-b3a5c23658cf | 51e926e9c-caca-57ed-0a38-654d54498dfc | 91a3f9724-42de-878e-1acd-61a12b059220 | 980d98bed-d0d6-7623-db0d-999897c0bbef | dbd62b34e-e4e6-34fb-467c-975c832b0a72 | f66ef9ee9-9500-6f79-d551-e88176cc6481,24,5,2017-12-18 17:30:09+00:00,2021-03-26 07:15:03+00:00,0,0,0,11,6,2017 | 2018 | 2019 | 2020 | 2021 | 2022,2017-01,2022-04,,,,,Not queried; sample limited to top 20 MMSI by gaps
412421072,WAN XIN 7,WAN XIN 7,CHN,97fd6514f-f155-fa27-3f4f-f49da04239da,24,2,2018-01-22 20:11:51+00:00,2022-01-22 20:03:17+00:00,0,0,0,8,6,2017 | 2018 | 2019 | 2021 | 2022 | 2023,2017-12,2023-01,,,,,Not queried; sample limited to top 20 MMSI by gaps
412421128,HAN YI 109,HAN YI 109,CHN,0a37826ff-f4f4-cc97-2bf9-0c19d86b98b5,24,3,2019-02-18 16:08:09+00:00,2021-02-18 14:34:42+00:00,1,0,1,14,7,2019 | 2020 | 2021 | 2023 | 2024 | 2025 | 2026,2019-02,2026-05,,,,,Not queried; sample limited to top 20 MMSI by gaps
412549092,HONG PU 16,HONG PU 16,CHN,84014175b-b0b0-348d-026d-3268d8e1f323 | cbeb88c43-365e-da26-9e79-62c4efc26475,24,3,2020-03-10 01:30:38+00:00,2026-03-16 07:53:51+00:00,2,1,3,14,6,2020 | 2022 | 2023 | 2024 | 2025 | 2026,2020-03,2026-05,,,,,Not queried; sample limited to top 20 MMSI by gaps
416242500,FU SHEN NO.212,FU SHEN NO.212,TWN,ff8da40e1-12f1-0dbe-bd56-aa41d65f5749,24,2,2017-01-31 06:15:22+00:00,2018-03-05 19:57:52+00:00,0,0,0,0,0,,,,,,,,Not queried; sample limited to top 20 MMSI by gaps
416842000,AN SHENG,AN SHENG,TWN,2fc5d1608-8e40-c74a-744e-a974f75d1e58,24,5,2017-02-21 01:21:02+00:00,2022-03-19 09:34:19+00:00,0,1,1,4,4,2017 | 2018 | 2019 | 2021,2017-02,2021-11,,,,,Not queried; sample limited to top 20 MMSI by gaps
441239687,LU QING YUAN YU 206,LU QING YUAN YU 206,KOR,436a4d438-8728-40f1-a4db-f31d9de5c95c,24,1,2017-01-31 07:22:10+00:00,2017-03-12 08:31:05+00:00,0,0,0,0,0,,,,,,,,Not queried; sample limited to top 20 MMSI by gaps
701000801,CANAL DE BEAGLE,CANAL DE BEAGLE,ARG,2769797dc-c7ab-2ef2-8dd7-43ba218a01ea,24,4,2023-02-11 22:47:46+00:00,2026-08-03 17:12:09+00:00,23,24,24,98,10,2017 | 2018 | 2019 | 2020 | 2021 | 2022 | 2023 | 2024 | 2025 | 2026,2017-09,2026-08,,,,,Not queried; sample limited to top 20 MMSI by gaps
701000844,PUCARA,PUCARA,ARG,1796b5bc8-8dd7-c243-9378-e555cfe0d21e | 648a6163d-dc74-7bc3-efc1-99707ac5fb57 | 780e5c395-5871-f8aa-8130-3de8869fb92c,24,7,2018-07-07 07:16:10+00:00,2026-06-16 20:38:02+00:00,19,22,22,95,10,2017 | 2018 | 2019 | 2020 | 2021 | 2022 | 2023 | 2024 | 2025 | 2026,2017-01,2026-08,,,,,Not queried; sample limited to top 20 MMSI by gaps
701006502,NONOPASCUAL,NONO PASCUAL | NONOPASCUAL,ARG,405ee9279-9ac8-47ea-bdad-50f43fcc1eab | da3313518-82cd-9a6b-a559-a1ba29ea19ff,24,6,2017-05-27 07:13:13+00:00,2026-03-30 23:23:24+00:00,24,24,24,106,10,2017 | 2018 | 2019 | 2020 | 2021 | 2022 | 2023 | 2024 | 2025 | 2026,2017-05,2026-08,,,,,Not queried; sample limited to top 20 MMSI by gaps
701154000,ERIN BRUCE II,ERIN BRUCE II,ARG,3f9985ccd-de92-703a-6e7a-3a2b6cf9c625 | 744788887-779f-3b0c-f458-2d421c6c5b12,24,3,2024-06-03 05:15:02+00:00,2026-08-23 12:23:12+00:00,24,24,24,32,4,2023 | 2024 | 2025 | 2026,2023-09,2026-08,,,,,Not queried; sample limited to top 20 MMSI by gaps
412329644,LUWEIYUANYU898,LUWEIYUANYU898,CHN,eb24bfcc8-8327-3a65-294d-613c5218a718,23,4,2017-04-01 23:43:56+00:00,2020-06-02 20:15:15+00:00,0,0,0,11,7,2017 | 2018 | 2019 | 2020 | 2021 | 2023 | 2025,2017-05,2025-04,,,,,Not queried; sample limited to top 20 MMSI by gaps
412331173,LURONGYUANYU158,LURONGYUANYU158,CHN,4155847f5-56ae-4994-e8d0-15aaaa90fc23,23,3,2020-02-25 21:26:33+00:00,2024-04-08 19:59:06+00:00,0,0,0,12,8,2018 | 2019 | 2020 | 2021 | 2023 | 2024 | 2025 | 2026,2018-05,2026-05,,,,,Not queried; sample limited to top 20 MMSI by gaps
412420801,HUAYING217,0@AYING 217 | HUAYING217,CHN,5e0a85169-9f6e-b79d-0135-d9c92c100b8a | b1a898964-4b50-6e6e-5ea8-562d86ec6e6f | e8baf0399-9a19-f75a-b981-c0ac1d488bab,23,3,2017-02-24 23:28:28+00:00,2020-04-27 14:18:37+00:00,0,0,0,10,5,2017 | 2018 | 2019 | 2020 | 2021,2017-05,2021-05,,,,,Not queried; sample limited to top 20 MMSI by gaps
412420816,HAI LI 8,HAI LI 8,CHN,2e655dfc1-1269-7807-f0e0-a2d737300326 | 9c6ec7fc9-924f-521a-2f31-05e69e7ee541,23,5,2018-03-28 13:59:21+00:00,2022-03-24 10:40:06+00:00,0,0,0,9,5,2017 | 2018 | 2020 | 2021 | 2023,2017-01,2023-01,,,,,Not queried; sample limited to top 20 MMSI by gaps
412424547,JIA DE 18,JIA DE 18,CHN,b0bd8c798-8735-5a4a-5574-2674166ada8c,23,3,2017-02-20 13:09:44+00:00,2019-04-03 19:02:39+00:00,1,0,1,21,8,2017 | 2018 | 2019 | 2021 | 2023 | 2024 | 2025 | 2026,2017-01,2026-05,,,,,Not queried; sample limited to top 20 MMSI by gaps
440854000,NO.707HONGJIN,NO.707HONGJIN,KOR,33ea63921-14fc-037f-71e2-1cb8d2038592,23,3,2017-01-23 22:27:22+00:00,2022-05-30 00:06:43+00:00,0,0,0,42,10,2017 | 2018 | 2019 | 2020 | 2021 | 2022 | 2023 | 2024 | 2025 | 2026,2017-03,2026-07,,,,,Not queried; sample limited to top 20 MMSI by gaps
701006035,SFIDA,SFIDA,ARG,788c3f4be-e2e5-f51a-25ef-7edfec1c78c9,23,5,2020-01-07 08:35:09+00:00,2026-08-05 23:28:01+00:00,23,23,23,107,10,2017 | 2018 | 2019 | 2020 | 2021 | 2022 | 2023 | 2024 | 2025 | 2026,2017-06,2026-08,,,,,Not queried; sample limited to top 20 MMSI by gaps
997108029,UNIMAR III BOIA 5,UNIMAR III BOIA 5,UNKNOWN,a1c1445c3-39f3-f5df-7068-f31a44efaff8 | a6fb0a843-39a2-396a-dddd-0e6841a7af10,23,2,2025-08-07 10:28:27+00:00,2026-09-02 18:17:35+00:00,0,0,0,0,0,,,,,,,,Not queried; sample limited to top 20 MMSI by gaps
150402949,LURONGYUANYU197,LURONGYUANYU197 | SHUN HANG 6,UNKNOWN,a040b39a5-5f4f-68eb-0990-41449622cc21 | abc0cb579-9e58-dfa2-a3fe-a8bb2c9f286e | b49371f99-92c5-c12d-ad06-4ba2a8ba7a54,22,4,2018-03-16 23:44:58+00:00,2023-03-23 14:16:04+00:00,0,0,0,3,3,2018 | 2019 | 2021,2018-04,2021-12,,,,,Not queried; sample limited to top 20 MMSI by gaps
412371204,HU SHUN YU 07,HU SHUN YU 07 | HUSHUNY07 | HUSHUNZYU,CHN,21d44c8b9-994e-a42a-6da7-3e3a6aefd52d | 65bacc0f3-383b-ed2f-cc5f-2292322874f5 | a2b7c51b1-1baa-5d27-9aab-e61406bc772f,22,3,2018-12-18 00:13:07+00:00,2022-07-29 05:18:10+00:00,0,0,0,11,8,2017 | 2018 | 2019 | 2020 | 2021 | 2022 | 2023 | 2024,2017-04,2024-01,,,,,Not queried; sample limited to top 20 MMSI by gaps
412420938,SHUN HANG 7,SHUN HANG 7,CHN,17737ad09-97d2-3310-b20f-bd63bc340a13,22,5,2018-01-21 22:34:19+00:00,2026-04-13 08:54:13+00:00,0,0,0,1,1,2024,2024-03,2024-03,,,,,Not queried; sample limited to top 20 MMSI by gaps
412440453,FU YANG YU7881,FU YANG YU7881 | MINGXIANG966,CHN,03889c647-78de-7dc7-1cd5-68d92ed3cca5 | 9338201a9-9254-ab13-f46a-a2d38bbd068a | efb7dd57a-acc8-ad46-e160-d2643bca9b3e,22,4,2017-02-17 22:41:05+00:00,2024-04-27 06:11:42+00:00,0,0,0,12,7,2017 | 2019 | 2021 | 2023 | 2024 | 2025 | 2026,2017-02,2026-01,,,,,Not queried; sample limited to top 20 MMSI by gaps
412440733,FU YUAN YU 7606,FU YUAN YU 7606,CHN,08eb46bc2-281d-e8cb-32c9-8e343995ca2a | c57590c29-9971-2e3f-d4ec-6ea08c67cbc3,22,4,2020-03-30 21:28:53+00:00,2025-04-04 15:47:09+00:00,0,0,0,11,6,2020 | 2021 | 2022 | 2023 | 2024 | 2025,2020-03,2025-01,,,,,Not queried; sample limited to top 20 MMSI by gaps
416240700,FU KUO NO.106,FU KUO NO.106,TWN,088e52065-52c7-7561-2cbf-16530c16d439 | deb03fe4b-b37b-46a8-101a-220ecd45830f,22,3,2017-02-13 14:38:48+00:00,2019-04-15 20:02:52+00:00,0,0,0,0,0,,,,,,,,Not queried; sample limited to top 20 MMSI by gaps
440347000,GREEN STAR,GREEN STAR,KOR,a83d5985f-f722-4d12-7621-ad002d2a53fe,22,7,2017-08-22 17:35:14+00:00,2025-10-25 14:24:08+00:00,1,1,2,43,10,2017 | 2018 | 2019 | 2020 | 2021 | 2022 | 2023 | 2024 | 2025 | 2026,2017-01,2026-05,,,,,Not queried; sample limited to top 20 MMSI by gaps
701000837,CIUDAD FELIZ,CIUDAD FELIZ,ARG,a950f05c3-3d32-5336-5ff8-18893f8f83e9,22,7,2017-02-12 17:55:08+00:00,2026-05-24 19:23:02+00:00,21,22,22,113,10,2017 | 2018 | 2019 | 2020 | 2021 | 2022 | 2023 | 2024 | 2025 | 2026,2017-01,2026-08,,,,,Not queried; sample limited to top 20 MMSI by gaps
701006026,FLORIDA BLANCA,FLORIDA BLANCA,ARG,d95cd66d1-1f66-c9b8-0ecb-8636ed8fb4c4 | ece8a8a9c-cc23-1cfc-7713-1ebd1c0a3ee0,22,4,2017-02-26 09:48:13+00:00,2026-02-19 13:38:22+00:00,22,22,22,98,10,2017 | 2018 | 2019 | 2020 | 2021 | 2022 | 2023 | 2024 | 2025 | 2026,2017-01,2026-08,,,,,Not queried; sample limited to top 20 MMSI by gaps
701055000,CALLEJA,CALLEJA,ARG,38f8525a1-1a4d-e57a-3a8a-b84bbe5d94a3,22,7,2018-02-26 17:33:10+00:00,2026-08-14 13:47:38+00:00,22,21,22,81,9,2018 | 2019 | 2020 | 2021 | 2022 | 2023 | 2024 | 2025 | 2026,2018-01,2026-08,,,,,Not queried; sample limited to top 20 MMSI by gaps
412326884,ZHENFA7,ZHENFA7,CHN,a6ca1e5b1-1944-dd7f-cae3-0be8662ab119 | ce16b0ae6-669a-1500-20b6-66c1c52a118d,21,5,2018-02-01 00:49:56+00:00,2026-04-01 10:01:00+00:00,0,0,0,14,7,2017 | 2018 | 2021 | 2022 | 2023 | 2024 | 2026,2017-01,2026-06,,,,,Not queried; sample limited to top 20 MMSI by gaps
412329439,LURONGYUANYU987,LURONGYUANYU987,CHN,377225a80-0944-9230-d18f-73365429cce8 | e06b87381-1e05-343f-a2d5-65e8fccb5ca6,21,5,2018-01-12 20:10:50+00:00,2025-01-19 20:48:57+00:00,0,0,0,6,4,2018 | 2023 | 2024 | 2026,2018-06,2026-06,,,,,Not queried; sample limited to top 20 MMSI by gaps
412333657,LULANYUANYU 069,LULANYUANYU 069,CHN,2d8adb222-2ce5-a63e-7c1c-64beb7d05783,21,7,2018-12-06 22:29:10+00:00,2026-02-15 13:04:54+00:00,1,0,1,15,9,2018 | 2019 | 2020 | 2021 | 2022 | 2023 | 2024 | 2025 | 2026,2018-11,2026-05,,,,,Not queried; sample limited to top 20 MMSI by gaps
412420688,HUA LI 19,HUA LI 19,CHN,c426cbff3-3b73-be52-6576-0b741bceb5cb,21,4,2018-04-05 20:09:58+00:00,2021-02-10 11:39:16+00:00,0,0,0,11,6,2017 | 2018 | 2019 | 2020 | 2021 | 2022,2017-01,2022-06,,,,,Not queried; sample limited to top 20 MMSI by gaps
412422732,JINHAI 823,JINHAI 823,CHN,4859680e5-51ba-80f5-4107-f8d7d6eefa30 | 4f1bec106-68a5-ac47-0f17-a0b203ea13e9,21,2,2018-03-03 03:39:08+00:00,2019-03-22 16:47:09+00:00,0,0,0,4,3,2020 | 2024 | 2026,2020-02,2026-05,,,,,Not queried; sample limited to top 20 MMSI by gaps
412440606,FU YUAN YU 7886,FU YUAN YU 7886,CHN,0d07370de-ee38-e3c2-ae35-fe88f01f81fa,21,3,2018-02-20 23:21:47+00:00,2025-05-09 18:36:49+00:00,0,0,0,13,6,2018 | 2021 | 2023 | 2024 | 2025 | 2026,2018-05,2026-05,,,,,Not queried; sample limited to top 20 MMSI by gaps
412206008,LIAO YU 5,LIAO YU 5,CHN,b802fa9a3-3cf0-c0c3-8144-2f9faed69e3f,20,2,2018-02-12 03:53:00+00:00,2019-03-09 09:51:03+00:00,0,0,0,9,7,2017 | 2018 | 2019 | 2020 | 2021 | 2022 | 2023,2017-01,2023-05,,,,,Not queried; sample limited to top 20 MMSI by gaps
412280935,HEBEI8589,HEBEI8589,CHN,7ee96c165-599b-e49c-7781-b62c9921dd70,20,2,2017-02-18 15:24:47+00:00,2018-04-29 21:22:51+00:00,0,0,0,7,3,2017 | 2021 | 2023,2017-05,2023-05,,,,,Not queried; sample limited to top 20 MMSI by gaps
412331001,LUJIAONANYUANYU177,LUJIAONANYUANYU177,CHN,78a999f5d-dc5a-77cb-55c8-da34e1621dc2,20,2,2019-02-06 21:46:50+00:00,2020-04-07 13:13:43+00:00,0,0,0,2,1,2017,2017-05,2017-12,,,,,Not queried; sample limited to top 20 MMSI by gaps
412331091,JING YUAN628,JING YUAN628 | JINGYUAN628,CHN,3a48e3f03-31e0-73ab-e5ba-33d281096a7e | b8520d587-7b92-7cdc-f7d7-1555bd7bb6ff | e6dbdc706-6d80-128e-1137-a1e77ce8df82,20,5,2017-01-13 01:56:59+00:00,2026-01-12 03:00:18+00:00,0,0,0,15,8,2017 | 2020 | 2021 | 2022 | 2023 | 2024 | 2025 | 2026,2017-01,2026-07,,,,,Not queried; sample limited to top 20 MMSI by gaps
412421022,DONGYU1528,DONGYU1528,CHN,46c7b4914-4e05-dbbb-821a-200ed2d978d8 | c8575b287-7965-6056-57cc-56dbc8a66ce2,20,4,2017-02-25 10:32:11+00:00,2026-02-02 14:52:40+00:00,0,0,0,2,2,2020 | 2026,2020-02,2026-03,,,,,Not queried; sample limited to top 20 MMSI by gaps
412439598,OU YA 28,OU YA 28,CHN,0f04bb8dc-ce34-4cdf-f416-5e8c8914746d | 572ed152e-e953-af58-bd4e-267effc5089d | f9d099880-0201-6607-8047-3a1e30cbcf53,20,5,2017-02-09 10:08:50+00:00,2026-05-13 19:23:35+00:00,0,0,0,2,2,2025 | 2026,2025-01,2026-05,,,,,Not queried; sample limited to top 20 MMSI by gaps
412439762,Y0NG FA  07,Y0NG FA  07 | YONGFA7,CHN,a787562d4-42ef-d1ac-ced1-94177538f9b4 | dc46245d1-1a43-dc51-795c-86ae22502992,20,4,2017-02-23 08:35:58+00:00,2021-04-11 14:23:17+00:00,0,0,0,2,2,2024 | 2026,2024-03,2026-05,,,,,Not queried; sample limited to top 20 MMSI by gaps
710157895,,,BRA,459d859bb-b717-316b-266a-aff8e55817de,20,2,2023-02-28 12:47:10+00:00,2024-09-16 13:41:05+00:00,0,0,0,0,0,,,,,,,,Not queried; sample limited to top 20 MMSI by gaps
740335000,CAPRICORN,CAPRICORN,FLK,6d0b6de19-9f49-6242-5573-876357dcec78,20,4,2017-01-29 02:33:09+00:00,2021-09-28 11:14:06+00:00,0,0,0,0,0,,,,,,,,Not queried; sample limited to top 20 MMSI by gaps
740337000,BEAGLE FI,BEAGLE FI,FLK,07546d77f-ff2a-4f4b-bea1-1b9b7afe5150,20,6,2017-01-28 00:33:16+00:00,2022-05-03 11:53:45+00:00,0,0,0,0,0,,,,,,,,Not queried; sample limited to top 20 MMSI by gaps
770576134,MARIANNE,MARIANNE,URY,49e9483c0-088c-390f-7075-30a937121814 | d6e1455a0-0e02-6e65-c61e-eefa478d992c,20,7,2017-02-11 14:46:52+00:00,2025-03-05 00:51:16+00:00,12,11,13,65,9,2017 | 2018 | 2019 | 2020 | 2021 | 2022 | 2023 | 2024 | 2025,2017-01,2025-04,,,,,Not queried; sample limited to top 20 MMSI by gaps
900028533,,,UNKNOWN,debd4809a-aa5d-fc1d-0357-ba1d22a00461,20,5,2018-03-04 23:05:47+00:00,2022-03-21 21:55:29+00:00,0,0,0,3,2,2018 | 2019,2018-06,2019-02,,,,,Not queried; sample limited to top 20 MMSI by gaps
272770000,CALIPSO,CALIPSO,UKR,9f8d13785-5ead-55ad-fb21-ab13822405e0,19,5,2017-03-02 20:22:25+00:00,2021-02-28 22:25:01+00:00,0,1,1,9,5,2017 | 2018 | 2019 | 2020 | 2021,2017-01,2021-03,,,,,Not queried; sample limited to top 20 MMSI by gaps
412331053,JING YUAN 618,811 | JING YUAN 618 | JINGYUAN618,CHN,3862839ad-db90-b5e1-ba69-a9c48ed42216 | 4b8ba7ae8-896f-7f6b-42c7-83af40f11a0d | ab17f08ed-d351-5289-5c5a-454867e26901 | e88018f5c-cb9d-dd40-5da1-d1b4a550b5fe,19,5,2017-01-12 00:08:51+00:00,2026-02-19 16:17:06+00:00,0,0,0,1,1,2024,2024-03,2024-03,,,,,Not queried; sample limited to top 20 MMSI by gaps
412333738,LURONGYUANYU772,JIA DE  55 | LURONGYUANYU772,CHN,a38af320f-f851-466a-06b8-8ef1134ea0fe | dfdc362df-fecc-38db-e6f8-079046de0aad | e0f94d0dd-d2ae-387b-ef9f-5e40c1122f12,19,4,2018-03-02 16:59:35+00:00,2025-03-15 21:44:57+00:00,0,0,0,16,8,2018 | 2019 | 2020 | 2022 | 2023 | 2024 | 2025 | 2026,2018-05,2026-05,,,,,Not queried; sample limited to top 20 MMSI by gaps
412420316,JIADE  7,JIA DE 7 | JIADE  7,CHN,126d785fa-a2ef-35e4-a77c-2975abcf00c6 | 31fd3b527-74f3-b094-6e0f-496673f5ee4f,19,4,2019-02-14 16:45:26+00:00,2023-05-07 17:03:56+00:00,0,0,0,14,8,2018 | 2019 | 2020 | 2021 | 2023 | 2024 | 2025 | 2026,2018-12,2026-05,,,,,Not queried; sample limited to top 20 MMSI by gaps
412421169,FENG HUI 9,FENG HUI 9,CHN,d4058a14f-f564-f9bb-8660-ced76402dcf9 | e204ac0c2-2078-e280-5dc5-5fd2cb33fdd1,19,6,2019-02-15 16:01:22+00:00,2024-05-12 14:41:11+00:00,0,0,0,8,6,2019 | 2020 | 2021 | 2022 | 2023 | 2024,2019-04,2024-06,,,,,Not queried; sample limited to top 20 MMSI by gaps
412440375,FU   YUAN  YU  7612,FU   YUAN  YU  7612,CHN,308ac2e82-257d-ca43-e8bf-a87689afe674 | e6861d689-9f7e-1365-6b64-dcceb2b4ef16,19,1,2020-02-26 12:07:42+00:00,2020-05-03 23:34:33+00:00,0,0,0,4,4,2020 | 2021 | 2022 | 2023,2020-06,2023-01,,,,,Not queried; sample limited to top 20 MMSI by gaps
412440607,FU YUAN YU   7887,FU YUAN YU   7887 | FU YUAN YU 7887,CHN,cd277543c-c68a-d17f-4df1-d3c07f154f7c | f0a6b911a-af6f-42ea-4cba-f673575c1cfd,19,4,2018-02-20 12:12:17+00:00,2024-05-09 23:05:21+00:00,0,0,0,8,5,2018 | 2021 | 2023 | 2024 | 2025,2018-05,2025-05,,,,,Not queried; sample limited to top 20 MMSI by gaps
412440739,FU  YUAN   YU  7616,FU  YUAN   YU  7616,CHN,39a2009f0-0d7b-4884-5cd7-0cd10ae67212,19,1,2020-01-14 05:26:00+00:00,2020-05-04 10:13:52+00:00,0,0,0,4,4,2020 | 2021 | 2022 | 2023,2020-06,2023-01,,,,,Not queried; sample limited to top 20 MMSI by gaps
412549067,LU QING YUAN YU 286,LU QING YUAN YU 286,CHN,4d204a74c-c8a4-7c29-0766-844c903cd0b7,19,1,2020-02-26 12:37:40+00:00,2020-04-25 18:23:21+00:00,0,0,0,6,2,2020 | 2021,2020-01,2021-02,,,,,Not queried; sample limited to top 20 MMSI by gaps
412549074,LUQINGYUANYU228,LUQINGYUANYU228,CHN,b22c14722-2703-b8f1-5c6f-8205510f01cb,19,1,2020-02-09 08:19:05+00:00,2020-04-27 08:19:00+00:00,0,0,0,3,3,2023 | 2024 | 2026,2023-02,2026-05,,,,,Not queried; sample limited to top 20 MMSI by gaps
701000534,TESON,TESON,ARG,9ffe13985-561b-9dae-8833-04ffbff2ddbd,19,5,2021-09-13 00:05:12+00:00,2025-09-13 19:43:01+00:00,19,19,19,61,6,2021 | 2022 | 2023 | 2024 | 2025 | 2026,2021-06,2026-08,,,,,Not queried; sample limited to top 20 MMSI by gaps
701000849,VIRGEN MARIA,VIRGEN MARIA,ARG,fe5dabac6-6394-00b6-789c-9fa2f9dcc928,19,6,2020-03-15 21:28:40+00:00,2026-08-07 16:33:32+00:00,19,19,19,107,10,2017 | 2018 | 2019 | 2020 | 2021 | 2022 | 2023 | 2024 | 2025 | 2026,2017-01,2026-08,,,,,Not queried; sample limited to top 20 MMSI by gaps
701535000,GC-28 DERBES,GC-28 DERBES | GC28 PREFECTO DERBES,ARG,297b8f2d9-960d-d208-d26f-83e2c47397f6 | 5678e5f46-6d65-3c9d-a041-5f9a767e49e8,19,8,2017-06-16 20:50:00+00:00,2025-12-26 22:38:23+00:00,16,17,18,36,4,2023 | 2024 | 2025 | 2026,2023-01,2026-08,,,,,Not queried; sample limited to top 20 MMSI by gaps
71000036,BOIA 2,BOIA 2,BRA,c9cc67761-1a95-1e78-e319-729c61fbc44e,19,3,2022-10-29 19:14:21+00:00,2024-06-26 18:56:23+00:00,0,0,0,0,0,,,,,,,,Not queried; sample limited to top 20 MMSI by gaps
412331034,LUYANYUANYU006,LUYANYUANYU006 | YAN    YU006 | ZHOUYU969,CHN,07668dc6b-b4a3-5ee5-65d6-68d806d7b7e4 | 1621ea4aa-a41a-1c69-8e17-b4724f00b318 | 1b707e4c1-1524-20ea-4d68-9685d593823c | 1ea5a40a8-888b-9398-4a36-fbc01b55d82e,18,2,2017-01-05 12:04:08+00:00,2024-02-20 23:53:49+00:00,0,0,0,15,8,2017 | 2018 | 2019 | 2020 | 2022 | 2023 | 2024 | 2026,2017-05,2026-04,,,,,Not queried; sample limited to top 20 MMSI by gaps
412331078,LURONGYUANYU688,LURONGYUANYU688,CHN,31c4c6731-11b0-ac63-0d1e-d89d4e99c60c | 8446a3571-1fa4-ccb3-1bdf-4a8d97b88d74 | e73d471fd-d76b-22ab-d80a-a72988643cfc,18,5,2018-02-24 13:49:47+00:00,2026-04-04 09:26:04+00:00,0,0,0,15,9,2017 | 2018 | 2019 | 2020 | 2021 | 2023 | 2024 | 2025 | 2026,2017-06,2026-05,,,,,Not queried; sample limited to top 20 MMSI by gaps
412333796,LURONGYUANYU667,LURONGYUANYU667,CHN,4a1cc7f51-13b6-9a32-5637-a1c4d1bcb943,18,3,2018-03-06 13:44:36+00:00,2020-04-21 13:37:02+00:00,0,0,0,12,8,2018 | 2019 | 2020 | 2021 | 2023 | 2024 | 2025 | 2026,2018-04,2026-05,,,,,Not queried; sample limited to top 20 MMSI by gaps
412420001,XIN JI LI 5,SHUNZE 5 | XIN JI LI 5 | XINJILI5,CHN,433c5344a-ad48-0aa5-ec34-ee8f4b0310fc | 5a13fbc4b-bba0-f866-4ae7-2bb78254479f | ee554d08f-f400-f04e-e9f7-57ca4b11cb58,18,8,2017-12-31 02:27:18+00:00,2026-03-04 15:16:58+00:00,0,0,0,15,7,2018 | 2019 | 2021 | 2023 | 2024 | 2025 | 2026,2018-05,2026-04,,,,,Not queried; sample limited to top 20 MMSI by gaps
412420532,JINGHAIYANG2,JIMHAIYANG2 | JINGHAIYANG2 | JINHAIYIANG2,CHN,4fce104aa-a21b-0c8e-7759-7f695bf9b890 | 7969bcf79-9e2e-2794-9f73-77f3686068b0 | 99b8cee97-7d48-8918-ebac-a0241263ea92,18,4,2017-12-26 11:38:15+00:00,2020-05-26 19:38:37+00:00,0,1,1,17,8,2017 | 2018 | 2019 | 2020 | 2021 | 2023 | 2025 | 2026,2017-01,2026-05,,,,,Not queried; sample limited to top 20 MMSI by gaps
412420575,JIADE15,JD15 | JIA DE 15 | JIADE15 | SHUNZE25,CHN,7c17b8c77-7583-8d44-8654-999f8529cf9a | 854248a15-5d07-e2bb-3e14-e9585fe6cfcf | a06c67608-8a4f-fc3e-a287-7c9dec45cd32 | ad5028e79-97d5-ee37-598d-fb939c5b1942 | d3a5f921a-aa2f-e4c2-ab8d-5c9296e6a953 | dce211ae5-55c2-10b2-6532-7db151adb5db | ee8f831fc-c5da-c1b3-712e-c7863878e410,18,4,2018-01-15 00:26:56+00:00,2025-03-31 13:34:04+00:00,1,0,1,15,7,2017 | 2018 | 2019 | 2020 | 2021 | 2023 | 2025,2017-03,2025-04,,,,,Not queried; sample limited to top 20 MMSI by gaps
412420947,SHUN HANG 17,SHUN HANG 17 | SHUNXING17,CHN,6557dc0e8-86d8-4d69-8ed9-536a3f8b7c4c | 84d47ac66-69de-7d1e-ddac-9b0b6050e479,18,6,2018-02-19 18:02:15+00:00,2025-01-06 04:33:51+00:00,0,0,0,14,8,2017 | 2018 | 2019 | 2020 | 2022 | 2024 | 2025 | 2026,2017-03,2026-05,,,,,Not queried; sample limited to top 20 MMSI by gaps
412420948,SHUNXIN18,SHUNXIN18 | SHUNXING18,CHN,b6a055e27-73ee-93b2-f307-fe5294055f2c | eb4b7887e-e97b-c9eb-892f-ed2b52dbaa9f,18,4,2020-02-22 18:57:17+00:00,2025-04-11 16:38:27+00:00,0,0,0,10,7,2017 | 2018 | 2021 | 2023 | 2024 | 2025 | 2026,2017-12,2026-05,,,,,Not queried; sample limited to top 20 MMSI by gaps
412421133,SHUN  ZE958,SHUN  ZE958,CHN,cb3bb2d39-906d-dcc6-fdba-27d413190ccf,18,2,2019-02-08 17:41:06+00:00,2021-04-07 08:14:21+00:00,0,0,0,12,7,2018 | 2019 | 2020 | 2021 | 2023 | 2024 | 2025,2018-12,2025-04,,,,,Not queried; sample limited to top 20 MMSI by gaps
412435461,OUYA17,OUYA17,CHN,7d989cd55-5c3c-0d2c-133d-6ff9d0b80b92,18,4,2019-02-17 21:43:51+00:00,2026-03-18 12:54:46+00:00,0,0,0,12,7,2019 | 2020 | 2021 | 2022 | 2023 | 2025 | 2026,2019-02,2026-05,,,,,Not queried; sample limited to top 20 MMSI by gaps
412439618,YONG FA NO:3,YONG FA NO:3,CHN,fe2063403-390f-5625-6790-2c21217870ff,18,2,2017-02-07 01:57:39+00:00,2018-04-05 20:08:37+00:00,0,0,0,0,0,,,,,,,,Not queried; sample limited to top 20 MMSI by gaps
412439761,Y0NG FA 6,Y0NG FA 6 | YONG FA 6,CHN,092c5d967-7bf9-b991-ba3d-261b45e6a0cf | efa646bd7-7a5b-f7e3-bda0-66186bb12b35,18,5,2017-02-09 10:55:29+00:00,2021-03-07 03:45:51+00:00,0,0,0,5,3,2020 | 2025 | 2026,2020-02,2026-05,,,,,Not queried; sample limited to top 20 MMSI by gaps
412440655,FUYUANYU197,FUYUANYU197,CHN,1466972fd-d582-89b3-de74-88920196cd91,18,1,2020-02-27 19:16:19+00:00,2020-04-26 14:39:13+00:00,0,0,0,0,0,,,,,,,,Not queried; sample limited to top 20 MMSI by gaps
416180800,FU.MAO268,FU MAO NO.268 | FU.MAO268,TWN,03658a038-8fdf-64a9-b59f-d0b7b2c5d14a | 7ba50ff80-0c40-75e5-8542-6bbe4d7eb460 | f2efd7d0b-bd30-c3c8-8276-0d0087386cdb,18,7,2017-04-30 02:46:10+00:00,2025-08-05 12:30:22+00:00,0,0,0,0,0,,,,,,,,Not queried; sample limited to top 20 MMSI by gaps
416248900,ANFONG 156,ANFONG 156,TWN,14bea8e41-1674-28c4-5ad5-3c1c32598ca5 | 4e39050e7-7cd8-1f7a-e964-c6951de791b4,18,5,2017-02-17 02:13:11+00:00,2021-02-25 19:23:35+00:00,0,0,0,1,1,2017,2017-02,2017-02,,,,,Not queried; sample limited to top 20 MMSI by gaps
416689000,YUH MAO NO.236,YUH MAO NO.236,TWN,3a90738a5-594a-d186-07d3-75121f7fd1bd,18,4,2017-04-28 09:31:24+00:00,2020-10-08 01:10:11+00:00,0,0,0,0,0,,,,,,,,Not queried; sample limited to top 20 MMSI by gaps
441784000,SAE IN MASTER,SAE IN MASTER,KOR,d908f994f-f6c1-73b5-455b-72ce2a11fdb9,18,4,2017-01-09 03:39:22+00:00,2022-09-16 02:31:08+00:00,0,1,1,41,10,2017 | 2018 | 2019 | 2020 | 2021 | 2022 | 2023 | 2024 | 2025 | 2026,2017-01,2026-07,,,,,Not queried; sample limited to top 20 MMSI by gaps
120,CARDOSO A V100%,CARDOSO A V 96% | CARDOSO A V100%,UNKNOWN,28cdd3bb0-0380-7401-66fb-01f70ec8d7c0 | e1f0a65d9-930b-377a-807b-5cf0242716f1,17,1,2024-08-15 08:35:23+00:00,2024-10-29 05:40:33+00:00,0,0,0,0,0,,,,,,,,Not queried; sample limited to top 20 MMSI by gaps
272364000,SIMEIZ,SIMEIZ,UKR,6af768bd5-57a0-668c-2325-4a5698903e84,17,3,2017-04-13 13:11:45+00:00,2020-03-05 06:04:12+00:00,0,0,0,10,4,2017 | 2018 | 2019 | 2020,2017-01,2020-06,,,,,Not queried; sample limited to top 20 MMSI by gaps
412329634,LU PENG YUANYU017,LU PENG YUANYU017 | SHUN HANG 9,CHN,753aac8d7-7b8c-e8c2-c675-64dc9ffef33f | d85b8e485-5396-7f69-c292-06db4d3aa738,17,5,2018-02-11 18:07:58+00:00,2026-04-20 12:31:06+00:00,0,0,0,1,1,2026,2026-05,2026-05,,,,,Not queried; sample limited to top 20 MMSI by gaps
412336826,LURONGYUANYU186,LURONGYUANYU186,CHN,4a51ba5b0-09c3-e690-d388-671a8b775fae | 958e8c2a4-40a3-41d7-464b-6828ad91ca86,17,4,2019-02-28 23:38:01+00:00,2026-03-29 16:36:51+00:00,1,0,1,10,6,2019 | 2021 | 2023 | 2024 | 2025 | 2026,2019-04,2026-05,,,,,Not queried; sample limited to top 20 MMSI by gaps
412421108,RUNDA603,RUNDA603,CHN,114213b3d-d34d-448a-c5de-bbba1d952c0a,17,3,2019-02-12 17:36:06+00:00,2026-03-07 16:38:04+00:00,0,0,0,14,8,2019 | 2020 | 2021 | 2022 | 2023 | 2024 | 2025 | 2026,2019-04,2026-05,,,,,Not queried; sample limited to top 20 MMSI by gaps
412421137,MINGXIANG877,MINGXIANG877,CHN,622135e67-780d-711d-3d2e-03f026398744,17,4,2019-02-04 18:19:28+00:00,2026-04-05 18:02:38+00:00,0,0,0,12,9,2018 | 2019 | 2020 | 2021 | 2022 | 2023 | 2024 | 2025 | 2026,2018-12,2026-05,,,,,Not queried; sample limited to top 20 MMSI by gaps
416239600,LIAN RONG,LIAN RONG,TWN,4e73add07-7f53-782b-f07c-ebd31d1c99c4 | 88d21ef2f-f7ad-078d-d7a3-82b6a8d29f9b | f91bd6467-79d7-27d5-00ad-047fc693cb84,17,4,2017-02-15 15:35:23+00:00,2026-05-21 13:37:22+00:00,0,0,0,0,0,,,,,,,,Not queried; sample limited to top 20 MMSI by gaps
416246500,CHIN CHUAN HSING,CHIN CHUAN HSING,TWN,e33cb2ad7-78ad-b744-bdb3-a710a62d8a6d | f5cd59892-293f-28ec-3d85-eecdde43e08b,17,7,2017-02-09 10:53:47+00:00,2023-03-31 03:39:30+00:00,0,0,0,0,0,,,,,,,,Not queried; sample limited to top 20 MMSI by gaps
441864000,SUNSTAR,SUNSTAR,KOR,027260d4d-d8aa-eb47-0825-c8a560b022c8,17,8,2017-07-12 17:43:18+00:00,2024-10-10 22:31:27+00:00,1,0,1,39,10,2017 | 2018 | 2019 | 2020 | 2021 | 2022 | 2023 | 2024 | 2025 | 2026,2017-02,2026-08,,,,,Not queried; sample limited to top 20 MMSI by gaps
701000604,MADONNINA DEL MARE,MADONNINA DEL MARE,ARG,43bbd0ada-ac54-c883-fac6-b637defb7fcd,17,7,2019-10-09 19:06:36+00:00,2026-02-01 09:01:44+00:00,14,15,15,97,9,2018 | 2019 | 2020 | 2021 | 2022 | 2023 | 2024 | 2025 | 2026,2018-08,2026-08,,,,,Not queried; sample limited to top 20 MMSI by gaps
800032001,,,UNKNOWN,2be22d0a7-7a26-dd2c-215d-932a38b32c25,17,3,2017-12-18 15:53:32+00:00,2019-11-08 22:37:07+00:00,1,1,1,4,3,2018 | 2019 | 2020,2018-06,2020-01,,,,,Not queried; sample limited to top 20 MMSI by gaps
150400453,LURONGYUANYU717,LURONGYUANYU 715 | LURONGYUANYU717 | SHUNHANG4,UNKNOWN,436ad6d56-6b2f-a689-08fe-8d74bfe7acf7 | a53d819db-bbc2-3b2e-8622-cbea12cad8c3 | c0307a0d9-9b3d-17c5-bd97-4073e8849706,16,4,2018-02-23 22:48:50+00:00,2023-02-09 04:17:10+00:00,1,0,1,11,6,2018 | 2019 | 2020 | 2021 | 2022 | 2023,2018-04,2023-06,,,,,Not queried; sample limited to top 20 MMSI by gaps
412331146,LU PENG YUANYU 087,LU PENG YUANYU 087,CHN,1dd91093d-d71f-82ef-535f-60f6b2ec6863,16,3,2017-03-01 21:14:17+00:00,2019-02-08 23:48:31+00:00,0,0,0,2,2,2025 | 2026,2025-12,2026-01,,,,,Not queried; sample limited to top 20 MMSI by gaps
412331182,LURONGYUANYU393,LU RONG YUAN YU 393 | LURONGYUANYU393,CHN,5f20862a8-8896-bd1d-7589-5262fd0c8678 | f28dcbe4d-d08f-3fe5-640c-2561b0f70395,16,7,2018-01-03 00:33:35+00:00,2024-03-03 16:07:13+00:00,1,1,1,7,6,2018 | 2019 | 2020 | 2024 | 2025 | 2026,2018-05,2026-05,,,,,Not queried; sample limited to top 20 MMSI by gaps
412337343,LU QING YUAN YU 275,LU QING YUAN YU 275,CHN,3c7805c27-7508-96b7-9ae0-92475b5e85fe,16,2,2019-02-12 21:26:57+00:00,2020-04-08 18:24:58+00:00,0,0,0,8,5,2019 | 2020 | 2021 | 2022 | 2023,2019-04,2023-10,,,,,Not queried; sample limited to top 20 MMSI by gaps
412420805,PUYUAN777,PUYUAN777,CHN,46eadbf77-7128-85af-1a2c-41ae32a74311,16,2,2018-02-27 07:41:31+00:00,2019-03-29 14:45:12+00:00,0,0,0,5,4,2017 | 2018 | 2019 | 2022,2017-12,2022-06,,,,,Not queried; sample limited to top 20 MMSI by gaps
412422122,DONG ZHOU 22,DONG ZHOU 22,CHN,33fa5bffe-e28a-28a3-5876-519eefd68ce1 | b0541affb-b376-364e-f464-2d6f4249c308,16,4,2018-02-17 22:29:10+00:00,2024-03-25 04:15:40+00:00,0,0,0,12,8,2018 | 2019 | 2021 | 2022 | 2023 | 2024 | 2025 | 2026,2018-12,2026-05,,,,,Not queried; sample limited to top 20 MMSI by gaps
412440555,FU YUAN YU 7882,FU YUAN YU 7882,CHN,62e661a75-5ce1-a939-2c67-406400cbe622,16,2,2017-03-21 13:37:27+00:00,2018-03-18 20:55:19+00:00,0,0,0,9,6,2017 | 2019 | 2021 | 2023 | 2024 | 2025,2017-05,2025-05,,,,,Not queried; sample limited to top 20 MMSI by gaps
412549035,HENXING68,HENG XIN 68 | HENGXIN68 | HENXING68 | JIADE68,CHN,2b04344f4-427b-fde6-993a-b504e91ce881 | 668aa6d18-8510-eb49-ccc0-089cf6c2723a | b04e3ef87-787b-d78a-e166-af2aac3a4ef9 | fa9fe6374-4e94-c83a-12b6-cb4f44f8c412,16,5,2020-02-28 20:44:24+00:00,2024-02-26 14:54:14+00:00,1,0,1,16,6,2020 | 2022 | 2023 | 2024 | 2025 | 2026,2020-02,2026-05,,,,,Not queried; sample limited to top 20 MMSI by gaps
412880936,HEBEI8588,HEBEI8588,CHN,756680f5a-a9bd-1880-ce5a-4fbac698bddf,16,2,2017-03-04 13:14:28+00:00,2018-04-20 16:12:52+00:00,0,0,0,7,3,2017 | 2021 | 2023,2017-05,2023-05,,,,,Not queried; sample limited to top 20 MMSI by gaps
416242600,LIEN DAR,LIEN DAR | LINE  DAR,TWN,7c9d9c536-6b48-d653-ab1d-50a616b8be98 | d518a488d-d95d-cdfc-0955-b87965be5316 | f6db0b877-7c9f-e858-c74a-1b13f57283a5,16,5,2017-02-07 03:22:28+00:00,2024-02-16 22:06:49+00:00,0,0,0,0,0,,,,,,,,Not queried; sample limited to top 20 MMSI by gaps
416248500,JIN YANG,JIN YANG | PENG YANG,TWN,036ea36d0-0efb-cbcb-ff6f-9af04b202b70 | a6be35b94-41fd-f1dd-ced3-e6ed5457d396,16,4,2017-02-07 14:28:24+00:00,2026-03-14 08:59:01+00:00,0,0,0,1,1,2024,2024-01,2024-01,,,,,Not queried; sample limited to top 20 MMSI by gaps
416251900,SHIN TORNG SHING,SHIN TORNG SHING,TWN,b1efc4019-9f5a-779a-0bd3-228c24681a33 | e090dc49d-d283-1a03-ee91-438eb66de62c,16,5,2018-02-19 19:00:55+00:00,2024-04-23 18:03:18+00:00,0,0,0,0,0,,,,,,,,Not queried; sample limited to top 20 MMSI by gaps
416536000,HSIANG HAO NO:6,HSIANG HAO NO:6,TWN,e95f534b7-7411-4bdf-606b-178d33e9a23c,16,2,2017-02-24 08:45:01+00:00,2018-04-06 23:22:07+00:00,0,0,0,0,0,,,,,,,,Not queried; sample limited to top 20 MMSI by gaps
416706000,KIN LAI HSING,KIN LAI HSING,TWN,8b9b25d3b-bf2e-20d4-b070-a87d7ef8157f,16,3,2017-02-20 05:43:05+00:00,2019-03-30 16:33:42+00:00,0,0,0,0,0,,,,,,,,Not queried; sample limited to top 20 MMSI by gaps
701000719,7 DE DICIEMBRE,7 DE DICIEMBRE,ARG,2bb49f39f-fe81-fe93-0ebe-cd45a78eff20,16,6,2018-08-21 22:27:03+00:00,2025-04-11 08:57:28+00:00,16,16,16,96,9,2018 | 2019 | 2020 | 2021 | 2022 | 2023 | 2024 | 2025 | 2026,2018-08,2026-08,,,,,Not queried; sample limited to top 20 MMSI by gaps
701000940,DON LUIS I,DON LUIS I,ARG,49bc7177c-c130-f77f-d1cc-b22cd789a822 | 8f0113293-36f7-468c-c005-ffe1f53dfdc6 | 91123f136-66f4-aa21-e33a-ae19a2bc62dc,16,4,2017-03-09 03:22:03+00:00,2025-03-18 16:30:16+00:00,14,15,15,86,9,2017 | 2018 | 2019 | 2020 | 2022 | 2023 | 2024 | 2025 | 2026,2017-01,2026-07,,,,,Not queried; sample limited to top 20 MMSI by gaps
701000968,ACRUX,ACRUX,ARG,7bbc8ef6d-d665-7af3-c4a7-6e21865442b0 | d1db48234-4df2-6ebd-7ada-c30d756da31e | d5d02e059-903a-9275-22a3-1ba141bca98b,16,6,2019-03-07 21:56:10+00:00,2025-08-10 15:08:22+00:00,16,16,16,82,9,2018 | 2019 | 2020 | 2021 | 2022 | 2023 | 2024 | 2025 | 2026,2018-09,2026-08,,,,,Not queried; sample limited to top 20 MMSI by gaps
710191817,SKIPPER III,SKIPPER III,BRA,5fc92cc01-1959-7278-7cc1-1c62ffb798c9,16,3,2022-01-07 03:31:36+00:00,2024-01-16 10:43:29+00:00,0,0,0,0,0,,,,,,,,Not queried; sample limited to top 20 MMSI by gaps
740359000,ARGOS VIGO,ARGOS VIGO,FLK,3174edb8f-f7a0-5886-e3af-4d14029e371f,16,6,2017-02-02 19:49:22+00:00,2025-03-04 14:45:17+00:00,0,0,0,1,1,2020,2020-02,2020-02,,,,,Not queried; sample limited to top 20 MMSI by gaps
80,YM-03 71%,YM-03 50% | YM-03 71% | YM-03 90% | YM-03 91% | YM-03100%,UNKNOWN,03f4c3f10-036d-cad2-562b-20acdd6ef12c | 51da28807-731c-3b2e-c4e6-75710d63b9f5 | 611444ca2-2485-83a8-932c-52dbcb592666 | 6b330c651-1e73-a6ae-ef77-77b6ce069864 | c20fc1121-1bc1-ec68-05f5-a1407f23a162,16,2,2022-10-28 11:51:38+00:00,2023-09-04 18:14:38+00:00,0,0,0,0,0,,,,,,,,Not queried; sample limited to top 20 MMSI by gaps
997106010,PAULO ANDRE BOIA 7,PAULO ANDRE BOIA 7,UNKNOWN,cd66994d8-8223-2a0e-9bde-f2f5edf170f9,16,2,2025-04-21 00:04:13+00:00,2026-07-11 20:26:50+00:00,0,0,0,0,0,,,,,,,,Not queried; sample limited to top 20 MMSI by gaps
997108030,CAROLINA F BOIA 3,CAROLINA F BOIA 3,UNKNOWN,a1952baf0-038d-a32e-df0a-d5e1a5d29e0f,16,2,2025-08-31 17:38:09+00:00,2026-08-12 09:49:55+00:00,0,0,0,0,0,,,,,,,,Not queried; sample limited to top 20 MMSI by gaps
150402940,SHUNHANG1,LURONGYUANYU195 | SHUNHANG1,UNKNOWN,3cad995fd-dcf5-0729-62dd-9808dc38e87a | 9052527d4-414a-e8ba-82d4-8e202cc225aa | c6358da9d-dca4-bf9f-efad-04ac3f88b88a,15,3,2018-02-24 23:04:51+00:00,2021-01-09 07:19:09+00:00,0,0,0,3,2,2018 | 2019,2018-02,2019-04,,,,,Not queried; sample limited to top 20 MMSI by gaps
200006661,"829,","829,",UNKNOWN,c398007f8-8c24-e3ad-b190-2cfdb242d2ee | cb5fc25f5-5ae9-db5d-bca6-677f927948f8,15,3,2018-03-31 19:59:40+00:00,2021-11-23 13:49:34+00:00,0,0,0,0,0,,,,,,,,Not queried; sample limited to top 20 MMSI by gaps
412329436,LURONGYUANYU978,LURONGYUANYU978,CHN,1e19515ac-c7ca-8ab9-753f-6270a2a88127 | 34c2af89c-cabe-5868-2fc1-05de35c3d378 | 420721f85-5277-0e05-0fc4-f9243417ad49,15,6,2017-06-02 22:09:50+00:00,2024-12-31 15:08:06+00:00,0,0,0,12,7,2017 | 2018 | 2019 | 2021 | 2023 | 2024 | 2026,2017-01,2026-05,,,,,Not queried; sample limited to top 20 MMSI by gaps
412329697,LURONGYUANYU579,LURONGYUANYU579,CHN,704097670-030b-1570-17ee-98fcb212d7ca,15,2,2018-02-12 16:04:42+00:00,2020-04-20 19:47:10+00:00,0,0,0,5,4,2020 | 2021 | 2024 | 2026,2020-06,2026-05,,,,,Not queried; sample limited to top 20 MMSI by gaps
412333272,LU RONG YUAN YU 525,LU RONG YUAN YU 525,CHN,4912154bd-df3a-b0f3-c8d8-b38d713d0c3b,15,1,2018-02-11 02:49:31+00:00,2018-04-23 17:58:53+00:00,0,0,0,2,1,2018,2018-02,2018-05,,,,,Not queried; sample limited to top 20 MMSI by gaps
412336832,LURONGYUANYU702,LURONGYUANYU702,CHN,bf5ce284d-dcf1-22ae-9b86-cd81ebc67a93,15,2,2020-04-12 15:58:45+00:00,2021-03-01 00:11:19+00:00,0,0,0,11,6,2019 | 2020 | 2021 | 2023 | 2024 | 2026,2019-04,2026-06,,,,,Not queried; sample limited to top 20 MMSI by gaps
412420312,JIA DE 1,JIA DE 1 | JIADE1,CHN,01ffaabcb-b03f-74c9-a98d-b21dbec4c7cf | 5424c29d3-39b9-b2cf-f676-d3cb77f031b6 | 8a2901afc-c5b4-493c-ea24-73ff9fe6c790,15,4,2018-03-06 15:45:20+00:00,2025-03-13 01:38:25+00:00,1,0,1,16,8,2017 | 2018 | 2019 | 2021 | 2022 | 2023 | 2025 | 2026,2017-01,2026-05,,,,,Not queried; sample limited to top 20 MMSI by gaps
412420624,NING TAI 57,NING TAI 57,CHN,8a4758519-9633-2d39-f296-d16e3660965f,15,2,2018-04-20 16:33:16+00:00,2019-03-30 20:19:04+00:00,1,0,1,14,7,2017 | 2018 | 2019 | 2021 | 2023 | 2024 | 2025,2017-12,2025-01,,,,,Not queried; sample limited to top 20 MMSI by gaps
412420653,NINGTAI28,NINGTAI28,CHN,7f34b6c44-485f-53b5-0c4a-b26704efb4e2 | 87fda39a9-9c61-25c5-05d8-96b691ed1fdb,15,4,2019-02-20 19:16:58+00:00,2024-03-10 00:44:17+00:00,0,0,0,11,6,2019 | 2021 | 2023 | 2024 | 2025 | 2026,2019-04,2026-04,,,,,Not queried; sample limited to top 20 MMSI by gaps
412420687,HUA LI 18,HUA LI 18,CHN,e7acf767c-cb20-2364-2c58-ab5fe5a7bde3 | e8d4a8057-7090-5535-3f9c-ac320c641b19,15,4,2018-01-08 02:29:48+00:00,2025-04-01 01:50:07+00:00,0,0,0,14,9,2017 | 2018 | 2019 | 2020 | 2021 | 2023 | 2024 | 2025 | 2026,2017-01,2026-04,,,,,Not queried; sample limited to top 20 MMSI by gaps
412440732,FU YUAN YU 7605,FU YUAN YU 7605,CHN,ca7e4f350-0725-38d1-92fa-40ab80fdbab2 | cc1fe9a92-2778-b232-1371-336ee510385b,15,2,2020-01-20 21:38:15+00:00,2024-02-27 09:20:23+00:00,0,0,0,10,7,2020 | 2021 | 2022 | 2023 | 2024 | 2025 | 2026,2020-06,2026-05,,,,,Not queried; sample limited to top 20 MMSI by gaps
412549088,ZHAN HAI 004,ZHAN HAI 004,CHN,2e04319f3-312a-46e9-5029-1f9f92b7f2bd | 671f14320-0618-dcc7-7a2a-7db0bb6df40c,15,3,2021-03-03 10:06:51+00:00,2026-03-29 21:00:32+00:00,0,0,0,2,2,2025 | 2026,2025-05,2026-01,,,,,Not queried; sample limited to top 20 MMSI by gaps
416528000,WIN FAR TSAIR NO616,WIN FAR TSAIR NO.616 | WIN FAR TSAIR NO616,TWN,b19a104aa-a96e-5fcd-a524-b53693c6929c | f8fa0a39e-efb2-1454-7bc4-76ffd9740d60,15,3,2017-02-23 10:44:30+00:00,2020-04-28 10:09:51+00:00,0,0,0,0,0,,,,,,,,Not queried; sample limited to top 20 MMSI by gaps
701000818,DON SANTIAGO,DON SANTIAGO,ARG,23c93865d-d437-e909-d491-1af20d91d5ef | 7de210e6e-e179-41fc-8ef2-16c7ec49b203,15,5,2017-03-07 04:38:51+00:00,2026-09-01 11:00:01+00:00,15,15,15,115,10,2017 | 2018 | 2019 | 2020 | 2021 | 2022 | 2023 | 2024 | 2025 | 2026,2017-01,2026-08,,,,,Not queried; sample limited to top 20 MMSI by gaps
701006122,JUAN PABLO II,JUAN PABLO II,ARG,8422e2d13-3aaa-cc9d-f643-e2a588216fdb,15,2,2020-01-24 20:42:06+00:00,2021-04-21 15:57:49+00:00,4,6,7,82,8,2019 | 2020 | 2021 | 2022 | 2023 | 2024 | 2025 | 2026,2019-05,2026-08,,,,,Not queried; sample limited to top 20 MMSI by gaps
701007012,SANT ANTONIO,SANT ANTONIO,ARG,37212717a-a801-a040-480d-cf11ffb8287c,15,5,2021-02-22 14:31:01+00:00,2026-08-27 19:50:17+00:00,15,15,15,80,9,2018 | 2019 | 2020 | 2021 | 2022 | 2023 | 2024 | 2025 | 2026,2018-09,2026-08,,,,,Not queried; sample limited to top 20 MMSI by gaps
701536000,GC 27 PREFECTO FIQUE,GC 27 PREFECTO FIQUE | GC27 PR FIQUE,ARG,40149e91d-def3-2093-853b-42e1d9af14b8 | 73d1be2a5-582b-16c9-c567-3651f6f1d83b | bf518f057-71c2-23ce-1ead-526ca6832d9a,15,5,2017-02-01 18:00:28+00:00,2021-10-02 18:49:39+00:00,11,11,14,100,10,2017 | 2018 | 2019 | 2020 | 2021 | 2022 | 2023 | 2024 | 2025 | 2026,2017-01,2026-08,,,,,Not queried; sample limited to top 20 MMSI by gaps
982579081,EMPRESS WB1623,EMPRESS WB1623,UNKNOWN,d4da76f6b-b21a-b262-6ec6-79d6d623b81e,15,1,2020-01-21 13:43:39+00:00,2020-04-28 20:11:21+00:00,7,6,9,3,1,2020,2020-01,2020-04,,,,,Not queried; sample limited to top 20 MMSI by gaps
997104020,ANA CLARA BOIA 8,ANA CLARA BOIA 8,UNKNOWN,22b992918-887d-565c-4ca7-91f79e4b849e,15,2,2025-06-28 10:51:20+00:00,2026-07-04 07:35:18+00:00,0,0,0,0,0,,,,,,,,Not queried; sample limited to top 20 MMSI by gaps
997108027,MAR DE GAEL BOIA 1,MAR DE GAEL BOIA 1,UNKNOWN,7b03face7-79ed-08e0-7192-cebd1619f0e1,15,2,2025-07-13 07:21:10+00:00,2026-08-10 00:41:38+00:00,0,0,0,0,0,,,,,,,,Not queried; sample limited to top 20 MMSI by gaps
202000000,LU QING YUAN YU 202,LU QING YUAN YU 202,AND,3842e7d52-2ad4-e85f-9752-bd8c4d7c2049,14,2,2019-12-29 22:12:16+00:00,2020-06-04 21:28:32+00:00,0,0,0,0,0,,,,,,,,Not queried; sample limited to top 20 MMSI by gaps
412329654,LUPENGYUANYU027,LU PENG YUAN YU 027 | LUPENGYUANYU027,CHN,232cc8a08-82ff-2838-466a-ed8164c74d87 | 2fbb7e410-03b8-64e3-898c-5e05c66bf6df | 3f14b6291-14c7-6b1b-fb6d-f218bc331758 | d697f7dd4-4d6e-a828-ecda-47be9d5daf8c,14,5,2017-02-01 08:10:30+00:00,2024-03-10 04:01:50+00:00,0,0,0,2,1,2024,2024-02,2024-03,,,,,Not queried; sample limited to top 20 MMSI by gaps
412329695,LU RONG YUAN YU 895,895 | LU RO G YUAN YU 895 | LU RONG YUAN YU 895,CHN,75d0fd25f-f069-be43-bc92-56806401f465 | 80d90d276-62bd-93e2-02ba-a2e99ce40a9a | a2d6e26ba-aa14-2f1c-013e-0ea9bae70f27,14,6,2017-02-28 14:24:52+00:00,2026-01-03 22:28:12+00:00,0,0,0,5,4,2018 | 2019 | 2023 | 2026,2018-05,2026-05,,,,,Not queried; sample limited to top 20 MMSI by gaps
412331039,LUPENG YUAN YU 028,LUPENG YUAN YU 028,CHN,21d014136-6dbb-2a98-3f33-e609a7394ebc | f2353520a-a48b-72af-266e-dac02dea5780,14,3,2018-02-04 02:03:33+00:00,2023-03-18 13:53:38+00:00,0,0,0,0,0,,,,,,,,Not queried; sample limited to top 20 MMSI by gaps
412331148,LU PENG YUAN YU 089,LU PENG YUAN YU 089,CHN,66ff8c6f1-1e60-2f79-d8a7-c1627b7abc44,14,3,2017-12-29 11:15:30+00:00,2019-02-01 10:31:46+00:00,0,0,0,1,1,2024,2024-03,2024-03,,,,,Not queried; sample limited to top 20 MMSI by gaps
412337346,LU QING YUAN YU 278,LU QING YUAN YU 278,CHN,b26106a1a-ac44-030a-946d-16d93f788c1e,14,2,2019-02-23 20:54:18+00:00,2020-05-28 00:01:57+00:00,0,0,0,5,3,2020 | 2021 | 2022,2020-01,2022-04,,,,,Not queried; sample limited to top 20 MMSI by gaps
412371205,HU SHUN YU 08,HU SHUN YU 08,CHN,5b9b412f8-8849-4441-7226-cd2ebbf3097e,14,3,2018-12-27 09:18:23+00:00,2023-02-12 12:42:29+00:00,0,0,0,12,7,2017 | 2018 | 2019 | 2020 | 2021 | 2022 | 2023,2017-04,2023-11,,,,,Not queried; sample limited to top 20 MMSI by gaps
412420623,NING TAI 16,NING TAI 16,CHN,941f74d59-962b-afc9-0db2-99ab62a41118 | ef6e60460-0f2a-7f80-52db-0b6821333eb2,14,4,2019-01-12 10:52:11+00:00,2022-01-12 16:45:26+00:00,0,0,0,9,5,2018 | 2019 | 2020 | 2021 | 2022,2018-12,2022-04,,,,,Not queried; sample limited to top 20 MMSI by gaps
440502000,5.DONG IL,5.DONG IL,KOR,4fd368e18-8cc0-ca28-e8ce-a6bc327e774f,14,5,2017-03-09 03:22:09+00:00,2024-12-24 02:14:16+00:00,2,2,4,4,3,2018 | 2020 | 2024,2018-06,2024-12,,,,,Not queried; sample limited to top 20 MMSI by gaps
701000537,IGLU 1,IGLU 1,ARG,152ddc3d6-6db7-804a-6832-ec3d4b75d931,14,3,2023-03-09 08:16:38+00:00,2025-09-21 23:49:23+00:00,14,14,14,79,10,2017 | 2018 | 2019 | 2020 | 2021 | 2022 | 2023 | 2024 | 2025 | 2026,2017-07,2026-08,,,,,Not queried; sample limited to top 20 MMSI by gaps
701000803,PATAGONIA,PATAGONIA,ARG,890119217-7374-ed73-b0da-7d6959a2d304 | d860cdc76-6fc5-d447-0a39-03267aea3d67,14,2,2019-07-26 22:34:03+00:00,2026-09-02 11:12:02+00:00,14,14,14,98,10,2017 | 2018 | 2019 | 2020 | 2021 | 2022 | 2023 | 2024 | 2025 | 2026,2017-01,2026-08,,,,,Not queried; sample limited to top 20 MMSI by gaps
701006755,** HU YU 908 **,** HU YU 908 **,ARG,31a236277-7547-ff86-3a54-8b7cd0283d66,14,4,2018-04-14 04:30:31+00:00,2026-03-21 10:56:40+00:00,13,14,14,84,9,2018 | 2019 | 2020 | 2021 | 2022 | 2023 | 2024 | 2025 | 2026,2018-01,2026-08,,,,,Not queried; sample limited to top 20 MMSI by gaps
710000001,KOPESCA I NETFISH A,FISHNET A YAMAYA III | FLORIPA SL III | KOPESCA I NETFISH A | MARBELA I B FISH NET,BRA,29fdeb856-681c-57a1-db1b-9526990bf632 | 2d0783665-577d-a91c-81b5-809b17ea33de | 8ab33b521-13af-a7c3-4d5f-2b721d8bd44f | 9df3c940f-f363-3fa9-adc3-97bb573342f0,14,2,2019-04-04 08:59:15+00:00,2020-05-05 16:40:07+00:00,0,0,0,0,0,,,,,,,,Not queried; sample limited to top 20 MMSI by gaps
710000021,CAIO SANTOS I - B5,CAIO SANTOS I - B5 | SAMBAQUI III B3100% | ZSY00071-21-68%,BRA,18bc77e64-4456-2600-7f58-8f105131e3d6 | 5ab33856d-db9b-f6ed-15d4-2572ab4cb24e | a21bef7f6-62c3-6625-262f-7b343e527c15,14,3,2022-08-27 17:54:51+00:00,2024-09-18 16:34:56+00:00,0,0,0,0,0,,,,,,,,Not queried; sample limited to top 20 MMSI by gaps
710714091,GUADALAJARA,AGUIA XVII | GUADALAJARA,BRA,924d13a8a-a881-8d94-792d-4dff99c7663d | b02f46d53-3426-9089-2b38-9f3cbfc722ba,14,3,2021-02-15 18:09:07+00:00,2025-12-13 10:34:19+00:00,0,0,0,0,0,,,,,,,,Not queried; sample limited to top 20 MMSI by gaps
740344000,GOLDEN CHICHA,GOLDEN CHICHA,FLK,174d4c4ba-a42e-d1ce-0c25-e3d8c583d270,14,3,2017-02-13 11:04:14+00:00,2019-07-18 10:30:59+00:00,0,0,0,0,0,,,,,,,,Not queried; sample limited to top 20 MMSI by gaps
740353000,ARGOS PEREIRA,ARGOS PEREIRA,FLK,b382b8f1c-ce5f-8c50-13d5-e4b827802960,14,5,2017-02-09 16:49:13+00:00,2023-05-04 01:50:36+00:00,0,0,0,0,0,,,,,,,,Not queried; sample limited to top 20 MMSI by gaps
75,MB-04 75%,MB-04 51% | MB-04 60% | MB-04 67% | MB-04 70% | MB-04 75% | MB-04 87% | MB-04 91% | MB-04 93% | MB-04 95%,UNKNOWN,19da8b4fa-a5cf-4bb4-67f3-48d3b054cd67 | 28d326505-5247-977d-9dbf-f760936e1c98 | 70aca0316-68b7-9bd7-451c-fc7549fd5a06 | 800ec056d-dc51-59f2-912d-b913411f0172 | 8d3d15b55-5072-5e0c-b7fe-9c31a1b166db | 9a5476123-3a4c-52bf-1ec6-1b55a2158cf8 | b0a0647fc-c44b-aa8c-576b-c7fe01634b93 | da782f4b3-3e5c-3989-2d69-e5b1c80d6fbe | ec015a760-024d-7629-1d33-7557a5a23d71,14,3,2022-10-21 12:25:14+00:00,2024-05-14 13:33:35+00:00,0,0,0,0,0,,,,,,,,Not queried; sample limited to top 20 MMSI by gaps
212000000,LU QING YUAN YU 212,LU QING YUAN YU 212,CYP,d884a89ba-a5c0-3867-a4b0-13669e3ce4db,13,1,2019-07-31 06:57:07+00:00,2019-10-11 07:01:27+00:00,0,0,0,0,0,,,,,,,,Not queried; sample limited to top 20 MMSI by gaps
224388201,,,ESP,ce8f9b09a-a831-63a7-96f1-5d5123797140,13,1,2017-01-04 11:22:26+00:00,2017-01-21 07:06:29+00:00,0,0,0,0,0,,,,,,,,Not queried; sample limited to top 20 MMSI by gaps
273340810,SEVERNAYA ZEMLIA,SEVERNAYA ZEMLIA,RUS,3656aa243-3456-e620-d7d4-21eeb13247c6,13,2,2023-03-06 08:56:44+00:00,2024-08-08 06:32:06+00:00,1,0,1,5,1,2023,2023-03,2023-09,,,,,Not queried; sample limited to top 20 MMSI by gaps
412331088,LU HUANG YUAN YU 118,LU HUANG YUAN YU 118,CHN,9a268842c-cdc1-f3cc-9400-557eb622550f,13,2,2017-03-21 14:35:08+00:00,2019-03-31 22:14:46+00:00,0,0,0,5,4,2017 | 2020 | 2021 | 2026,2017-02,2026-05,,,,,Not queried; sample limited to top 20 MMSI by gaps
412331176,LU RONG YUAN YU 882,LU RONG YUAN YU 882,CHN,875ec9f30-01d6-8237-6214-fdadd6a1ff2d,13,1,2021-03-12 22:30:47+00:00,2021-08-10 22:30:02+00:00,0,0,0,0,0,,,,,,,,Not queried; sample limited to top 20 MMSI by gaps
412331181,LU RONG YUAN YU 939,LU RONG YUAN YU 939,CHN,2cd0feb0b-bbea-d2e3-067b-675721ea90a3,13,3,2018-03-24 22:25:10+00:00,2021-04-30 06:35:56+00:00,0,0,0,9,6,2018 | 2019 | 2020 | 2024 | 2025 | 2026,2018-05,2026-05,,,,,Not queried; sample limited to top 20 MMSI by gaps
412333656,LULANYUANYU068,LU LAN YUAN YU 068 | LULANYUANYU068,CHN,5077b3a93-3e6f-50dc-b6d3-9c0bc59919c2 | ce9957c05-5798-e333-411f-2a6714eb7ddc,13,5,2019-02-15 17:35:11+00:00,2025-02-23 20:58:31+00:00,0,0,0,13,7,2019 | 2020 | 2022 | 2023 | 2024 | 2025 | 2026,2019-02,2026-05,,,,,Not queried; sample limited to top 20 MMSI by gaps
412420013,HAI LI 18,HAI LI 18,CHN,421969452-2fc8-d6b7-19eb-caf5de67a1d6,13,4,2018-03-02 15:35:52+00:00,2022-05-03 21:22:26+00:00,0,0,0,12,7,2017 | 2018 | 2020 | 2022 | 2023 | 2024 | 2025,2017-05,2025-05,,,,,Not queried; sample limited to top 20 MMSI by gaps
412420472,MING ZHOU 8,MING ZHOU 8,CHN,6f2b85966-6046-7c2f-7dd2-872e1d913d0a | e60092850-0849-6715-c7b3-445a3000bbcb,13,5,2017-03-09 03:20:46+00:00,2022-01-27 01:13:55+00:00,0,0,0,8,6,2017 | 2018 | 2019 | 2020 | 2021 | 2022,2017-04,2022-04,,,,,Not queried; sample limited to top 20 MMSI by gaps
412549079,ZHEPUYUAN37,ZHEPUYUAN37,CHN,59fa5b11d-d46d-4e4e-66d1-bbee043fd708,13,2,2020-03-11 21:46:07+00:00,2025-05-27 18:32:40+00:00,0,0,0,14,7,2020 | 2021 | 2022 | 2023 | 2024 | 2025 | 2026,2020-01,2026-05,,,,,Not queried; sample limited to top 20 MMSI by gaps
412549097,HONG-PU-17,HONG-PU-17,CHN,de4097a30-0340-ebc8-3f17-18ba7ea0840a,13,1,2020-02-28 15:36:16+00:00,2020-05-15 21:46:40+00:00,0,0,0,15,7,2020 | 2021 | 2022 | 2023 | 2024 | 2025 | 2026,2020-02,2026-05,,,,,Not queried; sample limited to top 20 MMSI by gaps
416004244,HUA SHENG NO.668,HUA SHENG NO.668 | HUA SHENG NO668,TWN,911d5ad98-819a-eb83-c5f2-1558b2de30fe | c7135fa22-2a7f-dd99-ab5f-e98f000c88a6,13,2,2017-02-24 23:32:18+00:00,2018-03-12 08:46:16+00:00,0,0,0,0,0,,,,,,,,Not queried; sample limited to top 20 MMSI by gaps
416018500,JIH DA 6,ABB | JIH DA 6,TWN,7d0a946db-b1cf-8291-721b-2551da37b332 | fcb7f29c4-435d-341a-838f-ce6896aa0f60,13,3,2017-02-24 18:53:18+00:00,2019-01-20 19:33:27+00:00,1,0,1,1,1,2019,2019-01,2019-01,,,,,Not queried; sample limited to top 20 MMSI by gaps
416241700,SHIN YANG,SHIN YANG,TWN,007af3472-2242-16d9-c3f5-c2bfd250e8c3 | 0985d4fe6-6d3d-9db2-520f-8500f342046e,13,4,2017-02-07 17:58:23+00:00,2026-04-09 05:34:06+00:00,0,0,0,1,1,2024,2024-01,2024-01,,,,,Not queried; sample limited to top 20 MMSI by gaps
440899000,F/V SAE IN CHAMPION,F/V SAE IN CHAMPION,KOR,55ede9f2f-fec5-9ff7-9e9b-1fc4b047cb24 | 79a8b15f7-7187-51af-b3d7-9a5cd0cb5b6c,13,2,2017-01-07 04:56:24+00:00,2018-03-29 04:47:14+00:00,0,0,0,2,2,2024 | 2026,2024-03,2026-01,,,,,Not queried; sample limited to top 20 MMSI by gaps
701000732,NAVEGANTES,NAVEGANTES,ARG,215681f1f-fcd8-ae40-0713-4a4aa8ea4cf7,13,6,2017-10-09 17:37:45+00:00,2023-01-17 18:02:46+00:00,13,12,13,105,10,2017 | 2018 | 2019 | 2020 | 2021 | 2022 | 2023 | 2024 | 2025 | 2026,2017-01,2026-08,,,,,Not queried; sample limited to top 20 MMSI by gaps
701000752,DON RAIMUNDO,DON RAIMUNDO,ARG,9095a6ea8-87bb-938b-4b40-7ffad9566143,13,7,2019-10-13 03:55:22+00:00,2026-02-04 01:18:04+00:00,13,13,13,78,9,2018 | 2019 | 2020 | 2021 | 2022 | 2023 | 2024 | 2025 | 2026,2018-05,2026-08,,,,,Not queried; sample limited to top 20 MMSI by gaps
701037000,DON PEDRO,DON PEDRO | DP,ARG,4723e8576-6ec2-f4a7-2bc6-3bdb68f05a2a | be6a85a75-5e1a-2d34-5279-4502f2e45e31,13,3,2019-06-01 15:05:08+00:00,2026-08-16 21:52:15+00:00,13,13,13,86,9,2017 | 2018 | 2019 | 2020 | 2021 | 2022 | 2024 | 2025 | 2026,2017-01,2026-08,,,,,Not queried; sample limited to top 20 MMSI by gaps
701056000,ALDEBARAN,ALDEBARAN,ARG,31c653be3-365d-8f3f-a905-5edff21db5b0 | 42caabafe-e1a2-bc3e-2b91-7ee932ad3192,13,3,2017-02-12 01:49:53+00:00,2020-04-26 18:16:42+00:00,13,12,13,94,10,2017 | 2018 | 2019 | 2020 | 2021 | 2022 | 2023 | 2024 | 2025 | 2026,2017-01,2026-08,,,,,Not queried; sample limited to top 20 MMSI by gaps
710124688,EDSON MATHEUS I,BOIA 6 EDSON MAT. I | EDSON MATHEUS I,BRA,ae5941cf7-749e-60b4-aae7-9acea377c205 | bb3f27539-962b-46c5-757d-365cf1fcbeb2,13,1,2025-02-26 12:24:18+00:00,2025-11-25 09:23:48+00:00,0,0,0,0,0,,,,,,,,Not queried; sample limited to top 20 MMSI by gaps
997108482,VO HELENA 04 100%,VO HELENA 04 100% | VO HELENA 04 90% | VO HELENA 04 92% | VO HELENA 04 93% | VO HELENA 04 96% | VO HELENA 04 97% | VO HELENA 04 98%,UNKNOWN,58876822e-e848-a6c0-d49a-8c570b50e78c | 6961fa8a7-7cc9-7cb6-b02c-25e3b552363c | 7705abfa9-9260-ba47-c25a-ecc1a318ccea | 7eb595d33-37f3-970c-005f-ee8b50f5cf71 | 8fa2904dd-d11f-4469-25de-6a62a2a2e4d9 | bbbcdef2c-cb94-819f-0449-bada5b59ebbd | c55818dc2-2f83-c37f-9f3b-1b004fe7e250 | fa8056c31-1a40-7a95-6bac-8887a5b36092,13,2,2023-10-28 16:56:06+00:00,2024-08-21 14:10:26+00:00,0,0,0,0,0,,,,,,,,Not queried; sample limited to top 20 MMSI by gaps
412300376,TIAN XIANG 58,TIAN XIANG 58,CHN,a7ee09180-05fd-803f-3ee3-df6ad4d118a1 | ae48e3b44-4f9c-103d-0e86-32148ea44e5e,12,3,2018-02-04 05:31:41+00:00,2025-01-10 05:45:39+00:00,0,1,1,3,2,2019 | 2025,2019-03,2025-12,,,,,Not queried; sample limited to top 20 MMSI by gaps
412329656,LU HUANG YUAN YU 106,LU HUANG YUAN YU 106,CHN,0f8f8d6c3-366e-76e8-9cd7-2bbad8076609,12,3,2017-03-21 11:50:17+00:00,2019-03-20 03:40:42+00:00,0,0,0,1,1,2025,2025-01,2025-01,,,,,Not queried; sample limited to top 20 MMSI by gaps
412331077,LUYANYUANYU 017,LURONGYUANYU678 | LUYANYUANYU 017,CHN,0e71953d4-43c7-7528-a835-1c042077184f | 74e6fc600-074a-2672-505f-649c073eda84,12,2,2020-05-04 07:59:37+00:00,2022-04-17 23:11:42+00:00,0,0,0,5,3,2018 | 2020 | 2021,2018-04,2021-12,,,,,Not queried; sample limited to top 20 MMSI by gaps
412331174,LURONGYUANYU178,LURONGYUANYU178,CHN,07505d332-26fe-3a39-9232-27deb366e8d1,12,3,2017-01-01 14:43:05+00:00,2019-03-22 15:05:10+00:00,0,0,0,3,2,2018 | 2019,2018-05,2019-04,,,,,Not queried; sample limited to top 20 MMSI by gaps
412420578,RUNDA605,RUNDA605,CHN,4a657b24d-dff8-865e-4adf-7c62bad98e3b | d7f242e4c-c290-080f-9a51-8d0c3ea405d8,12,1,2018-02-21 23:34:33+00:00,2018-05-22 15:39:05+00:00,0,0,0,8,5,2017 | 2018 | 2021 | 2022 | 2023,2017-11,2023-03,,,,,Not queried; sample limited to top 20 MMSI by gaps
412420809,MING XIANG 818,MING XIANG 818 | MING XIANG818,CHN,0d594db66-6431-ec0c-9eb6-1a165cbacfba | 90dfca8c0-036b-8e6c-c7e4-3f12ec7bdcee | eee2bf979-9ef4-9c4e-6b1f-c1a8854bba25,12,3,2018-04-06 19:54:29+00:00,2022-04-08 12:54:12+00:00,0,0,0,9,5,2017 | 2018 | 2019 | 2021 | 2022,2017-12,2022-06,,,,,Not queried; sample limited to top 20 MMSI by gaps
412420912,ZHOU YU 8,ZHOU YU 8,CHN,29980b81f-fa56-10bb-3170-635a65ac4cc3,12,2,2017-02-13 09:26:40+00:00,2018-03-01 08:19:41+00:00,0,0,0,9,5,2017 | 2019 | 2020 | 2022 | 2024,2017-01,2024-06,,,,,Not queried; sample limited to top 20 MMSI by gaps
412421087,JIN HAI779,JIN HAI779,CHN,436add3f0-0f87-aa46-1e0f-b54445f25bd9,12,3,2020-06-01 20:01:44+00:00,2023-03-30 13:04:25+00:00,0,0,0,13,9,2018 | 2019 | 2020 | 2021 | 2022 | 2023 | 2024 | 2025 | 2026,2018-12,2026-05,,,,,Not queried; sample limited to top 20 MMSI by gaps
412424703,JIA DE 22,JIA DE 22 | SHUN ZE 18,CHN,d5d6acf62-2b18-5283-5942-5be536b09957 | ee322619c-c06f-6f6f-503a-47ed0a11a662,12,3,2019-02-17 10:11:02+00:00,2026-04-08 14:03:41+00:00,0,0,0,20,10,2017 | 2018 | 2019 | 2020 | 2021 | 2022 | 2023 | 2024 | 2025 | 2026,2017-01,2026-05,,,,,Not queried; sample limited to top 20 MMSI by gaps
412439587,OU YA 8,OU YA 8,CHN,226783794-450d-1109-2437-7e351c12c51b | e79696b19-90d6-798e-0e91-a8eaabb475ac,12,6,2018-01-24 15:38:07+00:00,2025-03-31 09:21:43+00:00,0,0,0,19,8,2017 | 2018 | 2019 | 2021 | 2022 | 2024 | 2025 | 2026,2017-01,2026-06,,,,,Not queried; sample limited to top 20 MMSI by gaps
412440452,FU YUAN YU7880,FU YUAN YU7880,CHN,57290e4d9-9188-e9c7-b727-3c77bd8ab845 | 8d343e936-6b43-7b23-67dc-57ac913994ee,12,4,2017-01-03 12:09:16+00:00,2023-12-22 10:02:09+00:00,1,1,1,8,5,2017 | 2019 | 2021 | 2023 | 2025,2017-05,2025-05,,,,,Not queried; sample limited to top 20 MMSI by gaps
412440728,FU YUAN YU 7602,FU YUAN YU 7602,CHN,106a416ac-ce88-1f38-b9ac-41975c2ea054,12,1,2020-03-10 00:35:15+00:00,2020-04-25 17:00:08+00:00,0,0,0,12,7,2020 | 2021 | 2022 | 2023 | 2024 | 2025 | 2026,2020-06,2026-06,,,,,Not queried; sample limited to top 20 MMSI by gaps
412440729,FU YUAN YU 7603,FU YUAN YU 7603,CHN,34b030c9b-bc19-39e6-a7de-37f58fd032ba | 825cb8dae-e38d-a2a0-ff26-f86b0abe493c,12,2,2020-02-28 18:01:37+00:00,2026-03-10 04:33:42+00:00,0,0,0,10,7,2020 | 2021 | 2022 | 2023 | 2024 | 2025 | 2026,2020-06,2026-05,,,,,Not queried; sample limited to top 20 MMSI by gaps
412549278,LU RONG YUAN YU 835,LU RONG YUAN YU 835,CHN,ede52269a-a3fd-1177-03d7-8e01828efd44,12,3,2023-02-08 00:15:08+00:00,2025-02-13 03:43:50+00:00,0,1,1,11,7,2020 | 2021 | 2022 | 2023 | 2024 | 2025 | 2026,2020-12,2026-04,,,,,Not queried; sample limited to top 20 MMSI by gaps
412690720,ZHOUYUYIHAO,ZHOU YU 1 | ZHOUYUYIHAO,CHN,236cd0608-8f12-452b-3764-3d1900759946 | 487282368-8150-40fb-572f-4eb47efe41a2,12,1,2019-02-13 17:58:44+00:00,2019-04-13 15:53:06+00:00,0,0,0,4,3,2018 | 2021 | 2022,2018-04,2022-05,,,,,Not queried; sample limited to top 20 MMSI by gaps
416233800,XING HUA SHENG NO616,XING HUA SHENG NO616,TWN,a28f3f51c-cb7d-32eb-58f3-31c4b187b530 | d26eb5be7-7106-80fe-d57f-8f1edd1ec2f8,12,4,2017-02-08 18:17:47+00:00,2022-05-06 23:00:18+00:00,0,0,0,1,1,2023,2023-02,2023-02,,,,,Not queried; sample limited to top 20 MMSI by gaps
416236900,SHUENN MAN 626,SHUENN MAN 626,TWN,567e5c2e0-0b80-37d3-e062-511bd4f55788,12,3,2017-02-10 22:29:54+00:00,2019-02-08 13:58:12+00:00,0,0,0,0,0,,,,,,,,Not queried; sample limited to top 20 MMSI by gaps
613864704,FU YANG 3,FU YANG 3,CMR,3910c68a0-043b-09a0-6b1b-46a8b75c9ea3,12,2,2024-03-17 19:47:04+00:00,2025-01-16 18:59:45+00:00,0,0,0,2,1,2024,2024-01,2024-03,,,,,Not queried; sample limited to top 20 MMSI by gaps
701000615,MISS PATAGONIA,MISS PATAGONIA,ARG,d0d77153a-a67e-26e3-8f5f-a808eb158366 | e2b31b963-367c-a448-a9a0-f94414736c3b,12,4,2020-08-01 04:58:42+00:00,2026-08-27 00:13:04+00:00,12,12,12,91,10,2017 | 2018 | 2019 | 2020 | 2021 | 2022 | 2023 | 2024 | 2025 | 2026,2017-02,2026-08,,,,,Not queried; sample limited to top 20 MMSI by gaps
701000627,TAI AN,TAI AN,ARG,3be99f178-8fdb-74e2-a502-70eff244b4e0,12,2,2017-03-07 14:59:14+00:00,2018-04-22 07:46:27+00:00,7,6,8,116,10,2017 | 2018 | 2019 | 2020 | 2021 | 2022 | 2023 | 2024 | 2025 | 2026,2017-01,2026-08,,,,,Not queried; sample limited to top 20 MMSI by gaps
701019000,CENTAURO 2000,CENTAURO 2000,ARG,a4e571776-66ea-dcfc-14e9-3c14cd2b5490,12,5,2017-02-11 22:11:55+00:00,2026-08-03 17:42:26+00:00,12,12,12,91,10,2017 | 2018 | 2019 | 2020 | 2021 | 2022 | 2023 | 2024 | 2025 | 2026,2017-01,2026-08,,,,,Not queried; sample limited to top 20 MMSI by gaps
710555030,AUSTRIA,AUSTRIA | UNIMAR-III,BRA,0e21789e6-6108-15db-7b95-1ed5daa9aaed | 5368e744c-c017-6ed8-caea-029a3149c068 | 8faf31453-35e5-e617-1d3b-bc54cf053d29,12,6,2019-05-22 22:19:38+00:00,2025-07-23 23:25:46+00:00,0,0,0,0,0,,,,,,,,Not queried; sample limited to top 20 MMSI by gaps
725000667,GLOBALPESCA III,GLOBALPESCA III,CHL,cb421ca09-9742-e449-7ec0-fa62956cf83f,12,4,2018-09-18 22:31:44+00:00,2023-12-02 08:32:15+00:00,0,0,0,25,8,2017 | 2018 | 2019 | 2020 | 2022 | 2023 | 2024 | 2025,2017-01,2025-06,,,,,Not queried; sample limited to top 20 MMSI by gaps
412331054,LU HUANG YUAN YU 115,LU HUANG YUAN YU 115,CHN,5263f8b26-6e43-e917-d9c1-94247cc19180 | ecafbce93-3bb0-c879-8751-0a7e0de21cc3,11,4,2017-02-15 05:50:00+00:00,2026-04-20 02:32:44+00:00,0,0,0,2,1,2017,2017-05,2017-12,,,,,Not queried; sample limited to top 20 MMSI by gaps
412420313,JIADE2,JIADE | JIADE2,CHN,07765a40f-f190-b904-43f6-ab12d9dbc9d4 | 13a77c381-1ddf-fddb-4a73-5ccce2f77384,11,2,2018-03-03 00:58:45+00:00,2019-04-03 03:18:00+00:00,0,0,0,16,7,2017 | 2019 | 2021 | 2023 | 2024 | 2025 | 2026,2017-12,2026-05,,,,,Not queried; sample limited to top 20 MMSI by gaps
412420666,1BE,1BE,CHN,93e6130f1-15f6-f9d3-d6c3-cbe4340c22b7,11,1,2018-03-12 17:07:31+00:00,2018-04-06 18:16:51+00:00,0,0,0,1,1,2018,2018-04,2018-04,,,,,Not queried; sample limited to top 20 MMSI by gaps
412420935,ZHOU YU 9,ZHOU YU 9,CHN,d5c0f7063-3dca-d026-914b-d090be2b32c6,11,2,2017-04-03 16:58:48+00:00,2018-03-22 23:27:41+00:00,0,0,0,4,2,2017 | 2018,2017-03,2018-10,,,,,Not queried; sample limited to top 20 MMSI by gaps
412435469,OUYA18,OUYA18,CHN,34200c8e2-2273-d2cc-46ea-ecaf39a11c75,11,2,2020-03-26 14:10:05+00:00,2023-04-04 09:14:02+00:00,0,0,0,9,4,2020 | 2021 | 2023 | 2025,2020-01,2025-04,,,,,Not queried; sample limited to top 20 MMSI by gaps
412440657,FUYUANYU7655,FU YUAN YU 7868 | FU YUAN YU 7869 | FUYUANYU7655,CHN,3824910e5-5798-0578-59ac-33e501f2de21 | b7c163734-4c03-dac5-231b-d4ed13710fba | cbf89a7c4-4013-666e-5ebf-70f2cf50da96,11,3,2019-03-05 14:05:45+00:00,2026-04-21 21:40:53+00:00,0,0,0,9,6,2019 | 2021 | 2023 | 2024 | 2025 | 2026,2019-02,2026-05,,,,,Not queried; sample limited to top 20 MMSI by gaps
412440664,FUYUANYU7874,FUYUANYU7874,CHN,0a3338bde-ebb7-6ec4-28d9-7f4320e92878 | 4f6bf8bfd-dcdb-3778-1e9f-7dc9e70a4dc2,11,1,2021-12-08 20:37:05+00:00,2021-12-31 10:34:25+00:00,0,0,0,2,2,2021 | 2022,2021-12,2022-06,,,,,Not queried; sample limited to top 20 MMSI by gaps
412549095,LURONGYUANYU696,LURONGYUANYU696,CHN,06ed390bb-b9ac-af50-fc3f-b50be214efa6 | a193aad4c-c39d-1d9f-80e6-2d10479587f1,11,3,2020-02-26 14:10:51+00:00,2025-03-11 22:51:11+00:00,0,0,0,9,5,2020 | 2021 | 2024 | 2025 | 2026,2020-02,2026-05,,,,,Not queried; sample limited to top 20 MMSI by gaps
412549098,MING XIANG 858,MING XIANG 858,CHN,6cfacb47b-b735-78cd-4b04-10d17c33d3ae,11,4,2020-02-12 20:53:13+00:00,2026-04-30 23:39:47+00:00,0,0,0,14,6,2020 | 2021 | 2022 | 2023 | 2024 | 2026,2020-01,2026-05,,,,,Not queried; sample limited to top 20 MMSI by gaps
412549348,LURONGYUANYU697,LURONGYUANYU697,CHN,a8e406824-4582-78d4-6f2d-1e417111e5ec,11,3,2022-01-08 04:53:58+00:00,2024-05-21 20:00:19+00:00,0,0,0,6,4,2022 | 2024 | 2025 | 2026,2022-06,2026-05,,,,,Not queried; sample limited to top 20 MMSI by gaps
416004842,JYI YANG,JYI YANG,TWN,7da4d45cb-b2c2-5432-798e-bfc30c410af0,11,3,2017-02-10 03:40:01+00:00,2020-04-24 22:06:45+00:00,0,0,0,0,0,,,,,,,,Not queried; sample limited to top 20 MMSI by gaps
416030500,SOLAR NO.101,SOLAR NO.101,TWN,f9f8dcfcc-c35c-02e0-acf1-47564799ff56,11,1,2017-02-16 05:00:08+00:00,2017-04-19 02:50:17+00:00,0,0,0,0,0,,,,,,,,Not queried; sample limited to top 20 MMSI by gaps
416243800,JAI FA NO.2,JAI FA NO.2,TWN,a9dc799cd-d7f7-47fe-c0a8-514ea410a01a,11,3,2017-01-29 03:41:01+00:00,2019-01-24 07:27:03+00:00,0,0,0,0,0,,,,,,,,Not queried; sample limited to top 20 MMSI by gaps
416336000,KAO FONG NO 372,KAO FONG NO 372,TWN,d249a2259-905e-92ba-629f-c7c45d7ec6d5,11,1,2017-04-12 12:04:52+00:00,2017-08-31 06:56:02+00:00,0,0,0,0,0,,,,,,,,Not queried; sample limited to top 20 MMSI by gaps
416350000,JIH DA YNG,JIH DA YNG,TWN,b08bb146a-a332-d5fc-3092-d9fe5524440f | e5365f506-6bc2-b825-56c3-f9e26ad48405,11,5,2017-02-21 21:39:21+00:00,2021-02-22 14:01:18+00:00,0,0,0,0,0,,,,,,,,Not queried; sample limited to top 20 MMSI by gaps
416563000,JIN  YUH LONG,JIN  YUH LONG,TWN,750f6dcf4-47e9-6058-3d82-19081ea7bc37,11,2,2018-02-26 22:44:45+00:00,2019-03-02 20:09:00+00:00,0,0,0,2,2,2018 | 2019,2018-01,2019-01,,,,,Not queried; sample limited to top 20 MMSI by gaps
440652000,808TONGYOUNG,808TONGYOUNG,KOR,7cbbd11ca-a7dd-2bb9-4440-d0d6db7f99be | fba44edda-ae89-f1a2-d20b-964a280c8877,11,3,2017-01-13 18:23:26+00:00,2019-05-17 14:51:56+00:00,0,1,1,8,5,2017 | 2018 | 2019 | 2020 | 2022,2017-01,2022-02,,,,,Not queried; sample limited to top 20 MMSI by gaps
441384000,NO.805 TONG YOUNG,NO.805 TONG YOUNG,KOR,05fb1c3ce-ee62-b924-9532-3cd25a5a5943 | 11d99d489-90b9-6eca-931f-903802905f4c | 9fe6b37aa-adbf-ce08-696e-42bb3cd6d4d3,11,1,2023-02-19 09:42:42+00:00,2023-04-20 13:11:35+00:00,0,0,0,2,1,2022,2022-01,2022-05,,,,,Not queried; sample limited to top 20 MMSI by gaps
58,AUG-C-10100%,AUG-C-10100%,UNKNOWN,cc642de28-8972-bd6c-7e01-c4974aad9499,11,2,2022-12-22 07:23:55+00:00,2024-04-06 08:16:20+00:00,0,0,0,0,0,,,,,,,,Not queried; sample limited to top 20 MMSI by gaps
701000727,DON AGUSTIN,DON AGUSTIN,ARG,f145c30f8-88be-9c7b-bb7c-c3579794c259,11,5,2021-10-21 06:18:07+00:00,2026-09-02 05:09:46+00:00,11,11,11,62,6,2021 | 2022 | 2023 | 2024 | 2025 | 2026,2021-07,2026-08,,,,,Not queried; sample limited to top 20 MMSI by gaps
701006062,MAREJADA,MAREJADA,ARG,ea5cca6dd-d2e6-452e-240d-a92ba60d5df7,11,5,2018-02-21 10:32:13+00:00,2025-04-11 00:50:00+00:00,11,11,11,106,10,2017 | 2018 | 2019 | 2020 | 2021 | 2022 | 2023 | 2024 | 2025 | 2026,2017-10,2026-08,,,,,Not queried; sample limited to top 20 MMSI by gaps
701043000,API VII,API VII,ARG,17af54b8a-ad5d-f96c-8393-b2d889f09c1c,11,4,2019-05-14 07:49:48+00:00,2023-10-08 12:10:17+00:00,11,11,11,93,9,2018 | 2019 | 2020 | 2021 | 2022 | 2023 | 2024 | 2025 | 2026,2018-08,2026-08,,,,,Not queried; sample limited to top 20 MMSI by gaps
710123091,KOPESCA IV,KOPESCA IV,BRA,abcfc7ff8-8641-2428-cd6e-b778a9dd5df9,11,2,2023-12-07 09:52:05+00:00,2024-05-26 09:05:02+00:00,0,0,0,0,0,,,,,,,,Not queried; sample limited to top 20 MMSI by gaps
710922429,LUA NOVA,LUA NOVA,BRA,089ce5a20-06b4-66eb-9290-aaeca7f3f888,11,1,2024-01-10 14:33:00+00:00,2024-04-15 18:06:51+00:00,0,0,0,0,0,,,,,,,,Not queried; sample limited to top 20 MMSI by gaps
710955786,FELIPE MARQUES,FELIPE MARQUES,BRA,41cf19f6c-c3fe-6416-84d8-bbeb688dfe94,11,2,2023-08-25 14:08:03+00:00,2024-11-29 10:30:14+00:00,0,0,0,0,0,,,,,,,,Not queried; sample limited to top 20 MMSI by gaps
711616004,P0NTA D0 GRAVATA,P0NTA D0 GRAVATA,UNKNOWN,63ab39c06-6ea1-221b-40b2-620fa30ec7b1,11,3,2020-08-30 09:18:55+00:00,2024-10-10 21:11:31+00:00,0,0,0,0,0,,,,,,,,Not queried; sample limited to top 20 MMSI by gaps
712113001,ESTRELA DE KALY I,ESTRELA DE KALY I,UNKNOWN,72ff4650f-f10a-594c-81e7-34a33257a333 | aacd1e7b5-5178-466c-7272-6bdf38799278,11,5,2020-03-16 08:29:03+00:00,2026-03-04 16:33:11+00:00,0,0,0,0,0,,,,,,,,Not queried; sample limited to top 20 MMSI by gaps
770576233,SOUTHERN STAR I,SOUTHERN STAR I,URY,b6aa96c2e-e345-de47-033d-93d54f76e701,11,1,2024-09-12 20:40:22+00:00,2024-11-15 10:46:11+00:00,0,0,0,6,2,2023 | 2024,2023-07,2024-08,,,,,Not queried; sample limited to top 20 MMSI by gaps
997108026,MAR DE GAEL BOIA 4,MAR DE GAEL BOIA 4,UNKNOWN,d5d819931-161c-951c-9e68-2023d381e6b0,11,2,2025-07-13 13:28:31+00:00,2026-08-05 18:59:07+00:00,0,0,0,0,0,,,,,,,,Not queried; sample limited to top 20 MMSI by gaps
200050570,SHENG RONG 8,SEA 6 | SHENG RONG 8,UNKNOWN,2c4b5cfae-e793-b7bf-234d-a31aef791741 | 9ccca34c8-8105-82b7-7b70-6e3163929c78,10,2,2018-01-16 19:01:29+00:00,2019-04-27 12:01:54+00:00,0,0,0,0,0,,,,,,,,Not queried; sample limited to top 20 MMSI by gaps
412206009,LIAO YU 6,JIN HAI 857 | LIAO YU 6 | LIAODANYUYUN25061,CHN,7a7912a52-21fb-e61a-5ef1-f9175a8cec9b | a85d0922f-f2f7-fde4-9e5c-64712895f442 | e95e6c6e4-4585-5005-0438-15cb71edd63e,10,5,2017-01-29 12:19:48+00:00,2023-12-27 22:14:23+00:00,0,0,0,16,9,2017 | 2018 | 2019 | 2020 | 2021 | 2022 | 2023 | 2025 | 2026,2017-01,2026-05,,,,,Not queried; sample limited to top 20 MMSI by gaps
412328784,WEI YU19,WEI YU19,CHN,346044159-9b20-6b53-090e-d9394d5b324f,10,2,2018-02-25 22:53:03+00:00,2019-02-24 13:59:05+00:00,0,0,0,9,6,2017 | 2020 | 2021 | 2023 | 2025 | 2026,2017-05,2026-04,,,,,Not queried; sample limited to top 20 MMSI by gaps
412328799,ZHENFA5,ZHENFA5,CHN,1d3d85dc3-356e-be56-8d8e-626375d13d68,10,3,2022-06-05 18:53:01+00:00,2026-04-01 20:54:03+00:00,0,0,0,11,7,2017 | 2018 | 2021 | 2022 | 2023 | 2024 | 2026,2017-01,2026-06,,,,,Not queried; sample limited to top 20 MMSI by gaps
412329404,LUWEIYUANYU018,LUWEIYUANYU018,CHN,f5e2391fe-eed8-c662-d5d4-c21c741ade05,10,3,2017-02-21 03:02:02+00:00,2019-03-09 04:10:07+00:00,0,0,0,7,5,2017 | 2018 | 2019 | 2020 | 2022,2017-12,2022-12,,,,,Not queried; sample limited to top 20 MMSI by gaps
412331059,LU PENG YUAN YU 078,LU PENG YUAN YU 078,CHN,22a876ee3-3e96-09c8-eb93-124e14b1cecb | b1084cfa0-0c69-b422-7d66-11329f34ebdc,10,5,2018-01-17 16:05:26+00:00,2025-03-08 00:02:51+00:00,0,1,1,1,1,2018,2018-02,2018-02,,,,,Not queried; sample limited to top 20 MMSI by gaps
412336869,LURONGYUANYU738,LURONGYUANYU738,CHN,62d262188-8ef7-9a1c-eb5b-22f063a1c53b,10,1,2020-02-26 19:54:51+00:00,2020-04-24 16:47:03+00:00,0,0,0,4,3,2020 | 2021 | 2022,2020-06,2022-04,,,,,Not queried; sample limited to top 20 MMSI by gaps
412420531,JINHAIYANG1,JINHAIYANG1,CHN,66e97f52b-b9bb-9fab-9e43-1cf13b099175 | 7e628fc62-28b7-e1a0-39e2-aa955d287602,10,4,2017-12-27 05:02:15+00:00,2021-04-18 18:03:02+00:00,1,1,1,15,8,2017 | 2018 | 2019 | 2020 | 2021 | 2023 | 2025 | 2026,2017-01,2026-04,,,,,Not queried; sample limited to top 20 MMSI by gaps
412420576,JIADE16,JIADE16,CHN,e27f9e633-3f19-a3b2-f18d-49903c4b1baf,10,3,2017-12-21 04:35:41+00:00,2019-03-13 16:53:44+00:00,1,0,1,17,8,2017 | 2018 | 2019 | 2020 | 2021 | 2023 | 2025 | 2026,2017-01,2026-05,,,,,Not queried; sample limited to top 20 MMSI by gaps
412420651,RUN DA 617,RUN DA 617,CHN,97b75a940-0d2c-7867-436d-19de7659de3f,10,1,2018-03-01 00:58:51+00:00,2018-04-19 08:08:03+00:00,0,0,0,7,5,2017 | 2018 | 2019 | 2021 | 2023,2017-12,2023-04,,,,,Not queried; sample limited to top 20 MMSI by gaps
412421176,TAOYUAN605,TAOYUAN605 | TAOYUAN6O5,CHN,b8e46307e-ee46-68c1-72c0-7bf1cbcdba96 | bfc7273da-af40-631c-4b2f-053016cbe7ca,10,3,2019-02-14 16:48:58+00:00,2023-03-16 14:26:43+00:00,0,0,0,6,3,2019 | 2020 | 2023,2019-02,2023-03,,,,,Not queried; sample limited to top 20 MMSI by gaps
412549012,NINGTAI15,NINGTAI15,CHN,51ca89cac-c7cc-627c-24b4-5d809867bff3,10,1,2020-03-09 19:01:02+00:00,2020-05-22 02:24:54+00:00,0,0,0,6,3,2020 | 2021 | 2022,2020-01,2022-06,,,,,Not queried; sample limited to top 20 MMSI by gaps
412549679,ZHONG JU 98,ZHONG JU 98,CHN,7ab8832be-e89e-d94a-2241-1a158b86880d,10,1,2026-02-07 13:00:18+00:00,2026-05-14 02:54:58+00:00,0,0,0,1,1,2026,2026-05,2026-05,,,,,Not queried; sample limited to top 20 MMSI by gaps
416004186,HUA SHENG NO.636,HUA SHENG NO.636,TWN,8727f5812-2640-3e97-0232-b752eee56c51 | db7e15a5d-dc76-d99c-9f4e-2a8004007d07,10,4,2017-02-08 23:02:33+00:00,2026-05-09 22:46:08+00:00,0,0,0,0,0,,,,,,,,Not queried; sample limited to top 20 MMSI by gaps
416046500,TAN YAN-11,TAN YAN-11,TWN,62199b0b4-4f08-715f-5813-a0f81d331c8b,10,1,2018-02-13 09:45:28+00:00,2018-04-13 09:29:06+00:00,0,0,0,2,1,2018,2018-01,2018-05,,,,,Not queried; sample limited to top 20 MMSI by gaps
416240600,HSIANG HAO NO.88,HSIANG HAO NO.88 | HSIANG HO NO.88,TWN,5f95d3e75-5517-186f-8236-e816857ffb24 | 6af1d6437-74f6-8456-064c-c7723aee1ec9,10,5,2017-02-25 11:20:00+00:00,2024-02-21 03:01:40+00:00,0,0,0,0,0,,,,,,,,Not queried; sample limited to top 20 MMSI by gaps
416248800,CHANG CHUN 101,CHANG CHUN 101,TWN,92e176c8d-d1fc-2136-4a15-e59280f09e6f,10,2,2018-01-30 09:10:36+00:00,2019-02-12 16:09:10+00:00,0,0,0,0,0,,,,,,,,Not queried; sample limited to top 20 MMSI by gaps
440179000,601 DAGAH,601 DAGAH,KOR,63aaec644-4597-3d48-994c-c4c0d630bf87,10,1,2018-02-19 09:07:57+00:00,2018-04-17 23:55:52+00:00,1,1,1,4,2,2018 | 2024,2018-02,2024-05,,,,,Not queried; sample limited to top 20 MMSI by gaps
440216000,102KUMYANG,102KUMYANG,KOR,d35930a47-780b-52a8-a645-937269371f28,10,4,2017-01-09 04:16:11+00:00,2020-03-24 10:49:02+00:00,0,0,0,1,1,2018,2018-12,2018-12,,,,,Not queried; sample limited to top 20 MMSI by gaps
440282000,SOUTHERN OCEAN,SOUTHERN OCEAN,KOR,164c6a4a0-0381-61ae-c6cb-e9a72eb039f6,10,2,2017-02-12 14:33:59+00:00,2021-03-28 20:22:42+00:00,1,1,1,45,10,2017 | 2018 | 2019 | 2020 | 2021 | 2022 | 2023 | 2024 | 2025 | 2026,2017-03,2026-07,,,,,Not queried; sample limited to top 20 MMSI by gaps
441410000,AGNES 105,AGNES 105,KOR,ad4ffdfea-a86e-efc4-ffa5-4c0a8db83f4f | bdeba4024-4ff5-debd-ff5c-f07213c49bfb,10,2,2017-03-09 03:22:03+00:00,2018-05-28 17:41:18+00:00,0,0,0,1,1,2017,2017-06,2017-06,,,,,Not queried; sample limited to top 20 MMSI by gaps
577101000,FONG TAI 21,FONG TAI 21,VUT,98b4fcd4c-c1a3-913a-cc5c-96c01acc49fb | 9bdd97e98-8d1a-0399-1244-4027c2f506da,10,5,2017-02-07 04:59:59+00:00,2026-05-09 21:41:13+00:00,0,0,0,2,2,2017 | 2018,2017-02,2018-02,,,,,Not queried; sample limited to top 20 MMSI by gaps
701000596,NATALIA,NATALIA,ARG,394f8a556-6437-4982-fbfd-c0d5936e1a2d,10,4,2021-04-28 22:14:06+00:00,2026-02-19 17:34:01+00:00,9,9,9,76,10,2017 | 2018 | 2019 | 2020 | 2021 | 2022 | 2023 | 2024 | 2025 | 2026,2017-01,2026-05,,,,,Not queried; sample limited to top 20 MMSI by gaps
701000816,HUAFENG 815,HUAFENG 815 | VICTORIA I,ARG,5bb3446a5-5074-d8d1-f253-a0f94916e03c | 93cf920dc-c313-16b2-3d1e-53aa5e9ce237,10,6,2017-03-18 11:51:48+00:00,2026-08-03 19:56:00+00:00,7,7,9,103,10,2017 | 2018 | 2019 | 2020 | 2021 | 2022 | 2023 | 2024 | 2025 | 2026,2017-01,2026-08,,,,,Not queried; sample limited to top 20 MMSI by gaps
701000965,MADRE INMACULADA,MADRE INMACULADA,ARG,c6051a212-27d2-7adb-c432-594e5e0b0796,10,3,2021-01-16 11:46:26+00:00,2026-04-18 10:49:43+00:00,10,10,10,90,10,2017 | 2018 | 2019 | 2020 | 2021 | 2022 | 2023 | 2024 | 2025 | 2026,2017-01,2026-08,,,,,Not queried; sample limited to top 20 MMSI by gaps
710112618,ZENN,ZENN,BRA,2159dcf3e-e046-caf5-f82e-c15cf75d49d5,10,4,2019-12-27 23:57:44+00:00,2023-08-05 22:47:33+00:00,0,0,0,0,0,,,,,,,,Not queried; sample limited to top 20 MMSI by gaps
710118731,VO HELENA,VO HELENA,BRA,6f3695e88-8770-f17e-d57d-3905f6b681b9,10,3,2022-11-08 20:02:15+00:00,2025-09-13 19:26:50+00:00,0,0,0,0,0,,,,,,,,Not queried; sample limited to top 20 MMSI by gaps
710119392,JALISCO,JALISCO,BRA,d68dfe8da-a7ef-7ddc-fc94-e5ed88ba5495,10,3,2022-10-13 06:04:12+00:00,2025-12-31 23:31:41+00:00,0,0,0,0,0,,,,,,,,Not queried; sample limited to top 20 MMSI by gaps
710280519,FLORIPA SL3 ESPINHEL,FLORIPA SL3 ESPINHAL | FLORIPA SL3 ESPINHEL,BRA,2e2546561-1b40-936b-e025-301b180f11a6 | e02572891-1e4f-7107-0662-f6eb7c6c557c,10,2,2023-06-20 16:58:08+00:00,2024-10-22 16:34:40+00:00,0,0,0,0,0,,,,,,,,Not queried; sample limited to top 20 MMSI by gaps
710901090,HAMILTON DA COSTA,HAMILTON DA COSTA,BRA,fed19ce72-2818-5099-00f5-4be130b5ed19,10,2,2024-10-12 08:21:56+00:00,2025-04-30 12:34:07+00:00,0,0,0,0,0,,,,,,,,Not queried; sample limited to top 20 MMSI by gaps
740358000,CASTELO,CASTELO,FLK,4c06bdcb4-4a56-f0b3-5c41-ab4ddce178c7,10,6,2017-05-05 21:10:44+00:00,2026-06-11 00:52:09+00:00,0,0,0,0,0,,,,,,,,Not queried; sample limited to top 20 MMSI by gaps
411100000,LU PENG YUAN YU 097,LU PENG YUAN YU 097,UNKNOWN,c2e73c4f1-1218-2f20-d132-aaf5f3f24bfc,9,2,2025-12-30 02:18:14+00:00,2026-03-07 03:34:46+00:00,0,0,0,0,0,,,,,,,,Not queried; sample limited to top 20 MMSI by gaps
412329643,LU WEI YUAN YU 868,CHANG SHUN 7 | JIN FENG 767 | LU WEI YUAN YU 868,CHN,c0b01f40f-f084-9e78-b70e-7a80a57b85ad | eafa2a627-79b2-9492-e8de-570d884c802a | fbfa57edc-c79a-e1b0-6d1b-d170e3f64eb6,9,6,2017-02-25 21:45:11+00:00,2026-04-16 20:39:47+00:00,0,0,0,15,8,2017 | 2018 | 2019 | 2020 | 2021 | 2023 | 2025 | 2026,2017-05,2026-04,,,,,Not queried; sample limited to top 20 MMSI by gaps
412331002,LUJIAONANYUANYU 178,LUJIAONANYUANYU 178,CHN,3a2802145-5b8c-0e20-292d-0b7451242f7f,9,1,2018-01-11 10:59:26+00:00,2018-04-22 17:07:17+00:00,0,0,0,2,1,2017,2017-05,2017-12,,,,,Not queried; sample limited to top 20 MMSI by gaps
412331015,LURONGYUANYU818,LURONGYUANYU818,CHN,2fc13060c-c7ae-f21a-cb5d-d435568a940b,9,4,2017-03-02 15:28:28+00:00,2022-12-22 15:59:01+00:00,0,1,1,5,4,2019 | 2020 | 2021 | 2026,2019-02,2026-05,,,,,Not queried; sample limited to top 20 MMSI by gaps
412331072,LURONGYUANYU808,LURONGYUANYU808,CHN,0f1e38c21-143a-bc73-07cc-28dbb203a49b,9,3,2018-04-21 18:04:37+00:00,2020-04-23 20:42:20+00:00,0,1,1,14,6,2018 | 2020 | 2022 | 2024 | 2025 | 2026,2018-02,2026-04,,,,,Not queried; sample limited to top 20 MMSI by gaps
412331079,LURONGYUANYU698,LURONGYUANYU698,CHN,e9b87c3a3-3cc9-ae79-e439-6a631b1e74b2 | ea58615fe-e99f-164a-e2b0-77a5f27e1363,9,6,2017-06-16 12:16:51+00:00,2023-04-09 07:18:07+00:00,0,0,0,7,5,2017 | 2019 | 2020 | 2021 | 2023,2017-06,2023-04,,,,,Not queried; sample limited to top 20 MMSI by gaps
412333654,LU LAN YUAN YU 058,LU LAN YUAN YU 058,CHN,3ef4cc8a4-453d-f694-b269-218e553f233f,9,5,2018-11-30 14:43:28+00:00,2022-06-17 18:40:13+00:00,0,1,1,9,7,2018 | 2019 | 2020 | 2023 | 2024 | 2025 | 2026,2018-11,2026-05,,,,,Not queried; sample limited to top 20 MMSI by gaps
412337345,LU QING YUAN YU 277,LU QING YUAN YU 277,CHN,30a4b1e46-62c9-7086-63b4-5f86b4a54341,9,3,2019-03-31 14:19:03+00:00,2022-01-12 18:23:37+00:00,0,0,0,5,3,2019 | 2020 | 2022,2019-04,2022-04,,,,,Not queried; sample limited to top 20 MMSI by gaps
412439588,OUYA9,OUYA9,CHN,3e789ff66-69c5-8e07-39ca-e93d1044d63e | 85bc0e455-57ce-05cf-d064-63bce6bfb8e4,9,3,2018-03-01 17:01:51+00:00,2026-04-07 10:42:33+00:00,0,1,1,18,9,2017 | 2018 | 2019 | 2020 | 2021 | 2023 | 2024 | 2025 | 2026,2017-03,2026-01,,,,,Not queried; sample limited to top 20 MMSI by gaps
412439757,HAI FENG 4,HAI FENG 4 | HAIFENG9,CHN,8256308c9-9a6f-4426-be69-f6d5e51c1ba1 | c3820f9c2-20f6-fee4-2103-19b58be7e95c,9,2,2018-03-17 18:08:15+00:00,2019-03-31 16:27:42+00:00,0,0,0,5,3,2017 | 2018 | 2019,2017-12,2019-04,,,,,Not queried; sample limited to top 20 MMSI by gaps
412440737,FU YUAN YU 7614,FU YUAN YU 7614,CHN,950c8f147-724e-f100-44d5-5d1ff80823e2,9,1,2020-03-25 10:40:30+00:00,2020-04-25 16:13:06+00:00,0,0,0,4,4,2020 | 2021 | 2022 | 2023,2020-06,2023-01,,,,,Not queried; sample limited to top 20 MMSI by gaps
412549159,SHUNZE77,SHUNZE77,CHN,906b451eb-b32d-d65a-6a0b-560ac99deec8,9,2,2021-02-05 10:38:01+00:00,2022-03-13 06:40:48+00:00,0,0,0,12,6,2021 | 2022 | 2023 | 2024 | 2025 | 2026,2021-01,2026-05,,,,,Not queried; sample limited to top 20 MMSI by gaps
412549351,LU QING YUAN YU 765,LU QING YUAN YU 765,CHN,1258670a8-84b1-5a5b-9ef6-60b74960bed5,9,1,2022-02-20 12:43:03+00:00,2022-04-10 01:09:05+00:00,0,0,0,4,4,2021 | 2022 | 2023 | 2024,2021-12,2024-03,,,,,Not queried; sample limited to top 20 MMSI by gaps
416004775,GUO TONG NO.3,GUO TONG 3 | GUO TONG NO.3,TWN,19408baf0-011e-6385-28d7-1d48ad51944c | 830d1b488-8948-a38b-4e52-288a776296d0,9,3,2017-01-30 06:46:06+00:00,2019-02-09 09:07:15+00:00,0,0,0,0,0,,,,,,,,Not queried; sample limited to top 20 MMSI by gaps
416004853,HER HUNG NO.168,HER HUNG NO.168,TWN,a085b878d-d3f8-80d8-b385-2d373dca116d,9,2,2017-01-29 07:13:56+00:00,2018-03-03 11:23:18+00:00,0,0,0,0,0,,,,,,,,Not queried; sample limited to top 20 MMSI by gaps
416004892,AN FONG NO.136,AN FONG NO.136,TWN,bb9751446-6017-074e-9e55-e79efdec9ef0,9,2,2017-02-24 20:33:30+00:00,2019-03-02 06:56:10+00:00,0,0,0,1,1,2024,2024-04,2024-04,,,,,Not queried; sample limited to top 20 MMSI by gaps
416005995,YI DA FA,YI DA FA,TWN,97b102a48-8a1d-d147-edf7-1a4a618e1296 | d145c7377-770c-ab6f-0779-f9e1ec022ebf,9,5,2021-03-24 05:41:04+00:00,2025-03-14 07:26:44+00:00,0,0,0,0,0,,,,,,,,Not queried; sample limited to top 20 MMSI by gaps
416171800,FU KUO NO.6,FU KUO NO.6,TWN,1cfd2294a-a1b4-ebd8-b57c-fc369c75b0d3,9,2,2017-02-06 01:26:35+00:00,2018-02-27 04:36:15+00:00,0,0,0,0,0,,,,,,,,Not queried; sample limited to top 20 MMSI by gaps
416246900,SHUENN MAN NO.273,SHUENN MAN NO.273,TWN,fbf908475-53d0-61f1-b4ab-e7f542926028,9,3,2017-01-26 20:44:17+00:00,2019-04-07 05:31:08+00:00,0,0,0,0,0,,,,,,,,Not queried; sample limited to top 20 MMSI by gaps
416312000,HER  HUNG 16,HER  HUNG 16 | HOHUNG,TWN,13f3ed37a-a67e-7d82-2b70-0765da42246c | 60c7b2cd3-3ab0-1d15-7d0e-a4a43a2cf74d,9,4,2017-02-22 21:28:13+00:00,2020-04-03 11:17:39+00:00,0,0,0,0,0,,,,,,,,Not queried; sample limited to top 20 MMSI by gaps
441330000,AGNES 107,AGNES 107,KOR,7bf5e264b-b0b1-a31a-868a-251f5c2cb822,9,5,2017-03-09 03:21:21+00:00,2025-01-03 04:44:00+00:00,1,1,2,2,2,2017 | 2021,2017-03,2021-06,,,,,Not queried; sample limited to top 20 MMSI by gaps
441667000,MERIDIAN8,MERIDIAN8,KOR,6d7c8f9bb-b771-56a1-ecef-59945518ac60,9,4,2017-07-20 10:59:14+00:00,2024-06-21 22:18:30+00:00,0,0,0,46,10,2017 | 2018 | 2019 | 2020 | 2021 | 2022 | 2023 | 2024 | 2025 | 2026,2017-07,2026-08,,,,,Not queried; sample limited to top 20 MMSI by gaps
441767000,"SAE IN  NO,5","SAE IN  NO,5",KOR,643e340f3-3c55-1ea3-3f41-1d7828a018b4,9,3,2017-03-09 03:22:58+00:00,2019-05-21 22:47:46+00:00,0,0,0,3,2,2017 | 2021,2017-06,2021-01,,,,,Not queried; sample limited to top 20 MMSI by gaps
701000577,MISS TIDE,MISS TIDE,ARG,75184b8b0-0b20-6876-48e5-6582ba27ce50,9,5,2018-02-03 16:16:33+00:00,2025-11-12 02:11:32+00:00,9,9,9,113,10,2017 | 2018 | 2019 | 2020 | 2021 | 2022 | 2023 | 2024 | 2025 | 2026,2017-01,2026-08,,,,,Not queried; sample limited to top 20 MMSI by gaps
701006020,DESAFIO,DESAFIO,ARG,15ce581a0-0e4e-a2cc-5637-8bbbddd70813 | 2f25ce93e-ea6f-cfb9-e414-b77ae43c838c | 65e6e6f8a-ae08-cfd5-3b83-c756fb6eb607,9,4,2017-03-28 23:06:10+00:00,2026-04-09 13:43:08+00:00,9,9,9,102,10,2017 | 2018 | 2019 | 2020 | 2021 | 2022 | 2023 | 2024 | 2025 | 2026,2017-01,2026-08,,,,,Not queried; sample limited to top 20 MMSI by gaps
701006471,ARGENOVA 25,ARGENOVA 25,ARG,7651e8410-0fb1-0f16-2a14-0e22689c3452,9,2,2025-09-25 22:32:38+00:00,2026-09-02 04:45:26+00:00,9,9,9,103,10,2017 | 2018 | 2019 | 2020 | 2021 | 2022 | 2023 | 2024 | 2025 | 2026,2017-04,2026-08,,,,,Not queried; sample limited to top 20 MMSI by gaps
701006637,ATLANTIC EXPRESS,ATLANTIC EXPRESS,ARG,6a5f7cd6e-ede8-4365-d508-7c208745d2e2 | 94e7d92a8-83b3-cfaa-e309-2c4019997075,9,6,2017-02-13 13:33:14+00:00,2026-04-02 20:03:18+00:00,9,9,9,105,10,2017 | 2018 | 2019 | 2020 | 2021 | 2022 | 2023 | 2024 | 2025 | 2026,2017-01,2026-05,,,,,Not queried; sample limited to top 20 MMSI by gaps
701100849,VIRGEN MARIA,VIRGEN MARIA,ARG,1ffa18b8c-c87d-4dff-4026-275da15ac6c0,9,3,2024-09-08 23:04:32+00:00,2026-08-04 13:54:07+00:00,9,9,9,8,2,2024 | 2025,2024-09,2025-11,,,,,Not queried; sample limited to top 20 MMSI by gaps
701152000,HUAFENG881,HUAFENG881,ARG,cdc06b30a-ac7e-25f4-0753-121dec2bc068,9,3,2023-11-18 18:51:18+00:00,2025-02-06 13:18:54+00:00,2,4,4,33,4,2023 | 2024 | 2025 | 2026,2023-05,2026-08,,,,,Not queried; sample limited to top 20 MMSI by gaps
710000138,BRISA C B7 70%,BRISA C B7 70% | BRISA C B7 85% | BRISA C B7 91% | BRISA C B7 92% | BRISA C B7 94%,BRA,1ad2cfec8-86af-27fc-cbad-cfba8184588a | 2ba8f4e6c-c6da-683b-3eec-b5de6656ef08 | 4dcefb092-2b10-5356-ca04-b96cb5bae172 | ed22917b3-3170-0b6f-a3c4-5cc499df5c96 | f14dbe9b4-42ff-5871-a4d8-7002506ef647,9,1,2023-05-28 07:07:20+00:00,2023-08-05 08:24:08+00:00,0,0,0,0,0,,,,,,,,Not queried; sample limited to top 20 MMSI by gaps
710000175,VITORIA C B5 95%,VITORIA C B5 80% | VITORIA C B5 90% | VITORIA C B5 94% | VITORIA C B5 95% | VITORIA C B5 97%,BRA,0121f3f7f-ffc5-aab4-0744-094e9fd85b2f | 4d80df9ed-d8a3-c5c1-e083-aaa365101f16 | 66255ce42-2169-5471-5bad-b3ca8dc41fca | c6f4d9315-5efd-b47f-a927-4ce812cca27a | f96d2a3de-ed19-ddd7-cd8d-bf6d578a51f0,9,2,2023-10-07 17:41:09+00:00,2024-08-16 19:59:38+00:00,0,0,0,0,0,,,,,,,,Not queried; sample limited to top 20 MMSI by gaps
710010170,ARIMAR FRANCA NETO,ARIMAR FRANCA NETO,BRA,cf263b7eb-bca7-7a13-eb9c-94bff7c09f74,9,2,2024-02-02 17:44:29+00:00,2025-03-28 11:06:21+00:00,0,0,0,0,0,,,,,,,,Not queried; sample limited to top 20 MMSI by gaps
710900000,PONTA NEGRA,PONTA NEGRA,BRA,f61cb2c8f-ff31-65e7-6352-2f4f60461ce8,9,4,2023-08-15 11:18:05+00:00,2026-08-04 13:47:53+00:00,0,0,0,0,0,,,,,,,,Not queried; sample limited to top 20 MMSI by gaps
9125098,ALALUNGA 4 BEBE,ALALUNGA 4 BEBE | ONWA25098,UNKNOWN,64f2be956-647c-4565-1685-b2cc515e5ae3 | 86e91cfe2-2758-23a2-2943-9f7155e49806,9,3,2022-12-02 14:17:14+00:00,2024-02-13 00:11:03+00:00,0,0,0,0,0,,,,,,,,Not queried; sample limited to top 20 MMSI by gaps
150402944,LURONGYUANYU277,LURONGYUANYU277 | SHUNHANG1,UNKNOWN,627306a57-79e7-9a16-1838-d3db26637987 | d1b3d1da9-9128-f189-1ed1-874f32d29423 | f5083a08e-e0e8-f128-8e3e-75ec00ff06a1,8,5,2018-03-23 22:08:05+00:00,2023-02-09 00:01:38+00:00,0,0,0,13,6,2018 | 2019 | 2020 | 2021 | 2022 | 2023,2018-04,2023-06,,,,,Not queried; sample limited to top 20 MMSI by gaps
200000001,LQYY            201,LQYY            201,UNKNOWN,a71772105-527d-8750-76b1-e91a8c345acc,8,1,2017-03-03 07:58:58+00:00,2017-04-25 14:20:56+00:00,0,0,0,0,0,,,,,,,,Not queried; sample limited to top 20 MMSI by gaps
200014514,,,UNKNOWN,bacabbea9-941e-d88f-a8a4-c408319f9ad8,8,5,2018-04-01 02:19:06+00:00,2025-02-05 05:14:38+00:00,0,0,0,8,4,2017 | 2019 | 2024 | 2025,2017-05,2025-01,,,,,Not queried; sample limited to top 20 MMSI by gaps
204820000,SANTA ISABEL,SANTA ISABEL,PRT,44766fb32-222e-709d-9e01-5da089f89cfc,8,1,2018-02-15 11:54:41+00:00,2018-05-21 13:28:25+00:00,0,0,0,2,1,2018,2018-04,2018-06,,,,,Not queried; sample limited to top 20 MMSI by gaps
412248500,JIN.YANG,JIN.YANG,CHN,2ede91d25-5230-ce92-b237-6cb1fa1287cf | 9ec8273bf-fa2e-fa2b-3194-a412e7348977,8,1,2019-02-20 16:45:13+00:00,2019-03-27 12:18:19+00:00,0,0,0,0,0,,,,,,,,Not queried; sample limited to top 20 MMSI by gaps
412326879,HAI YANG 1,HAI YANG 1,CHN,0221f40a4-43c2-0e35-61c4-608bdca800c0 | aeaa4b2b5-5866-5d56-2dbf-cda33e3ca649,8,3,2017-03-09 03:21:22+00:00,2020-05-03 15:16:14+00:00,0,0,0,8,5,2017 | 2018 | 2020 | 2022 | 2024,2017-03,2024-03,,,,,Not queried; sample limited to top 20 MMSI by gaps
412329434,LURONGYUANYU976,LURONGYUANYU976,CHN,8d16c14c7-7cd1-327c-9ad9-443d0c01f4d6 | cdee5c529-971e-2a30-83f9-b27c2db13bd5,8,7,2017-02-04 21:58:07+00:00,2025-05-30 23:41:39+00:00,0,0,0,10,7,2018 | 2019 | 2020 | 2023 | 2024 | 2025 | 2026,2018-06,2026-05,,,,,Not queried; sample limited to top 20 MMSI by gaps
412331017,LU RONG YUAN YU 828,LU RONG YUAN YU 818 | LU RONG YUAN YU 828,CHN,5a12112f8-813f-77f2-5827-1b12655f094b | f8bdf7802-25d0-58bb-2aae-e9c848e67ec0,8,3,2017-12-10 18:06:10+00:00,2024-11-27 01:02:33+00:00,0,0,0,3,3,2017 | 2023 | 2024,2017-03,2024-03,,,,,Not queried; sample limited to top 20 MMSI by gaps
412331018,LU RONG YUAN YU 829,LU RONG YUAN YU 829,CHN,2d35907ba-a46e-fc11-43f1-64542e666b00,8,5,2017-12-23 18:11:16+00:00,2026-02-22 18:18:47+00:00,0,0,0,3,3,2023 | 2024 | 2026,2023-06,2026-05,,,,,Not queried; sample limited to top 20 MMSI by gaps
412331127,LU RONG YUAN YU 729,LU RONG YUAN YU 729,CHN,6ca7fa2f7-7891-37f5-ab36-49123e9e05fd,8,3,2017-12-23 12:11:57+00:00,2019-01-15 06:54:03+00:00,0,0,0,5,2,2018 | 2021,2018-03,2021-04,,,,,Not queried; sample limited to top 20 MMSI by gaps
412331287,LURONGYUANYU887,LURONGYUANYU887,CHN,c58b8f80f-fbcf-559d-655a-2cf7b89e8a85 | ef4ef2f40-0b3a-a74d-b8be-24c9c1f1928c,8,3,2020-03-14 21:22:31+00:00,2022-12-28 15:26:31+00:00,0,0,0,8,4,2020 | 2021 | 2022 | 2023,2020-06,2023-06,,,,,Not queried; sample limited to top 20 MMSI by gaps
412333752,LURONGYUANYU198,LURONGYUANYU198,CHN,6704c0e96-62cc-1eab-28a2-21dbbc08be61,8,3,2020-04-06 19:43:01+00:00,2026-01-09 20:43:15+00:00,0,0,0,7,5,2020 | 2021 | 2024 | 2025 | 2026,2020-06,2026-05,,,,,Not queried; sample limited to top 20 MMSI by gaps
412336718,LUWEIYUANYU969,HUAYING66 | LUWEIYUANYU969,CHN,f9b479cd7-7db2-c65d-cb5c-b1ef3be98411 | fbcd59168-83be-e821-c786-d026a6fde308,8,6,2018-12-11 17:15:54+00:00,2026-04-08 18:12:26+00:00,0,0,0,12,8,2018 | 2019 | 2020 | 2021 | 2023 | 2024 | 2025 | 2026,2018-12,2026-04,,,,,Not queried; sample limited to top 20 MMSI by gaps
412354281,SU YUAN YU 6,SU YUAN YU 6,CHN,a957e4338-82c6-a7ee-09bc-65f867595b5e,8,3,2019-02-13 16:09:49+00:00,2025-05-31 07:43:24+00:00,1,0,1,12,8,2018 | 2019 | 2021 | 2022 | 2023 | 2024 | 2025 | 2026,2018-12,2026-05,,,,,Not queried; sample limited to top 20 MMSI by gaps
412420008,JIN HAI 701,JIN HAI 701,CHN,23ac49070-0b63-98b8-8f22-d30b625bca23 | ed3a14f02-2f29-9928-a97f-f71fb1588879,8,3,2018-01-13 22:49:31+00:00,2022-06-20 02:32:28+00:00,1,1,1,9,5,2017 | 2018 | 2019 | 2021 | 2022,2017-06,2022-06,,,,,Not queried; sample limited to top 20 MMSI by gaps
412420563,HAN YI 3,HAIYI | HAN YI 3,CHN,58589ee95-56b8-2216-0b1e-b019e2b305f7 | 6251202e9-9a2d-59bd-7786-105a11d79799,8,3,2017-04-20 14:53:11+00:00,2021-03-21 06:44:34+00:00,0,0,0,11,5,2017 | 2018 | 2021 | 2025 | 2026,2017-01,2026-04,,,,,Not queried; sample limited to top 20 MMSI by gaps
412420908,ZHOUYU7,ZHOUYU7,CHN,bf1f7624f-fce0-e7f4-9760-2d0fecbaf2b3,8,2,2017-03-24 19:05:57+00:00,2019-04-10 20:32:52+00:00,0,0,0,9,5,2017 | 2019 | 2020 | 2022 | 2024,2017-01,2024-06,,,,,Not queried; sample limited to top 20 MMSI by gaps
412421183,TAOYUAN610,TAOYUAN610,CHN,9baa04424-4374-3ba4-fcb9-14535599e1a5,8,2,2019-02-22 19:36:03+00:00,2021-04-16 06:12:16+00:00,1,0,1,4,3,2019 | 2021 | 2022,2019-03,2022-04,,,,,Not queried; sample limited to top 20 MMSI by gaps
412421192,ZHONGJU1,ZHONGJU1,CHN,83fd250bb-b2ee-5cd2-e3e4-18a1e261f82c | dbbc2b4fb-b315-af7b-666b-d2bf247333de,8,3,2019-02-19 22:18:34+00:00,2022-06-03 04:25:35+00:00,0,0,0,10,6,2019 | 2021 | 2022 | 2023 | 2024 | 2025,2019-03,2025-05,,,,,Not queried; sample limited to top 20 MMSI by gaps
412439579,LUWEIYUANYU919,LUWEIYUANYU919,CHN,7184c669d-d9c9-4763-8867-9dc9ae86dfce,8,1,2018-02-07 22:29:24+00:00,2018-05-01 13:54:33+00:00,0,0,0,5,2,2017 | 2018,2017-02,2018-04,,,,,Not queried; sample limited to top 20 MMSI by gaps
412439602,OUYA1,OUYA1,CHN,53df54126-6deb-afff-7f74-962319765955,8,3,2018-02-09 16:18:40+00:00,2025-12-26 02:22:54+00:00,0,0,0,0,0,,,,,,,,Not queried; sample limited to top 20 MMSI by gaps
412440658,FU YUAN YU7656,FU YUAN YU7656 | FU YUAN YU7869,CHN,2a97976c7-74aa-1118-225a-2e9486376211 | d690be384-462e-221e-7d94-8dde9aaa71e7,8,2,2019-03-06 12:42:08+00:00,2026-03-14 10:36:39+00:00,0,0,0,13,6,2019 | 2021 | 2023 | 2024 | 2025 | 2026,2019-02,2026-05,,,,,Not queried; sample limited to top 20 MMSI by gaps
412440672,FU YUAN YU 7893,FU YUAN YU 7893,CHN,ede5e6251-1009-7d7b-edf4-7bd814c3f05b,8,2,2021-12-12 06:50:22+00:00,2022-01-09 04:20:25+00:00,1,0,1,1,1,2021,2021-12,2021-12,,,,,Not queried; sample limited to top 20 MMSI by gaps
412440738,FU YUAN YU 7615,FU YUAN YU 7615,CHN,0665083bb-b2ad-dca2-e5c3-488c721b1b8f,8,1,2020-03-01 18:34:20+00:00,2020-05-04 09:58:47+00:00,0,0,0,7,4,2020 | 2021 | 2022 | 2023,2020-03,2023-01,,,,,Not queried; sample limited to top 20 MMSI by gaps
412465014,SHEN  GANG  SHUN  6,SHEN  GANG  SHUN  6 | SHEN GANG SHUN 6,CHN,859d8e591-113f-a851-2718-6133f7f92a00 | b73c40237-7364-60ab-2eb9-e490405b4e89,8,4,2018-12-15 17:49:38+00:00,2021-03-09 06:00:31+00:00,1,1,1,10,7,2018 | 2019 | 2020 | 2021 | 2023 | 2024 | 2026,2018-02,2026-05,,,,,Not queried; sample limited to top 20 MMSI by gaps
412549065,ZHOU PU 668,ZHOU PU 668,CHN,f13f9bfaf-f7ef-5430-5620-1cb926fb6a50,8,3,2020-03-26 11:34:06+00:00,2025-12-25 20:51:26+00:00,0,0,0,12,6,2020 | 2021 | 2022 | 2023 | 2024 | 2025,2020-06,2025-12,,,,,Not queried; sample limited to top 20 MMSI by gaps
412549139,ZHE PU YUAN 67,ZHE PU YUAN 67,CHN,b4222b9e3-367c-ea33-30bb-4f85fabe48ff,8,2,2020-04-30 02:44:59+00:00,2021-03-27 22:43:11+00:00,0,0,0,13,7,2020 | 2021 | 2022 | 2023 | 2024 | 2025 | 2026,2020-06,2026-05,,,,,Not queried; sample limited to top 20 MMSI by gaps
412549299,LU RONG YUAN YU 837,GUO HONG 5 | LU RONG YUAN YU 837,CHN,3bc83a838-8ce4-bcd1-b29b-6fb1ca8eda83 | 804363689-9eff-a944-edcc-ee9614a62923 | 9d8e4dde2-2d4f-82a8-ef2f-545d8bcfa71e | db6ab8043-39fe-fac9-3f72-f53eda65d8df,8,4,2021-03-04 12:22:57+00:00,2026-02-01 07:12:41+00:00,0,0,0,10,5,2021 | 2023 | 2024 | 2025 | 2026,2021-05,2026-06,,,,,Not queried; sample limited to top 20 MMSI by gaps
416004638,MAN SHUEN FA,HSIANG FUH FAR | MAN SHUEN FA,TWN,3f8d832ef-f188-d6b2-ec92-abc4ebd3efa7 | 606bb5f84-4559-7c7b-84aa-cdd264fe3577 | d27efebee-ee29-e9e9-e4c0-27e50bf321d4,8,3,2017-03-09 03:22:05+00:00,2021-05-09 07:47:36+00:00,0,0,0,0,0,,,,,,,,Not queried; sample limited to top 20 MMSI by gaps
416004681,WIN FAR HUI 6,WIN FAR HUI 6,TWN,9dc8d1b29-9e7e-0151-802f-90ca9323d49c,8,3,2017-02-03 20:05:39+00:00,2019-02-10 09:27:03+00:00,0,0,0,0,0,,,,,,,,Not queried; sample limited to top 20 MMSI by gaps
416037500,FA CHUN 6,FA CHUN 6,TWN,cbd18b7a1-1589-4845-891c-436524d47bc7,8,2,2017-02-01 21:57:07+00:00,2018-04-03 07:47:03+00:00,0,0,0,1,1,2017,2017-03,2017-03,,,,,Not queried; sample limited to top 20 MMSI by gaps
416253500,WIN FAR SHENG NO.3,WIN FAR SHENG NO.3,TWN,90a9f57d1-169f-e60d-e58c-2a1d56ac2e7d,8,2,2018-02-02 04:03:15+00:00,2019-02-08 14:55:09+00:00,0,0,0,0,0,,,,,,,,Not queried; sample limited to top 20 MMSI by gaps
416505000,HER HUNG NO.12,HER HUNG NO.12 | JENQ DAH MING,TWN,348e7883d-d2ba-c0e6-f404-f20fd790a27e | 6c38f7e74-4cbd-7a79-b909-1da4f163b13b,8,4,2017-02-28 08:02:24+00:00,2026-05-02 07:07:12+00:00,0,0,0,0,0,,,,,,,,Not queried; sample limited to top 20 MMSI by gaps
416573000,"LIAN CHI CHENG NO,3","LIAN CHI CHENG NO,3",TWN,9aaf9531b-b0df-dab8-8161-7e5ac8819157 | f2446a20d-dd9c-da52-65ae-7ccabdcf458b,8,2,2017-03-20 12:23:52+00:00,2018-03-27 17:58:36+00:00,0,0,0,2,2,2017 | 2019,2017-02,2019-03,,,,,Not queried; sample limited to top 20 MMSI by gaps
440683000,NO.303 TONG YOUNG,NO.303 TONG YOUNG,KOR,56e730268-8cde-3f3f-8581-ab9595256ba8,8,2,2017-03-07 06:17:50+00:00,2018-03-02 12:19:22+00:00,0,0,0,4,3,2017 | 2018 | 2019,2017-12,2019-05,,,,,Not queried; sample limited to top 20 MMSI by gaps
441389000,BLUE OCEAN,BLUE OCEAN,KOR,9a5cbb08a-a928-9aeb-cae5-049bd4f81044,8,5,2021-09-23 01:52:03+00:00,2026-07-28 12:19:19+00:00,1,0,1,25,6,2021 | 2022 | 2023 | 2024 | 2025 | 2026,2021-09,2026-07,,,,,Not queried; sample limited to top 20 MMSI by gaps
441495000,108EUNHAE,108EUNHAE,KOR,e9bac0aa9-9baa-c527-6a72-7eaed6b3cd3e,8,3,2017-05-28 19:13:14+00:00,2026-03-13 22:03:26+00:00,0,0,0,4,3,2017 | 2018 | 2020,2017-03,2020-01,,,,,Not queried; sample limited to top 20 MMSI by gaps
613902601,FU YANG 2,FU YANG 2,CMR,5f2505039-9990-d1ec-d97d-07d8c1a9f793,8,2,2024-04-13 01:30:16+00:00,2025-03-03 13:33:26+00:00,0,0,0,1,1,2024,2024-03,2024-03,,,,,Not queried; sample limited to top 20 MMSI by gaps
701000611,FIDES FE II,FIDES FE II,ARG,dfe03e0d4-4b6c-5a9f-8906-1af1b08f98fd,8,4,2022-11-05 08:29:01+00:00,2025-12-07 07:25:40+00:00,4,6,7,43,4,2023 | 2024 | 2025 | 2026,2023-01,2026-08,,,,,Not queried; sample limited to top 20 MMSI by gaps
701000612,KALEU KALEU,KALEU KALEU,ARG,8b3ac079c-c5dc-d202-8dae-2b3c16acb133,8,1,2021-06-14 16:05:11+00:00,2021-07-20 12:32:55+00:00,8,8,8,74,10,2017 | 2018 | 2019 | 2020 | 2021 | 2022 | 2023 | 2024 | 2025 | 2026,2017-01,2026-08,,,,,Not queried; sample limited to top 20 MMSI by gaps
701000632,ESTRELLA 6,ESTRELLA 6,ARG,66382577e-e61b-182c-0309-2daddd44e107,8,1,2020-01-14 11:47:39+00:00,2020-02-03 15:28:40+00:00,8,8,8,81,10,2017 | 2018 | 2019 | 2020 | 2021 | 2022 | 2023 | 2024 | 2025 | 2026,2017-01,2026-08,,,,,Not queried; sample limited to top 20 MMSI by gaps
701000706,MADRE DIVINA,MADRE DIVINA,ARG,01811962e-e878-cda5-1c8c-afa8a151185b | 3100d607e-e5a7-7ac2-4639-606a5f1d6337,8,4,2017-11-01 02:04:52+00:00,2026-08-12 02:32:13+00:00,8,8,8,62,10,2017 | 2018 | 2019 | 2020 | 2021 | 2022 | 2023 | 2024 | 2025 | 2026,2017-10,2026-08,,,,,Not queried; sample limited to top 20 MMSI by gaps
701000717,**COALSA SEGUNDO**,**COALSA SEGUNDO**,ARG,7dd844188-8df3-e038-9103-7f78acae2158,8,4,2017-03-09 03:22:32+00:00,2026-03-07 05:58:37+00:00,8,8,8,102,10,2017 | 2018 | 2019 | 2020 | 2021 | 2022 | 2023 | 2024 | 2025 | 2026,2017-01,2026-08,,,,,Not queried; sample limited to top 20 MMSI by gaps
701000836,BELVEDERE,BELVEDERE,ARG,402c2db46-6bf5-0000-4e19-1363ec5a178e,8,3,2023-05-05 15:05:19+00:00,2025-09-16 22:07:28+00:00,8,8,8,60,7,2017 | 2021 | 2022 | 2023 | 2024 | 2025 | 2026,2017-10,2026-08,,,,,Not queried; sample limited to top 20 MMSI by gaps
701000938,DON MIGUEL I,DON MIGUEL I,ARG,99804bbb3-3211-22b1-a09d-92aeea033883,8,5,2017-03-11 23:40:27+00:00,2026-08-12 21:55:25+00:00,8,7,8,106,10,2017 | 2018 | 2019 | 2020 | 2021 | 2022 | 2023 | 2024 | 2025 | 2026,2017-01,2026-08,,,,,Not queried; sample limited to top 20 MMSI by gaps
701000999,HU SHUN YU 08,HU SHUN YU 08,ARG,5b3e43323-379a-0f0b-7fb1-f908fcae85cc,8,3,2024-06-07 06:43:46+00:00,2026-03-16 18:37:35+00:00,8,8,8,28,5,2018 | 2019 | 2024 | 2025 | 2026,2018-11,2026-05,,,,,Not queried; sample limited to top 20 MMSI by gaps
701001121,NINO JESUS DE PRAGA,NINO JESUS DE PRAGA,ARG,3e2560b22-218b-9cf2-5555-d0f029f8beca | a6a2668b7-7f26-6ded-ebd0-2aa0b00f9f22 | b9aef99e8-8018-6e84-0885-46ada3941684,8,5,2021-11-07 12:55:32+00:00,2026-04-08 14:45:22+00:00,8,8,8,62,6,2021 | 2022 | 2023 | 2024 | 2025 | 2026,2021-07,2026-08,,,,,Not queried; sample limited to top 20 MMSI by gaps
701006065,SANTANGELO,SANTANGELO,ARG,94480c29d-d5ea-0b8c-511d-c851d5f730df,8,3,2018-10-26 17:06:03+00:00,2023-03-15 13:23:37+00:00,7,7,7,106,10,2017 | 2018 | 2019 | 2020 | 2021 | 2022 | 2023 | 2024 | 2025 | 2026,2017-10,2026-08,,,,,Not queried; sample limited to top 20 MMSI by gaps
701006447,PORTO BELO II,PORTO BELO II,ARG,05870df8e-e29c-afc5-0200-aa5ce3ac53ef | 91494c590-0ae1-58e6-c4af-668c86a7460d,8,3,2020-02-18 00:36:41+00:00,2024-10-25 08:27:38+00:00,6,7,7,88,8,2019 | 2020 | 2021 | 2022 | 2023 | 2024 | 2025 | 2026,2019-04,2026-08,,,,,Not queried; sample limited to top 20 MMSI by gaps
701007076,FRANCESCA,FRANCESCA,ARG,db711b47c-cc84-200e-b945-29bb19a448b4,8,3,2023-03-22 00:16:12+00:00,2026-03-18 11:01:31+00:00,5,6,7,57,6,2021 | 2022 | 2023 | 2024 | 2025 | 2026,2021-08,2026-08,,,,,Not queried; sample limited to top 20 MMSI by gaps
701015000,RAFFAELA,RAFFAELA,ARG,64dcb1c5a-aada-d490-f977-49fad1f76ed4,8,4,2017-07-17 02:22:25+00:00,2025-11-28 15:08:42+00:00,8,8,8,112,10,2017 | 2018 | 2019 | 2020 | 2021 | 2022 | 2023 | 2024 | 2025 | 2026,2017-01,2026-08,,,,,Not queried; sample limited to top 20 MMSI by gaps
701150000,HUAFENG 882,HUAFENG 882,ARG,ce5bbaebd-df6c-3820-bad6-9fae2d5e4e58,8,2,2023-11-22 17:51:25+00:00,2024-11-28 03:14:26+00:00,2,4,4,36,4,2023 | 2024 | 2025 | 2026,2023-04,2026-08,,,,,Not queried; sample limited to top 20 MMSI by gaps
71000108,VANDO 00,VANDO 00,BRA,5621ef9c6-6afb-bcd1-7cf0-ca8e6a4a3b45,8,2,2024-01-25 15:02:15+00:00,2025-09-16 14:41:59+00:00,0,0,0,0,0,,,,,,,,Not queried; sample limited to top 20 MMSI by gaps
710462738,COSTA NEVES II CN,COSTA NEVES II CN,BRA,ecca3b54c-cf93-8f4d-2f11-75bdad07b309,8,3,2022-07-13 23:58:59+00:00,2024-10-11 14:57:33+00:00,0,0,0,0,0,,,,,,,,Not queried; sample limited to top 20 MMSI by gaps
710782103,BRISA DO MAR II,BRISA DO MAR II,BRA,85628ee22-2a83-a4d1-f564-07439f92d999,8,2,2020-11-28 22:58:06+00:00,2021-12-30 06:21:28+00:00,0,0,0,0,0,,,,,,,,Not queried; sample limited to top 20 MMSI by gaps
725002350,GLOBALPESCA I,GLOBALPESCA I,CHL,79f1bf2b5-5e18-b97a-1aa4-ab9f97f9e10a,8,6,2018-09-26 15:13:29+00:00,2025-01-12 09:17:41+00:00,0,0,0,42,8,2017 | 2018 | 2019 | 2021 | 2023 | 2024 | 2025 | 2026,2017-01,2026-04,,,,,Not queried; sample limited to top 20 MMSI by gaps
740366000,ROBIN M. LEE,ROBIN M. LEE,FLK,ca54d00b6-602b-74bf-0818-1721d4a61e15,8,5,2017-05-04 13:01:02+00:00,2025-05-06 06:42:47+00:00,0,0,0,0,0,,,,,,,,Not queried; sample limited to top 20 MMSI by gaps
740406000,ARGOS CIES,ARGOS CIES,FLK,9e6199ee9-9950-da1d-4fe2-46981e6d10a2,8,4,2018-12-11 04:36:03+00:00,2021-10-06 11:17:59+00:00,0,0,0,0,0,,,,,,,,Not queried; sample limited to top 20 MMSI by gaps
233659000,BAFFIN BAY,BAFFIN BAY,GBR,f60ddea29-9420-cbcb-f76a-803677c9bdeb,7,3,2017-02-05 15:04:27+00:00,2020-10-09 01:22:38+00:00,0,0,0,1,1,2018,2018-02,2018-02,,,,,Not queried; sample limited to top 20 MMSI by gaps
263564000,ILHA BRAVA,ILHA BRAVA,PRT,b8b10bc29-9a61-ba0e-b25d-cc5047b9f5b5,7,2,2017-03-09 01:45:03+00:00,2018-12-20 18:32:27+00:00,0,0,0,1,1,2017,2017-02,2017-02,,,,,Not queried; sample limited to top 20 MMSI by gaps
411222333,,,UNKNOWN,9f619e5f5-52b1-92c3-fc2b-a729f646c053,7,2,2022-01-08 12:51:48+00:00,2023-01-11 14:38:05+00:00,0,0,0,1,1,2022,2022-06,2022-06,,,,,Not queried; sample limited to top 20 MMSI by gaps
412326883,ZHAN HAI 006,ZHAN HAI 006 | ZHENFA9,CHN,18e5a3df3-3a25-2eb2-f997-eef666bf8955 | 1d4acee7b-bb23-67a5-08a9-b8f1204487a9,7,3,2018-03-02 14:45:50+00:00,2023-01-31 07:24:25+00:00,0,0,0,14,6,2017 | 2018 | 2019 | 2021 | 2022 | 2024,2017-01,2024-08,,,,,Not queried; sample limited to top 20 MMSI by gaps
412329688,LU QING YUAN YU 207,LU QING YUAN YU 207,CHN,16c06f367-79ea-f346-a50d-bb4872a7a449,7,3,2018-12-19 01:56:16+00:00,2020-11-29 06:56:02+00:00,0,0,0,2,2,2024 | 2026,2024-03,2026-05,,,,,Not queried; sample limited to top 20 MMSI by gaps
412331075,LURONGYUANYU 279,LURONGYUANYU 279,CHN,2ce6c65cd-d634-c3a4-85a0-3e3282dd366f,7,4,2017-03-21 19:52:12+00:00,2020-04-11 10:52:31+00:00,0,0,0,6,5,2019 | 2020 | 2021 | 2024 | 2026,2019-05,2026-05,,,,,Not queried; sample limited to top 20 MMSI by gaps
412331076,HENGXIN7,HENGXIN7 | LU YAN YUAN YU016 | LURONGYUANYU668 | LUYANYUANYU016,CHN,465acdef2-2384-3dac-690e-fd26916afffe | 7f70513eb-bccf-e4e6-4b1f-fc41394701aa | ac467c77c-c7d5-f82a-7e78-d7d9b82eaedc | dd86ca447-76ea-1200-417e-a83791df72aa,7,4,2018-12-05 16:47:00+00:00,2026-04-25 22:25:47+00:00,1,0,1,12,6,2018 | 2020 | 2023 | 2024 | 2025 | 2026,2018-04,2026-05,,,,,Not queried; sample limited to top 20 MMSI by gaps
412331168,LU RONG YUAN YU 838,LU PENG YUAN YU 089 | LU RONG YUAN YU 838,CHN,511c3992d-d455-e47f-2d63-ef325af78ce7 | 5e4079c46-62b8-b0cf-1cf9-2f61e495df68,7,2,2018-01-16 10:55:58+00:00,2019-04-06 14:55:24+00:00,0,0,0,0,0,,,,,,,,Not queried; sample limited to top 20 MMSI by gaps
412331200,LU RONG YUAN YU 882,LU QINGYUANYUANYU289 | LU RONG YUAN YU 882,CHN,66f3d5b37-79ec-d091-6bdf-208e9deacbc1 | bb6e3a5d0-05c1-7c4c-cc20-e90d8c8b5c2d,7,2,2022-05-12 21:16:59+00:00,2023-02-09 03:32:28+00:00,0,0,0,0,0,,,,,,,,Not queried; sample limited to top 20 MMSI by gaps
412333751,LURONGYUANYU188,LURONGYUANYU188,CHN,2765cd59a-a5c0-f9c7-3eca-6ebee755efe7,7,2,2023-02-16 10:59:48+00:00,2024-12-14 08:20:42+00:00,0,0,0,5,3,2024 | 2025 | 2026,2024-03,2026-05,,,,,Not queried; sample limited to top 20 MMSI by gaps
412334074,LURONGYUANYU602,LURONGYUANYU601 | LURONGYUANYU602,CHN,998b2f3cb-b1aa-edb6-fdb7-4c19963e37c0 | b7cd744a1-1570-6023-4c75-5ee4dd46a85b | ca116be45-5abc-fd32-2d15-3486bdb737ce,7,1,2022-04-10 21:37:30+00:00,2022-12-26 20:18:50+00:00,0,0,0,8,3,2018 | 2019 | 2020,2018-04,2020-12,,,,,Not queried; sample limited to top 20 MMSI by gaps
412420211,ZHOUYU6,ZHOUYU6 | ZHOUYUSIX,CHN,173ee5df9-91b0-32c4-ddf9-93b699b7f0fa | ae6db4aeb-b70d-cdcd-518b-bea8a19af6fc,7,3,2020-04-08 16:28:08+00:00,2023-04-24 06:21:07+00:00,0,0,0,5,2,2020 | 2022,2020-06,2022-11,,,,,Not queried; sample limited to top 20 MMSI by gaps
412420317,JIA DE 8,JIA DE 8 | JIADE8,CHN,652777bae-e8cb-8c7a-0087-b901713508e9 | dc46c05b1-14cb-3982-c7ba-006177f31c4e,7,2,2018-03-07 21:27:16+00:00,2020-06-09 17:13:48+00:00,0,0,0,10,5,2017 | 2018 | 2020 | 2022 | 2023,2017-01,2023-04,,,,,Not queried; sample limited to top 20 MMSI by gaps
412420341,HUAYING1,HUAYING1 | HUAYING1@1,CHN,1dd786060-0728-cf0b-9956-ef037c31101d | 35ae598a6-6a27-2c29-15f1-e581085c8188 | b161f9481-1596-3c64-bdf1-62bbb656d7e8,7,4,2017-05-06 17:12:30+00:00,2025-06-02 18:22:22+00:00,1,1,1,12,6,2017 | 2020 | 2021 | 2023 | 2024 | 2025,2017-05,2025-12,,,,,Not queried; sample limited to top 20 MMSI by gaps
412420646,TIAN YUE 1,TIAN YUE 1,CHN,903a6ad5c-c9af-ce05-911b-eef2b48fd8d3,7,3,2018-01-22 20:13:20+00:00,2023-03-25 20:35:39+00:00,0,0,0,9,6,2017 | 2018 | 2021 | 2022 | 2023 | 2024,2017-12,2024-06,,,,,Not queried; sample limited to top 20 MMSI by gaps
412439586,OU YA 7,OU YA 7,CHN,910dfda54-4516-428d-b041-a6bd4b317f1e | e97b2e71b-bd56-76f6-a59a-24cde3510591,7,3,2018-04-04 02:27:09+00:00,2023-03-18 22:53:40+00:00,0,0,0,18,8,2017 | 2018 | 2019 | 2021 | 2022 | 2024 | 2025 | 2026,2017-01,2026-06,,,,,Not queried; sample limited to top 20 MMSI by gaps
412439599,OU YA 27,OU YA 27 | OUYA27,CHN,098c2187d-d154-69f4-7dc9-e10227fb9f89 | de405c6d9-9467-380f-ca66-78936a4d5fbb,7,4,2018-03-28 17:30:58+00:00,2025-04-13 22:32:04+00:00,0,0,0,0,0,,,,,,,,Not queried; sample limited to top 20 MMSI by gaps
412440154,FUYUANYU878,FUYUANYU878,CHN,44c3de71f-fa1e-972d-cc01-45e55b42ebe6 | ce253c663-343d-5424-f001-20b6bfe160f1,7,3,2017-03-21 00:44:50+00:00,2019-02-21 12:36:28+00:00,0,0,0,1,1,2017,2017-12,2017-12,,,,,Not queried; sample limited to top 20 MMSI by gaps
412440661,FU YUAN YU 7871,FU YUAN YU 7871,CHN,6ae9561cf-faab-9c14-bb32-5c8747077250,7,2,2019-02-22 16:45:03+00:00,2022-03-29 07:35:28+00:00,0,0,0,5,3,2019 | 2021 | 2025,2019-04,2025-04,,,,,Not queried; sample limited to top 20 MMSI by gaps
412440734,FU YUAN YU 7611,FU YUAN YU 7611,CHN,5c36eb407-726c-d60a-cfa1-945c58e97f0f | e3a1ca1a9-941f-3a7c-d3fb-eb1080779b24,7,1,2023-01-13 18:18:51+00:00,2023-05-20 02:37:57+00:00,1,0,1,2,2,2022 | 2023,2022-06,2023-01,,,,,Not queried; sample limited to top 20 MMSI by gaps
412440741,FU YUAN YU 7617,FU YUAN YU 7617,CHN,9dc6f27e6-60c9-f2d9-29a4-b13070a238e6,7,1,2020-02-27 16:22:06+00:00,2020-05-04 10:16:43+00:00,0,0,0,4,4,2020 | 2021 | 2022 | 2023,2020-06,2023-01,,,,,Not queried; sample limited to top 20 MMSI by gaps
412440778,FU YUAN YU 7629,FU YUAN YU 7629,CHN,65c6e85d4-4063-f88e-8630-9cbe66890861 | 7016cf2f5-5e8a-da1b-1cfc-1cf237bfa45c,7,2,2021-04-09 11:06:40+00:00,2024-04-21 17:43:09+00:00,1,1,1,8,5,2020 | 2021 | 2023 | 2024 | 2026,2020-12,2026-04,,,,,Not queried; sample limited to top 20 MMSI by gaps
412549046,HONG PU 9,HONG PU 9,CHN,c22a77a32-2f29-78cd-6bd3-83f3f00fa847,7,1,2020-02-08 17:36:11+00:00,2020-04-27 15:27:38+00:00,0,0,0,12,6,2020 | 2021 | 2022 | 2024 | 2025 | 2026,2020-05,2026-05,,,,,Not queried; sample limited to top 20 MMSI by gaps
412549099,MING XIANG 878,MING XIANG 878,CHN,7c9bcfd14-442e-2518-3e57-84305b88cd86,7,1,2020-04-08 16:13:36+00:00,2020-04-26 15:47:31+00:00,0,0,0,6,3,2020 | 2021 | 2022,2020-01,2022-06,,,,,Not queried; sample limited to top 20 MMSI by gaps
412549144,HUA YING 218,HUA YING 218,CHN,2b068b229-9fd0-341c-73fe-e922b355c99c,7,3,2021-03-14 23:38:16+00:00,2023-03-01 14:23:54+00:00,0,0,0,13,6,2020 | 2021 | 2023 | 2024 | 2025 | 2026,2020-05,2026-05,,,,,Not queried; sample limited to top 20 MMSI by gaps
412549158,SHUNZE85,SHUNZE85,CHN,2bf793dea-a893-5a02-a029-b106154cd3e5 | 89439de8d-df2e-efd1-8787-096230141b49 | 9b991760e-e352-caea-8861-c631f5654875,7,4,2021-01-10 21:40:00+00:00,2025-01-22 05:03:28+00:00,0,0,0,15,7,2020 | 2021 | 2022 | 2023 | 2024 | 2025 | 2026,2020-05,2026-04,,,,,Not queried; sample limited to top 20 MMSI by gaps
412649351,XINGSHUN6,XINGSHUN6,CHN,d548b7023-3c46-d526-916d-906682e62d97,7,1,2025-01-01 21:06:12+00:00,2025-02-25 00:24:38+00:00,0,0,0,0,0,,,,,,,,Not queried; sample limited to top 20 MMSI by gaps
412679810,LIAO YU 1 HAO,LIAO YU 1 HAO,CHN,66e1d4091-141e-aefe-a8dd-e8ba2836b19c,7,3,2017-03-03 16:03:14+00:00,2019-03-31 11:57:20+00:00,0,0,0,13,8,2017 | 2018 | 2019 | 2020 | 2021 | 2022 | 2023 | 2025,2017-01,2025-04,,,,,Not queried; sample limited to top 20 MMSI by gaps
412699220,MING MAO,MING MAO,CHN,337e703b6-602a-fba7-4a6e-00e56fee02e8,7,1,2019-02-15 01:34:00+00:00,2019-03-19 18:38:58+00:00,0,0,0,0,0,,,,,,,,Not queried; sample limited to top 20 MMSI by gaps
416004545,HSIANG BAI FA,HSIANG BAI FA,TWN,759118cef-f2e9-b946-4467-6361c2478fad | fde797d39-9d84-1890-fbca-cee466d99c56,7,4,2017-02-23 09:16:17+00:00,2021-04-21 00:02:59+00:00,0,0,0,0,0,,,,,,,,Not queried; sample limited to top 20 MMSI by gaps
416004564,CHUN HAO,CHUN HAO,TWN,de75ce6f9-929c-2034-52fa-2cf47cd341df,7,4,2017-02-13 11:01:42+00:00,2023-03-07 03:16:01+00:00,0,0,0,1,1,2017,2017-02,2017-02,,,,,Not queried; sample limited to top 20 MMSI by gaps
416005723,HSIANG YUN WANG,HSIANG YUN WANG,TWN,1e811fc66-67c6-350e-457b-4049f83a0918,7,2,2025-04-08 02:35:10+00:00,2026-05-25 08:48:18+00:00,0,0,0,1,1,2025,2025-12,2025-12,,,,,Not queried; sample limited to top 20 MMSI by gaps
416005931,ZI DA WANG,ZI DA WANG,TWN,51a21d1d3-3135-f8b0-dbe8-ad57612d141e,7,5,2020-04-28 07:55:25+00:00,2026-03-05 11:03:23+00:00,0,0,0,0,0,,,,,,,,Not queried; sample limited to top 20 MMSI by gaps
416029800,CHIN CHUN,CHIN CHUN,TWN,d81842fbb-b2b5-ce59-c7da-bc42ac23bbd8,7,1,2018-02-24 19:52:52+00:00,2018-03-07 20:52:42+00:00,0,0,0,1,1,2018,2018-05,2018-05,,,,,Not queried; sample limited to top 20 MMSI by gaps
416235800,JUN RONG,JUN RONG,TWN,514bfb2fd-d6e6-e9d9-5a86-4948c5028d54,7,2,2017-02-21 08:13:35+00:00,2018-04-14 12:05:11+00:00,0,0,0,0,0,,,,,,,,Not queried; sample limited to top 20 MMSI by gaps
416238500,LUNG SOON FA NO.1,LUNG SOON FA NO.1,TWN,31d68436a-af3b-5d1e-0152-91a99f34410c,7,2,2017-02-07 01:27:46+00:00,2018-03-02 01:21:17+00:00,0,0,0,0,0,,,,,,,,Not queried; sample limited to top 20 MMSI by gaps
416239500,CHUN I NO.1,CHUN I NO.1,TWN,714420c1f-fa80-96fa-8740-d49dd555edd7,7,3,2017-02-09 12:21:02+00:00,2020-03-26 11:32:18+00:00,0,0,0,0,0,,,,,,,,Not queried; sample limited to top 20 MMSI by gaps
416241600,SUN GIN YI,SUN GIN YI,TWN,5ce693e6b-be02-19dd-6c87-100672a235c8 | 782e5dcfd-d363-6d8d-b748-5dce8500096e,7,3,2017-02-12 12:47:41+00:00,2019-02-10 08:03:11+00:00,0,0,0,0,0,,,,,,,,Not queried; sample limited to top 20 MMSI by gaps
416241900,WIN FAR FU NO 1,WIN FAR FU NO 1,TWN,b86cf6d6d-d617-181a-5dfa-cab21c1a7cf6,7,2,2017-02-09 19:02:24+00:00,2018-02-27 18:14:09+00:00,0,0,0,0,0,,,,,,,,Not queried; sample limited to top 20 MMSI by gaps
416243900,XING HUA SHENG NO606,XING HUA SHENG NO606,TWN,0fb35ff8d-dc31-8f03-53f8-ec08ed830c22,7,3,2017-02-06 19:32:08+00:00,2019-02-03 19:55:55+00:00,0,0,0,0,0,,,,,,,,Not queried; sample limited to top 20 MMSI by gaps
440201000,EUNHAE NO.109,EUNHAE NO.109,KOR,5a439cecc-c24a-bf28-8f61-9cfaf70f8c68,7,2,2017-02-10 00:42:21+00:00,2018-05-21 11:58:07+00:00,0,0,0,1,1,2019,2019-01,2019-01,,,,,Not queried; sample limited to top 20 MMSI by gaps
440261000,107 EUNHAE,107 EUNHAE,KOR,78d3ccc94-4d98-20a8-d02d-b04aeb7ca30a,7,3,2018-02-26 18:36:52+00:00,2022-05-05 11:22:08+00:00,0,0,0,4,3,2017 | 2019 | 2020,2017-03,2020-05,,,,,Not queried; sample limited to top 20 MMSI by gaps
440815000,NO.7 DAE YANG,NO.7 DAE YANG,KOR,4d57f610d-d4d0-fdd9-931c-14aff6d01252,7,3,2018-01-05 07:59:27+00:00,2023-05-07 15:37:00+00:00,0,0,0,7,4,2019 | 2020 | 2021 | 2022,2019-02,2022-06,,,,,Not queried; sample limited to top 20 MMSI by gaps
441298000,AGNES 102,AGNES 102,KOR,24d65bbf8-8a84-8ac6-a4ba-283c0d6ba636,7,5,2017-03-09 03:22:04+00:00,2025-05-09 02:51:42+00:00,0,0,0,1,1,2023,2023-12,2023-12,,,,,Not queried; sample limited to top 20 MMSI by gaps
441360000,101 EUN HAE,101 EUN HAE,KOR,5b83c1645-565c-08c1-4f70-9a6a5ff68de2,7,2,2017-11-26 17:36:50+00:00,2018-05-21 11:56:07+00:00,0,0,0,1,1,2017,2017-03,2017-03,,,,,Not queried; sample limited to top 20 MMSI by gaps
441868000,KOSTAR,KOSTAR,KOR,7f28f657a-ac10-0579-de53-5e52207200a4,7,4,2017-04-20 04:52:11+00:00,2020-02-17 16:07:29+00:00,0,2,2,17,3,2017 | 2018 | 2019,2017-01,2019-11,,,,,Not queried; sample limited to top 20 MMSI by gaps
441879000,101HAERANG,101HAERANG,KOR,f5fd659dd-db3b-b2ed-e449-ae02b68d9571,7,4,2018-03-01 17:05:35+00:00,2021-03-23 22:35:38+00:00,0,0,0,3,2,2018 | 2021,2018-02,2021-02,,,,,Not queried; sample limited to top 20 MMSI by gaps
613515600,FU YANG 5,FU YANG 5 | FUYANG5,CMR,36862ecb2-293c-6ff8-487a-5c7c5a18059e | 88eeeeb00-08ec-7edc-b203-bc01bad44ff5,7,3,2023-12-27 12:25:37+00:00,2025-02-19 19:10:30+00:00,0,0,0,2,1,2024,2024-02,2024-03,,,,,Not queried; sample limited to top 20 MMSI by gaps
701000588,S. DON JOSE MOSCUZZA,S. DON JOSE MOSCUZZA,ARG,85a46993f-fa79-cb4b-6a81-e664c26133c9,7,2,2020-04-28 14:49:18+00:00,2022-07-16 03:31:20+00:00,7,7,7,95,10,2017 | 2018 | 2019 | 2020 | 2021 | 2022 | 2023 | 2024 | 2025 | 2026,2017-03,2026-08,,,,,Not queried; sample limited to top 20 MMSI by gaps
701000736,MARIANELA,MARIANELA,ARG,eb4a310a9-9cff-2b15-e5d1-8b503a1af0dc,7,4,2017-09-24 00:17:05+00:00,2026-02-27 21:27:20+00:00,7,7,7,93,10,2017 | 2018 | 2019 | 2020 | 2021 | 2022 | 2023 | 2024 | 2025 | 2026,2017-09,2026-08,,,,,Not queried; sample limited to top 20 MMSI by gaps
701000737,TIFON,TIFON,ARG,7db82e716-6636-6927-91bf-37808cce0d54 | 9e2be2717-74d8-fd86-bf50-d762e28ffa2a,7,2,2019-03-08 10:35:44+00:00,2023-11-26 20:16:01+00:00,3,3,3,86,10,2017 | 2018 | 2019 | 2020 | 2021 | 2022 | 2023 | 2024 | 2025 | 2026,2017-07,2026-08,,,,,Not queried; sample limited to top 20 MMSI by gaps
701000825,V MARIA INMACULADA,V MARIA INMACULADA,ARG,95a267633-3485-4d3f-2f3a-5dde19ddf658,7,2,2022-10-02 11:42:11+00:00,2025-11-30 08:19:45+00:00,7,7,7,91,9,2018 | 2019 | 2020 | 2021 | 2022 | 2023 | 2024 | 2025 | 2026,2018-08,2026-08,,,,,Not queried; sample limited to top 20 MMSI by gaps
701000829,RIGEL,RIGEL,ARG,66f0d03cc-c730-d222-f0e6-d8a635131a35,7,1,2018-01-21 14:26:01+00:00,2018-03-29 22:33:06+00:00,3,3,4,12,2,2017 | 2018,2017-07,2018-06,,,,,Not queried; sample limited to top 20 MMSI by gaps
701000869,VICTORIA 2,VICTORIA 2,ARG,a48fece88-8357-0e3f-2933-0af07c7f6589 | e4fca4709-986e-9f51-bb64-778709a9eeaf,7,3,2017-02-22 11:03:42+00:00,2020-02-06 03:16:27+00:00,7,7,7,114,10,2017 | 2018 | 2019 | 2020 | 2021 | 2022 | 2023 | 2024 | 2025 | 2026,2017-01,2026-08,,,,,Not queried; sample limited to top 20 MMSI by gaps
701000956,DON ESCIPION,DON ESCIPION,ARG,6354200ac-c69c-5774-c1cf-f449ecf2d984 | 94b1a51d3-3cde-3fe1-f002-4f24ee0700f8,7,3,2022-03-20 07:50:19+00:00,2025-06-10 11:31:14+00:00,4,2,5,73,7,2020 | 2021 | 2022 | 2023 | 2024 | 2025 | 2026,2020-05,2026-08,,,,,Not queried; sample limited to top 20 MMSI by gaps
701007040,EL MARISCO II,EL MARISCO II,ARG,0fc5432cc-c70a-49f6-a1a5-9dea12b97a91,7,5,2019-08-29 10:29:00+00:00,2024-10-10 23:58:26+00:00,7,7,7,88,9,2017 | 2018 | 2019 | 2020 | 2021 | 2022 | 2023 | 2024 | 2025,2017-01,2025-11,,,,,Not queried; sample limited to top 20 MMSI by gaps
701074000,HUAFENG 817,HUAFENG 817,ARG,275c30f44-496d-0fc2-65de-2c0f2ce26aa1,7,3,2019-01-10 16:46:23+00:00,2021-11-17 19:08:04+00:00,5,5,6,77,9,2017 | 2018 | 2019 | 2020 | 2021 | 2022 | 2023 | 2024 | 2025,2017-07,2025-08,,,,,Not queried; sample limited to top 20 MMSI by gaps
701126000,GRACIELA I,GRACIELA I,ARG,7721fb46d-d8f7-0589-f730-8f942f915054,7,2,2025-09-21 10:35:20+00:00,2026-08-22 00:25:35+00:00,7,7,7,82,8,2019 | 2020 | 2021 | 2022 | 2023 | 2024 | 2025 | 2026,2019-10,2026-08,,,,,Not queried; sample limited to top 20 MMSI by gaps
710118279,ISADORA MARIA F,ISADORA MARIA F,BRA,2ae842496-61ce-9d77-cd9f-23aa882c03f3,7,1,2023-03-30 14:45:09+00:00,2023-07-15 00:43:58+00:00,0,0,0,0,0,,,,,,,,Not queried; sample limited to top 20 MMSI by gaps
710190000,GABRIEL #C#,GABRIEL #C#,BRA,a81db4a33-384e-f8da-1e51-ba39a3911966,7,3,2022-04-13 21:12:29+00:00,2024-03-16 04:11:03+00:00,0,0,0,0,0,,,,,,,,Not queried; sample limited to top 20 MMSI by gaps
740336000,ARGOS GALICIA,ARGOS GALICIA,FLK,1226df116-6d96-d269-c484-c7c4bcf5f959,7,2,2017-02-13 02:50:42+00:00,2018-02-21 08:55:03+00:00,0,0,0,0,0,,,,,,,,Not queried; sample limited to top 20 MMSI by gaps
740349000,KESTREL,KESTREL,FLK,8a6a3d2d7-75b4-0117-262d-75e048ef12c7,7,3,2018-03-11 23:55:02+00:00,2025-10-13 17:33:47+00:00,0,0,0,0,0,,,,,,,,Not queried; sample limited to top 20 MMSI by gaps
17281,DONA TEREZA,DONA TEREZA,UNKNOWN,ffb41c58f-fdcb-d702-bf31-dbd57ab644d7,6,1,2023-04-03 19:06:16+00:00,2023-05-23 13:20:00+00:00,0,0,0,0,0,,,,,,,,Not queried; sample limited to top 20 MMSI by gaps
200014551,,,UNKNOWN,ad8f40d34-48c9-eca9-ea45-b2183adcb6c5,6,4,2018-02-04 13:28:02+00:00,2023-03-26 14:46:43+00:00,0,0,0,6,4,2018 | 2019 | 2020 | 2022,2018-11,2022-12,,,,,Not queried; sample limited to top 20 MMSI by gaps
224623000,TRONIO,TRONIO,ESP,970790c6e-eae0-7dad-b935-4b7f0828aad4,6,5,2019-01-22 22:54:03+00:00,2023-01-29 14:32:14+00:00,1,1,1,6,6,2020 | 2021 | 2022 | 2023 | 2024 | 2026,2020-11,2026-02,,,,,Not queried; sample limited to top 20 MMSI by gaps
412321688,XIANG RUI 978,XIANG RUE 978 | XIANG RUI 978,CHN,0507e691a-a3a1-33f1-883c-3a7422dafbda | 1b6c33b76-68cc-f9fe-81f1-3788bd6d78b3,6,1,2020-04-05 16:16:30+00:00,2020-04-29 09:24:29+00:00,1,0,1,1,1,2020,2020-04,2020-04,,,,,Not queried; sample limited to top 20 MMSI by gaps
412328787,LURONGYUANYU999,LU RONG YUAN YU999 | LURONGYUANYU999,CHN,8f815bb2d-dc5c-0b85-553e-bfca373271ae | f21717a48-8cb5-a041-50a9-25c82b117e4f,6,2,2021-01-28 15:16:44+00:00,2024-02-01 09:57:21+00:00,0,0,0,1,1,2024,2024-03,2024-03,,,,,Not queried; sample limited to top 20 MMSI by gaps
412330959,FUXIN,FUXIN,CHN,4c650e1e4-40d3-4d52-d639-aac98ce1dc64,6,3,2019-01-10 10:23:40+00:00,2024-01-07 22:13:10+00:00,0,0,0,8,6,2019 | 2020 | 2021 | 2023 | 2024 | 2025,2019-02,2025-04,,,,,Not queried; sample limited to top 20 MMSI by gaps
412331068,LURONGYUANYU802,LURONGYUANYU802,CHN,99c42085b-b678-2a43-ca82-9f917ebb0d5c,6,4,2017-01-06 21:04:08+00:00,2025-11-29 20:24:43+00:00,0,0,0,4,4,2020 | 2023 | 2024 | 2026,2020-08,2026-05,,,,,Not queried; sample limited to top 20 MMSI by gaps
412331285,FUYUANYU717,FUYUANYU717 | FUYUANYU9996 | LURONGYUANYU717,CHN,03ac4c519-96c4-9a63-056a-77626d8d01aa | 183789f4c-cb36-03d4-47ce-ca9de2e155cd | 268a1d06c-cd8c-0baa-87c4-7e972f340b2b | e680f9dbe-ef6a-3d06-7303-a68f47be6a68,6,3,2021-11-30 11:24:52+00:00,2023-02-09 00:21:13+00:00,0,0,0,2,2,2021 | 2023,2021-11,2023-06,,,,,Not queried; sample limited to top 20 MMSI by gaps
412333797,LURONGYUANYU669,LURONGYUANYU669,CHN,fc470494e-e081-d0a2-ac28-d8dfc691d959,6,3,2020-02-27 19:24:53+00:00,2026-04-05 09:19:55+00:00,0,0,0,10,7,2020 | 2021 | 2022 | 2023 | 2024 | 2025 | 2026,2020-06,2026-05,,,,,Not queried; sample limited to top 20 MMSI by gaps
412334079,LU RONG YUAN YU 608,LU RONG YUAN YU 608 | LURONGYANYU608,CHN,7f8892366-6ae5-9a27-fb44-bfea9790fbc1 | 8744815b2-2094-0137-963b-9abb035c42b8,6,2,2019-03-20 17:16:06+00:00,2023-05-26 02:28:46+00:00,0,0,0,7,5,2018 | 2019 | 2020 | 2021 | 2023,2018-12,2023-05,,,,,Not queried; sample limited to top 20 MMSI by gaps
412371203,HU SHUN YU 06,HU SHUN YU 06,CHN,596662e9d-da90-9311-0a39-ffb342ce34a8,6,3,2017-03-06 06:17:19+00:00,2023-01-15 12:22:16+00:00,0,0,0,8,7,2017 | 2018 | 2019 | 2020 | 2021 | 2022 | 2023,2017-04,2023-03,,,,,Not queried; sample limited to top 20 MMSI by gaps
412420647,TIAN YUE 2,SHUN ZE1 | TIAN YUE 2,CHN,99c3d58c4-4ae6-1dac-ff99-c5f1155f4871 | bd78617e6-6544-3e34-aa22-dd5d12ffa1e7,6,3,2019-01-22 20:37:29+00:00,2025-04-17 19:02:15+00:00,0,0,0,18,9,2017 | 2018 | 2019 | 2020 | 2021 | 2022 | 2024 | 2025 | 2026,2017-02,2026-04,,,,,Not queried; sample limited to top 20 MMSI by gaps
412421062,HUA XIANG 801,HUA XIANG 801,CHN,b1448536e-ec46-a23a-0dcb-bc101db027b8,6,3,2017-03-09 01:44:32+00:00,2019-02-22 14:45:34+00:00,0,0,0,13,9,2017 | 2018 | 2019 | 2021 | 2022 | 2023 | 2024 | 2025 | 2026,2017-05,2026-05,,,,,Not queried; sample limited to top 20 MMSI by gaps
412422734,JINHAI825,JINHAI825,CHN,77a132fa6-6d1a-7898-1237-704177941723,6,3,2019-02-26 01:24:36+00:00,2026-01-23 16:46:44+00:00,0,0,0,1,1,2020,2020-02,2020-02,,,,,Not queried; sample limited to top 20 MMSI by gaps
412439601,OUYA19,OUYA19,CHN,6f2951ced-dc14-998d-fd81-ec937b83f643,6,2,2017-03-09 03:21:05+00:00,2018-04-06 16:37:07+00:00,0,0,0,1,1,2025,2025-01,2025-01,,,,,Not queried; sample limited to top 20 MMSI by gaps
412440727,FU YUAN YU 7601,FU YUAN YU 7601,CHN,e135dce35-5c58-dc36-7e4e-d0e1d8d86337,6,2,2020-04-11 17:13:21+00:00,2022-02-10 21:35:19+00:00,0,0,0,10,6,2020 | 2021 | 2022 | 2023 | 2024 | 2025,2020-06,2025-01,,,,,Not queried; sample limited to top 20 MMSI by gaps
412465012,SHEN GANG SHUN 8,SHEN GANG SHUN 8,CHN,132d6b40d-d943-d227-ad47-e918d555c17d | c25ef348c-c93d-7bec-24c7-b67602740a09,6,3,2018-03-04 17:27:41+00:00,2026-03-02 13:28:17+00:00,0,0,0,9,7,2018 | 2019 | 2020 | 2021 | 2023 | 2024 | 2026,2018-12,2026-05,,,,,Not queried; sample limited to top 20 MMSI by gaps
412549087,ZHAN HAI 003,ZHAN HAI 003,CHN,6553dfc0d-db2c-f644-017c-127caf72180b | f7e30df96-69f8-97fd-afb7-72eb15d08fc3,6,3,2021-03-06 22:35:40+00:00,2026-04-21 14:05:33+00:00,0,0,0,2,2,2024 | 2026,2024-03,2026-05,,,,,Not queried; sample limited to top 20 MMSI by gaps
416004693,WIN FAR YING 8,WIN FAR YING 8,TWN,15cfa5f9c-c8cc-4449-6ab5-6a8d3a9df1b6,6,2,2017-02-09 15:18:30+00:00,2018-02-27 21:49:43+00:00,0,0,0,0,0,,,,,,,,Not queried; sample limited to top 20 MMSI by gaps
416004857,JAI FA NO.8,JAI FA NO.8,TWN,cbdff7a29-9343-68fd-bd5a-16fa6377feda,6,3,2017-02-01 22:58:15+00:00,2024-03-05 19:52:13+00:00,0,0,0,0,0,,,,,,,,Not queried; sample limited to top 20 MMSI by gaps
416005644,YUN MAO NO.1,YUN MAO NO.1,TWN,39b1cfaf9-90c1-9fa1-4aa0-743aa6e791ff | c90869c53-32b3-76ff-0dc3-e7267cfbb14e,6,5,2019-05-12 21:39:17+00:00,2024-10-25 01:13:07+00:00,0,0,0,0,0,,,,,,,,Not queried; sample limited to top 20 MMSI by gaps
416234600,ZI DA YE,ZI DA YE,TWN,1f4e27b14-42b9-8da2-6621-7dd7d6a710ae | 5fbb66dd8-8a0e-7ace-33ef-e84ac9dc2307 | 78accde31-1675-779b-c673-229dc2c7d6d5,6,3,2017-02-22 00:31:43+00:00,2026-01-08 20:51:44+00:00,0,0,0,0,0,,,,,,,,Not queried; sample limited to top 20 MMSI by gaps
416312001,HER HUNG NO.16,HER HUNG NO.16,TWN,4094a17d8-8924-78a1-0f1a-da55d495a010,6,1,2020-03-06 20:04:31+00:00,2020-04-16 01:00:02+00:00,0,0,0,0,0,,,,,,,,Not queried; sample limited to top 20 MMSI by gaps
440038000,SKYMAX 101,306DAEHWA | SKYMAX 101,KOR,248383d19-9fcf-ab58-0a25-0b20873f3831 | 75959d272-2ae3-e9de-404c-603f24fc98a2 | 969820802-2996-68a7-0524-3bc729f0a17f,6,4,2017-02-24 12:12:27+00:00,2026-05-14 23:56:29+00:00,0,0,0,1,1,2023,2023-01,2023-01,,,,,Not queried; sample limited to top 20 MMSI by gaps
440684000,SAEIN NO9,101SAMYOUNG | SAEIN NO9,KOR,9d76c9be6-6b31-a0ec-4e53-afe0c6b66ae5 | b2577ca9e-ea19-b5d2-c570-5e773841bfbd,6,3,2017-03-09 03:22:14+00:00,2022-02-20 03:27:52+00:00,0,0,0,3,2,2017 | 2018,2017-03,2018-06,,,,,Not queried; sample limited to top 20 MMSI by gaps
441413000,AGNES101,AGNES101,KOR,76ed0c73b-b565-36c6-e8c4-cb7282ff35b6,6,5,2018-03-03 15:25:01+00:00,2026-04-26 11:39:54+00:00,0,0,0,1,1,2019,2019-12,2019-12,,,,,Not queried; sample limited to top 20 MMSI by gaps
701000698,LA SANTA MARIA I,LA SANTA MARIA I,ARG,39dadcd88-8187-1022-ad9f-ffdd279379f8,6,2,2025-02-23 23:26:06+00:00,2026-06-18 07:35:33+00:00,4,5,5,101,10,2017 | 2018 | 2019 | 2020 | 2021 | 2022 | 2023 | 2024 | 2025 | 2026,2017-01,2026-08,,,,,Not queried; sample limited to top 20 MMSI by gaps
701000725,MARIA GRACIA,MARIA GRACIA,ARG,32d7c7afc-c4e1-28a4-f10a-3a517a2828b1 | 3fb6ffed8-8a73-7f52-3ca4-73d07f5913a1,6,5,2017-02-23 17:21:18+00:00,2023-02-08 03:38:21+00:00,5,6,6,88,9,2017 | 2018 | 2019 | 2020 | 2021 | 2022 | 2023 | 2024 | 2025,2017-01,2025-07,,,,,Not queried; sample limited to top 20 MMSI by gaps
701000755,SAN ANDRES APOSTOL,SAN ANDRES APOSTOL,ARG,4617edce4-4089-fec1-41a7-6bc98e6a1fdd | bb4ee6762-201c-7ed4-d4ae-31e23979e524,6,4,2018-05-09 22:37:43+00:00,2026-05-04 20:32:28+00:00,6,6,6,103,10,2017 | 2018 | 2019 | 2020 | 2021 | 2022 | 2023 | 2024 | 2025 | 2026,2017-01,2026-08,,,,,Not queried; sample limited to top 20 MMSI by gaps
701000870,DON NATALIO,DON NATALIO,ARG,4586944f8-82e4-737e-657c-ce6a2fdbba8b,6,3,2017-03-12 14:28:38+00:00,2023-11-24 10:11:09+00:00,6,6,6,36,5,2017 | 2018 | 2021 | 2022 | 2023,2017-01,2023-11,,,,,Not queried; sample limited to top 20 MMSI by gaps
701000943,MARIO R,MARIO R,ARG,ef7e139db-bacf-1747-b04d-497ec5156483,6,3,2019-08-21 01:42:36+00:00,2024-06-16 22:33:30+00:00,6,6,6,92,10,2017 | 2018 | 2019 | 2020 | 2021 | 2022 | 2023 | 2024 | 2025 | 2026,2017-08,2026-08,,,,,Not queried; sample limited to top 20 MMSI by gaps
701001422,MARLENE DEL CARMEN,MARLENE DEL CARMEN,ARG,f488dab27-7049-97ff-a584-7acfdea14f47,6,1,2025-10-24 09:49:53+00:00,2025-11-27 18:16:53+00:00,6,6,6,17,2,2025 | 2026,2025-04,2026-08,,,,,Not queried; sample limited to top 20 MMSI by gaps
701006071,XEITOSINO,XEITOSINO,ARG,f091ad41a-a5cf-3fbd-37e6-4bb72281ddfe,6,2,2019-09-07 19:43:25+00:00,2021-10-03 03:06:26+00:00,6,6,6,103,10,2017 | 2018 | 2019 | 2020 | 2021 | 2022 | 2023 | 2024 | 2025 | 2026,2017-01,2026-08,,,,,Not queried; sample limited to top 20 MMSI by gaps
701006724,HUA FENG 802,HUA FENG 802,ARG,1a1d2d1ea-a83b-8ef0-662d-939dbb6e3672,6,1,2026-01-10 02:19:27+00:00,2026-04-14 02:08:52+00:00,6,6,6,96,10,2017 | 2018 | 2019 | 2020 | 2021 | 2022 | 2023 | 2024 | 2025 | 2026,2017-01,2026-05,,,,,Not queried; sample limited to top 20 MMSI by gaps
701161000,LITO,LITO,ARG,c185a6947-71da-b6b4-b62d-f305288f55ab,6,1,2025-07-12 00:53:11+00:00,2025-09-24 13:37:45+00:00,6,6,6,18,2,2025 | 2026,2025-02,2026-08,,,,,Not queried; sample limited to top 20 MMSI by gaps
710000099,B3 - S SHARK100%,B3 - S SHARK 80% | B3 - S SHARK 94% | B3 - S SHARK100%,BRA,0292be42e-ed8d-7d12-646c-53a91764a4fe | 52fb8bb52-2c9a-f585-9714-9adfd2d7cb19 | e791c065d-d729-4504-da0d-740b06776c86,6,2,2022-09-17 18:10:43+00:00,2023-07-04 16:38:41+00:00,0,0,0,0,0,,,,,,,,Not queried; sample limited to top 20 MMSI by gaps
710004578,SAMBAQUI 3,BARCO DE PESCA | SAMBAOUI 3 | SAMBAQUI 3,BRA,24ec5856e-e31b-09dd-4bcc-6e92bc6d0d2d | 2e49917bc-ca88-5824-44a8-fd6c307558f1 | 958ef31c0-030a-4e65-baae-14ef3018a9bb,6,2,2024-02-21 11:06:28+00:00,2025-06-06 18:31:44+00:00,0,0,0,0,0,,,,,,,,Not queried; sample limited to top 20 MMSI by gaps
710004960,ELIAS SEIF,ELIAS SEIF,BRA,386fd6752-20f1-3867-54a2-1a936141912d,6,2,2022-12-20 14:42:22+00:00,2023-01-26 07:18:50+00:00,0,0,0,0,0,,,,,,,,Not queried; sample limited to top 20 MMSI by gaps
710100200,MARCO ANTONIO,ANDERSON F | MARCO ANTONIO,BRA,6c2acf290-0ae6-3fc2-c79c-46e1626390c1 | d664d93e0-0186-6371-7275-26f10f105fd7,6,3,2018-10-23 11:36:59+00:00,2023-02-03 20:49:07+00:00,0,0,0,0,0,,,,,,,,Not queried; sample limited to top 20 MMSI by gaps
710121769,MENINA LYVIA,MENINA LYVIA,BRA,d92c0d5ee-e1b4-cfbe-3298-377d1973e15e,6,5,2021-06-23 18:01:08+00:00,2025-06-01 01:16:47+00:00,0,0,0,0,0,,,,,,,,Not queried; sample limited to top 20 MMSI by gaps
710807861,MARBELLA I,MARBELLA I,BRA,9a7a43b3f-fff0-083f-545e-c355c25b3801,6,2,2020-08-29 22:27:06+00:00,2021-09-15 09:46:24+00:00,0,0,0,0,0,,,,,,,,Not queried; sample limited to top 20 MMSI by gaps
719604774,719604774,719604774 | DOM CAETANO III,UNKNOWN,8810f2b4a-a13f-0279-8941-16ce81134420 | f981c8beb-b520-5f76-3bcf-ac7c8d79ef4a,6,3,2023-07-10 09:04:07+00:00,2025-02-14 12:12:29+00:00,0,0,0,0,0,,,,,,,,Not queried; sample limited to top 20 MMSI by gaps
740368000,KALATXORI,KALATXORI,FLK,222dbf89f-faa5-4a3a-247d-0fd25383cd28,6,2,2017-02-03 04:50:41+00:00,2018-04-26 22:18:30+00:00,0,0,0,0,0,,,,,,,,Not queried; sample limited to top 20 MMSI by gaps
770576062,CORAL,CORAL,URY,8f79858ac-c855-f7cd-389b-5e5de75af48e | c576c84ff-f296-dc8d-e686-0e08deecc65b,6,5,2018-06-14 04:31:57+00:00,2024-10-23 20:31:17+00:00,1,3,3,77,10,2017 | 2018 | 2019 | 2020 | 2021 | 2022 | 2023 | 2024 | 2025 | 2026,2017-02,2026-08,,,,,Not queried; sample limited to top 20 MMSI by gaps
770576135,NILTO I,NILTO I,URY,3dbf2d40e-eb06-4b3c-2e42-3b54cf5f8e77,6,3,2020-11-25 14:31:18+00:00,2023-04-17 13:48:25+00:00,4,3,4,67,9,2017 | 2018 | 2019 | 2020 | 2021 | 2022 | 2023 | 2024 | 2026,2017-01,2026-06,,,,,Not queried; sample limited to top 20 MMSI by gaps
997101020,ANA CLARA BOIA 6,ANA CLARA BOIA 6,UNKNOWN,5706b0711-1726-5a06-7b7e-20b8d925a445,6,1,2025-07-17 15:03:00+00:00,2025-09-14 14:33:51+00:00,0,0,0,0,0,,,,,,,,Not queried; sample limited to top 20 MMSI by gaps
997108034,MARIA BOIA 6,MARIA BOIA 6,UNKNOWN,26cd27715-5636-cdc3-40e0-6b9404fd8dbd | 6f6250fa1-169c-d8bb-6805-39ec1a169ef5,6,2,2025-08-09 14:49:13+00:00,2026-01-02 14:57:54+00:00,0,0,0,0,0,,,,,,,,Not queried; sample limited to top 20 MMSI by gaps
217077966,30506C40 SM0TS7@@A@R,30506C40 SM0TS7 | 30506C40 SM0TS7@@A@R,UNKNOWN,9acbdf003-344d-b611-e661-72da93b808aa | a7f30d709-920a-8e5f-7d3c-303f321d8141 | e268fceea-ab9a-1ee1-efd7-2c85ca066cf4,5,2,2023-05-11 12:00:59+00:00,2024-01-24 14:37:02+00:00,0,0,0,0,0,,,,,,,,Not queried; sample limited to top 20 MMSI by gaps
224491000,HERMANOS TOUZA,HERMANOS TOUZA,ESP,17b1be4e7-7764-b8ef-05b7-d535e7f58e45,5,1,2017-02-15 23:12:34+00:00,2017-05-29 20:24:11+00:00,0,0,0,1,1,2019,2019-07,2019-07,,,,,Not queried; sample limited to top 20 MMSI by gaps
263587000,NVO.VIRGEM DA BARCA,NVO.VIRGEM DA BARCA,PRT,e4f7b5c50-04ec-933c-a659-e1d26fde8c16,5,2,2025-03-24 18:05:28+00:00,2026-05-22 03:26:18+00:00,0,0,0,5,1,2025,2025-03,2025-08,,,,,Not queried; sample limited to top 20 MMSI by gaps
412138631,7DAEYANG,7DAEYANG,CHN,cdb44dfd0-06d0-f7f7-19a0-6d9a1e85050a,5,1,2020-03-17 21:35:02+00:00,2020-04-09 12:00:46+00:00,0,0,0,0,0,,,,,,,,Not queried; sample limited to top 20 MMSI by gaps
412300377,TIAN XIANG 57,TIAN XIANG 57,CHN,99c3f3ef6-6293-1831-ee40-db7b45e78eb8,5,1,2019-02-22 18:38:11+00:00,2019-03-11 02:05:16+00:00,0,0,0,2,2,2017 | 2026,2017-04,2026-05,,,,,Not queried; sample limited to top 20 MMSI by gaps
412320029,JING YUAN 608,JING YUAN 608,CHN,1a900c7cc-c81a-f295-4db5-32b67a0cb04f | 4c352bad4-46cf-7988-f53f-828e75bce0f3,5,3,2018-02-07 02:07:01+00:00,2026-03-28 09:43:15+00:00,0,0,0,13,7,2020 | 2021 | 2022 | 2023 | 2024 | 2025 | 2026,2020-01,2026-07,,,,,Not queried; sample limited to top 20 MMSI by gaps
412329437,LURONGYUANYU979,LURONGYUANYU979,CHN,d151f50bd-d28a-e8f4-0488-3e4c00ab0c15 | f5e0f6e39-9f28-836f-15af-3451f7b60eba,5,2,2020-01-18 20:55:54+00:00,2025-06-26 23:57:40+00:00,0,0,0,6,4,2020 | 2023 | 2024 | 2026,2020-01,2026-05,,,,,Not queried; sample limited to top 20 MMSI by gaps
412329438,LURONGYUANYU986,LURONGYUANYU986,CHN,d638f25bc-c98f-8a84-36f7-9c3f7528b6cc,5,3,2020-01-22 17:24:24+00:00,2025-05-06 20:05:26+00:00,0,0,0,8,4,2020 | 2023 | 2024 | 2026,2020-01,2026-07,,,,,Not queried; sample limited to top 20 MMSI by gaps
412331284,LURONGYUANYU715,LURONGYUANYU715,CHN,45cf1b3d2-2d44-183c-58d4-5e9e1bb94ac0 | 93f7a960c-c472-8204-aa22-5d4eade5d838,5,3,2021-12-03 11:53:17+00:00,2023-02-09 00:40:10+00:00,0,0,0,5,3,2021 | 2022 | 2023,2021-05,2023-06,,,,,Not queried; sample limited to top 20 MMSI by gaps
412336489,LURONGYUANYU585,LURONGYUANYU585,CHN,39d77eaa6-698b-3b0e-7872-da486f0b0168,5,5,2021-11-29 19:31:56+00:00,2025-01-01 14:10:18+00:00,0,0,0,3,2,2022 | 2024,2022-06,2024-03,,,,,Not queried; sample limited to top 20 MMSI by gaps
412420597,DONGYU1519,DONGYU1519,CHN,754293819-9a64-5aeb-2d62-39e6f52be1b8,5,2,2023-02-21 13:03:20+00:00,2024-12-23 05:45:38+00:00,0,0,0,1,1,2024,2024-03,2024-03,,,,,Not queried; sample limited to top 20 MMSI by gaps
412420652,RUN DA 677,RUN DA 677,CHN,b0b750ee9-95a0-aff7-fa77-f7949be96933,5,1,2018-02-15 07:09:30+00:00,2018-05-22 19:22:47+00:00,0,1,1,5,3,2017 | 2018 | 2021,2017-05,2021-04,,,,,Not queried; sample limited to top 20 MMSI by gaps
412421175,HENG XIN 78,HENG XIN 78,CHN,52851add5-5e5e-d78c-09e3-f888c4370a4a | 5b6004a40-02f1-2ebc-df89-2119e338416c,5,4,2021-02-18 20:11:30+00:00,2024-04-25 14:53:40+00:00,0,0,0,8,5,2021 | 2022 | 2023 | 2024 | 2025,2021-01,2025-05,,,,,Not queried; sample limited to top 20 MMSI by gaps
412421178,SHUNZE75,SHUNZE75,CHN,6fc0d9d59-977d-d3d9-921e-37e662f58d5f,5,3,2019-03-08 16:51:00+00:00,2026-03-19 05:24:58+00:00,0,0,0,14,8,2019 | 2020 | 2021 | 2022 | 2023 | 2024 | 2025 | 2026,2019-04,2026-05,,,,,Not queried; sample limited to top 20 MMSI by gaps
412421193,ZHONGJU7,ZHONGJU7,CHN,140b64afb-b9a2-e6b1-3b0a-cdb49551603e | 5e4d64b0b-bef0-7b80-5cb1-68884ddc6ece,5,3,2019-03-01 17:14:51+00:00,2024-05-18 14:20:25+00:00,0,0,0,8,5,2019 | 2021 | 2022 | 2023 | 2024,2019-03,2024-06,,,,,Not queried; sample limited to top 20 MMSI by gaps
412440155,FUYUANYU879,FU YUAN YU 879 | FUYUANYU879,CHN,420a2d929-9b51-c28d-1b67-e4b6d9e98d8f | c36204f30-04e0-32a1-2a09-08eee7f692e7,5,3,2017-01-29 03:40:21+00:00,2019-02-17 21:38:43+00:00,0,0,0,2,2,2017 | 2019,2017-04,2019-04,,,,,Not queried; sample limited to top 20 MMSI by gaps
412440384,8#T6S#198,8#T6S#198,CHN,a07aae803-3909-dc71-5278-c5a98ab633fe,5,1,2017-02-27 18:49:24+00:00,2017-04-07 09:02:34+00:00,0,0,0,0,0,,,,,,,,Not queried; sample limited to top 20 MMSI by gaps
412549068,LU QING YUAN YU 287,LU QING YUAN YU 287,CHN,fc43dcb68-8451-bdec-1706-6def5d6a2278,5,1,2020-02-14 03:45:31+00:00,2020-05-21 05:57:11+00:00,0,0,0,8,3,2020 | 2021 | 2022,2020-01,2022-02,,,,,Not queried; sample limited to top 20 MMSI by gaps
412549091,HONGPU12,HONG PU 12 | HONGPU12,CHN,7a3aed1f3-385d-7421-c71d-141650bdddf9 | 889642125-5467-bba9-3782-38e01edd27c3,5,3,2021-04-04 04:45:23+00:00,2026-04-14 01:31:19+00:00,1,1,1,14,7,2020 | 2021 | 2022 | 2023 | 2024 | 2025 | 2026,2020-05,2026-05,,,,,Not queried; sample limited to top 20 MMSI by gaps
412549218,YING HAI 798,YING HAI 798,CHN,27d46e025-5c1a-111d-a5af-c0aafe8206c3 | 2823cc7aa-a807-b566-6bf7-46f9d8d91ca5,5,1,2020-02-26 05:07:32+00:00,2020-04-22 15:12:28+00:00,0,0,0,4,3,2020 | 2022 | 2023,2020-06,2023-04,,,,,Not queried; sample limited to top 20 MMSI by gaps
416004839,YUN MAO NO.168,YUN MAO NO.168,TWN,68c0826f2-2cf4-f70e-aa64-24a03c076126,5,4,2018-06-09 21:19:50+00:00,2024-10-02 12:26:20+00:00,0,0,0,0,0,,,,,,,,Not queried; sample limited to top 20 MMSI by gaps
416005006,AN FONG NO.138,AN FONG NO.138,TWN,34cec1596-697b-1612-38d6-8e748df3ec99,5,2,2017-02-20 17:48:15+00:00,2018-05-06 07:05:58+00:00,0,0,0,0,0,,,,,,,,Not queried; sample limited to top 20 MMSI by gaps
416005832,YUN MAO NO.102,YUN MAO NO.102,TWN,d3ee1abfe-ecde-cf27-a52c-e6f0f85c7eb8,5,3,2020-10-13 01:01:32+00:00,2024-09-30 12:27:26+00:00,0,0,0,0,0,,,,,,,,Not queried; sample limited to top 20 MMSI by gaps
416037900,KAO FENG NO.101,KAO FENG NO.101,TWN,2339c52c3-3a84-1603-f968-d8890f23e1ed,5,2,2017-05-08 00:11:23+00:00,2018-06-14 11:18:05+00:00,0,0,0,0,0,,,,,,,,Not queried; sample limited to top 20 MMSI by gaps
416059950,YI DA FA,YI DA FA,TWN,417f8fb93-34d6-1051-5084-78918a571095 | c7c24eed5-5bf4-55a3-fe93-d88f09d03d90,5,3,2021-05-09 18:29:58+00:00,2024-02-28 10:53:38+00:00,0,0,0,0,0,,,,,,,,Not queried; sample limited to top 20 MMSI by gaps
416117800,JIN MAO 101,JIN MAO 101,TWN,f9312b89e-efcf-2289-30c9-20d80269c2f5,5,1,2018-03-31 21:28:59+00:00,2018-05-22 14:29:21+00:00,0,0,0,0,0,,,,,,,,Not queried; sample limited to top 20 MMSI by gaps
416238600,JIN YI,JIN YI,TWN,c2abb1516-6e3d-889f-1025-4ce23c60ec9f,5,3,2017-02-03 15:52:39+00:00,2019-02-07 10:06:08+00:00,0,0,0,0,0,,,,,,,,Not queried; sample limited to top 20 MMSI by gaps
416251901,SHIN TORNG SHING,SHIN TORNG SHING | SHIN-TORNG-SHING,TWN,e8c652584-464d-7dec-1ac7-5b1d30f4aa52 | efb551f90-0ac0-2788-984e-b422294e54ad,5,2,2023-02-19 14:59:07+00:00,2024-04-25 20:35:43+00:00,0,0,0,0,0,,,,,,,,Not queried; sample limited to top 20 MMSI by gaps
416253700,ZI DA HSIN,ZI DA HSIN,TWN,591ef6318-817a-9fe6-e91d-413d09fcbbd0,5,2,2024-02-10 16:29:48+00:00,2026-02-28 17:59:16+00:00,0,0,0,0,0,,,,,,,,Not queried; sample limited to top 20 MMSI by gaps
417005931,ZI DA WANG,ZI DA WANG,LKA,ec9f2c841-1ce5-f60f-e278-0e2f93f32633,5,2,2020-05-07 06:24:17+00:00,2022-04-04 21:21:06+00:00,0,0,0,0,0,,,,,,,,Not queried; sample limited to top 20 MMSI by gaps
440288201,,,KOR,d08813e1e-ed80-de47-e828-03cc52895dbb,5,1,2017-01-22 07:00:41+00:00,2017-01-26 06:58:31+00:00,0,0,0,0,0,,,,,,,,Not queried; sample limited to top 20 MMSI by gaps
440818000,NO.77 OCEAN,NO.77 OCEAN,KOR,74b377501-14ce-c0da-09b2-a9b135d6c7a2,5,3,2017-06-01 13:39:02+00:00,2019-05-13 06:34:24+00:00,0,2,2,2,2,2017 | 2018,2017-01,2018-06,,,,,Not queried; sample limited to top 20 MMSI by gaps
440995000,NO.707 AMOR,NO.707 AMOR,KOR,5c2ae94e0-0783-0c66-775e-7f6ad91fe297,5,2,2018-02-14 11:06:01+00:00,2020-02-08 20:01:31+00:00,0,0,0,0,0,,,,,,,,Not queried; sample limited to top 20 MMSI by gaps
441007000,316SUNHAE,316SUNHAE,KOR,d7b7d7901-12a5-d265-38fa-31b348928055,5,3,2017-03-09 03:22:03+00:00,2019-05-14 22:10:34+00:00,0,1,1,5,3,2017 | 2018 | 2020,2017-05,2020-05,,,,,Not queried; sample limited to top 20 MMSI by gaps
441766000,SAE IN NO.3,SAE IN NO.3,KOR,7011ffc05-5450-bb55-9390-73d7534c3456,5,4,2017-03-09 03:22:19+00:00,2020-05-15 07:05:02+00:00,0,1,1,0,0,,,,,,,,Not queried; sample limited to top 20 MMSI by gaps
701000714,EL MARISCO I,EL MARISCO I,ARG,40a4bfd59-9b91-69d0-359e-13fb28cd4de6,5,1,2024-07-14 02:01:31+00:00,2024-10-12 16:18:19+00:00,5,5,5,90,10,2017 | 2018 | 2019 | 2020 | 2021 | 2022 | 2023 | 2024 | 2025 | 2026,2017-07,2026-08,,,,,Not queried; sample limited to top 20 MMSI by gaps
701000806,EL FARO,EL FARO,ARG,e3a1a5a55-5bf4-2be8-720f-e1ef89d6fab3 | ef4713fdf-f7b1-ea72-8329-45d1cd406125,5,5,2021-11-16 16:38:04+00:00,2026-08-25 07:02:24+00:00,5,5,5,66,7,2020 | 2021 | 2022 | 2023 | 2024 | 2025 | 2026,2020-09,2026-08,,,,,Not queried; sample limited to top 20 MMSI by gaps
701000924,JUPITER,JUPITER,ARG,59ac1fce6-648b-f844-e986-2dbef2b33c74 | e522cd611-1c79-bca2-3e04-c1cdb57e662a,5,3,2019-05-07 10:00:27+00:00,2026-02-20 22:16:14+00:00,3,3,3,106,10,2017 | 2018 | 2019 | 2020 | 2021 | 2022 | 2023 | 2024 | 2025 | 2026,2017-01,2026-08,,,,,Not queried; sample limited to top 20 MMSI by gaps
701001194,HUAFENG827,HUAFENG827,ARG,f362d845f-f63e-874a-079f-46911e239274,5,3,2023-08-06 21:19:19+00:00,2025-03-22 17:57:13+00:00,3,4,5,44,5,2022 | 2023 | 2024 | 2025 | 2026,2022-05,2026-08,,,,,Not queried; sample limited to top 20 MMSI by gaps
70100537,IGLU I,IGLU I,ARG,9a2d9b572-2c5f-c5be-e0d5-242f29770d58,5,2,2023-07-11 23:20:07+00:00,2024-06-19 15:12:14+00:00,5,5,5,10,2,2023 | 2024,2023-07,2024-07,,,,,Not queried; sample limited to top 20 MMSI by gaps
701006050,SAN MATIAS,SAN MATIAS,ARG,f9947c46f-f568-a369-6f65-d64a726661d0,5,2,2019-05-13 01:49:14+00:00,2025-09-28 03:15:16+00:00,5,5,5,79,9,2018 | 2019 | 2020 | 2021 | 2022 | 2023 | 2024 | 2025 | 2026,2018-09,2026-08,,,,,Not queried; sample limited to top 20 MMSI by gaps
701006151,DOMAIO,DOMAIO,ARG,702805083-3390-395f-592c-1d17ae79ca89,5,2,2017-03-09 03:22:40+00:00,2024-04-14 00:41:09+00:00,5,5,5,62,10,2017 | 2018 | 2019 | 2020 | 2021 | 2022 | 2023 | 2024 | 2025 | 2026,2017-01,2026-05,,,,,Not queried; sample limited to top 20 MMSI by gaps
701006168,PUENTE MAYOR,PUE0NTE MAYOR | PUENTE MAYOR,ARG,4f500fb13-3444-ecf5-0c85-3cc9aec787a3 | fd6dd9e42-2634-a6c2-f4a5-8efed6e523e6,5,3,2017-09-19 10:44:30+00:00,2021-09-04 17:51:00+00:00,5,5,5,75,7,2017 | 2018 | 2019 | 2020 | 2021 | 2022 | 2023,2017-01,2023-05,,,,,Not queried; sample limited to top 20 MMSI by gaps
701006409,SALVADOR R,SALVADOR R,ARG,3e1948598-8f20-eab0-184e-0325bada32a0 | aa5e864a2-2fe3-6248-d0b9-24222ff45d63,5,5,2018-09-27 20:43:01+00:00,2025-02-19 13:29:09+00:00,5,5,5,96,9,2018 | 2019 | 2020 | 2021 | 2022 | 2023 | 2024 | 2025 | 2026,2018-05,2026-08,,,,,Not queried; sample limited to top 20 MMSI by gaps
701006427,DUKAT,DUKAT,ARG,3747942f9-91a3-7bd5-954f-bab4681551d9,5,3,2018-04-09 08:33:39+00:00,2021-05-22 02:00:09+00:00,5,5,5,96,10,2017 | 2018 | 2019 | 2020 | 2021 | 2022 | 2023 | 2024 | 2025 | 2026,2017-01,2026-04,,,,,Not queried; sample limited to top 20 MMSI by gaps
701007020,HUAFENG 820,HUAFENG 820,ARG,07221d561-1c5c-847b-700b-bed45b855635 | e8548cd3c-c554-8853-d200-8f96abd7e9d9,5,3,2020-02-16 21:21:12+00:00,2026-08-03 17:39:15+00:00,5,5,5,74,9,2017 | 2018 | 2019 | 2020 | 2021 | 2022 | 2023 | 2024 | 2026,2017-08,2026-08,,,,,Not queried; sample limited to top 20 MMSI by gaps
701030000,DON GAETANO,DON GAETANO,ARG,a1ac1212d-d59b-d352-b4a0-048f0b0b72e6,5,4,2017-10-28 19:09:57+00:00,2026-08-11 21:10:09+00:00,5,5,5,100,10,2017 | 2018 | 2019 | 2020 | 2021 | 2022 | 2023 | 2024 | 2025 | 2026,2017-07,2026-08,,,,,Not queried; sample limited to top 20 MMSI by gaps
701059000,GURISES,GURISES,ARG,42a79b857-793d-942e-f41e-690f9037c1e0 | fdfc957a0-0cc5-ad20-49b5-45fa45f72a7b,5,4,2018-08-10 17:24:50+00:00,2023-01-28 02:02:25+00:00,5,5,5,84,9,2018 | 2019 | 2020 | 2021 | 2022 | 2023 | 2024 | 2025 | 2026,2018-08,2026-08,,,,,Not queried; sample limited to top 20 MMSI by gaps
710021980,ALTO MAR IV,ALTO MAR IV,BRA,18d664ccb-b177-e79a-585b-a40ce1bf5b84,5,1,2025-02-06 07:08:04+00:00,2025-10-14 18:49:40+00:00,0,0,0,0,0,,,,,,,,Not queried; sample limited to top 20 MMSI by gaps
710212223,DOUGLAS C I,DOUGLAS   C | DOUGLAS C I,BRA,6b02b9961-1919-d9c8-5eb7-a94789354413 | 721f0d7e5-53a3-5d7d-12ea-2be8912b1cd2 | fe32b51bc-c4b5-0d7c-bc10-612dd4f07e06,5,2,2022-04-23 04:47:33+00:00,2023-04-17 19:17:55+00:00,0,0,0,0,0,,,,,,,,Not queried; sample limited to top 20 MMSI by gaps
710235476,CAROLINA F,CAROLINA F | LUKA F,BRA,934bd6625-57b3-33e6-e36a-6a4f5f747955 | a36a32668-858d-ebd8-9165-07da0f76cad5,5,3,2023-02-17 13:55:27+00:00,2025-01-26 21:25:34+00:00,0,0,0,0,0,,,,,,,,Not queried; sample limited to top 20 MMSI by gaps
710358436,VILA REAL I,VILA REAL I,BRA,de6ac40fa-a2bd-be30-5885-4ea0adefe6dd,5,3,2023-08-05 08:15:45+00:00,2025-09-30 14:11:31+00:00,0,0,0,0,0,,,,,,,,Not queried; sample limited to top 20 MMSI by gaps
710824851,AGUIA XII,AGUIA XII,BRA,f5ce7cbdd-d89f-88d4-649d-54d72ce2f8f3,5,2,2024-05-31 23:01:07+00:00,2025-12-15 03:40:08+00:00,0,0,0,0,0,,,,,,,,Not queried; sample limited to top 20 MMSI by gaps
725002460,GLOBALPESCA II,GLOBALPESCA II,CHL,c78c0051a-a0a2-37c4-c760-b30e7007230f,5,2,2023-01-27 14:37:43+00:00,2025-02-11 20:55:54+00:00,0,0,0,57,10,2017 | 2018 | 2019 | 2020 | 2021 | 2022 | 2023 | 2024 | 2025 | 2026,2017-01,2026-05,,,,,Not queried; sample limited to top 20 MMSI by gaps
735058309,ALTAR 11,ALTAR 11,ECU,875b6c345-5171-68cd-e94b-ecc0dad882d5,5,1,2025-03-30 11:55:10+00:00,2025-06-14 12:16:26+00:00,0,0,0,2,2,2025 | 2026,2025-03,2026-02,,,,,Not queried; sample limited to top 20 MMSI by gaps
740338000,IGUELDO,IGUELDO,FLK,874d45315-5239-effb-be28-16098ce46899,5,5,2017-02-05 12:34:03+00:00,2022-10-08 12:52:51+00:00,0,0,0,0,0,,,,,,,,Not queried; sample limited to top 20 MMSI by gaps
770565353,BADARO,BADARO,URY,392e60499-9afb-31f8-2e3b-581606d4d072,5,2,2018-04-14 07:08:42+00:00,2019-10-02 07:40:13+00:00,3,2,3,25,3,2017 | 2018 | 2019,2017-03,2019-12,,,,,Not queried; sample limited to top 20 MMSI by gaps
770576353,BADARO,BADARO,URY,89bee7cec-c8b0-1c30-598d-e122e05b73ad,5,3,2024-10-21 19:45:36+00:00,2026-02-09 06:40:23+00:00,4,4,4,17,3,2024 | 2025 | 2026,2024-10,2026-05,,,,,Not queried; sample limited to top 20 MMSI by gaps
997108028,PAULO ANDRE BOIA 1,PAULO ANDRE BOIA 1,UNKNOWN,0e07192c5-5a01-4e4d-3908-d55abdcb4fef,5,1,2025-07-13 01:23:04+00:00,2025-08-17 18:08:32+00:00,0,0,0,0,0,,,,,,,,Not queried; sample limited to top 20 MMSI by gaps
997108057,UNIMAR III BOIA 7,UNIMAR III BOIA 7,UNKNOWN,e5332cd51-15d2-8263-6f29-988ac1937697,5,1,2026-01-02 14:07:18+00:00,2026-08-26 20:00:59+00:00,0,0,0,0,0,,,,,,,,Not queried; sample limited to top 20 MMSI by gaps
150402947,FUYUANYU717,FUYUANYU717,UNKNOWN,b928bda7c-c1d8-b284-0569-00b3dac3374a,4,1,2022-01-01 20:16:29+00:00,2022-06-28 20:23:58+00:00,0,0,0,3,2,2018 | 2019,2018-04,2019-04,,,,,Not queried; sample limited to top 20 MMSI by gaps
412100700,ZHE101,ZHE101,CHN,a2c27815d-d769-eccf-118f-98205b5c7ae3,4,1,2020-02-28 17:47:06+00:00,2020-03-17 18:07:14+00:00,0,0,0,0,0,,,,,,,,Not queried; sample limited to top 20 MMSI by gaps
412221070,LUQINGYUANYU289,LUQINGYUANYU289 | LURONGYUANYU195,CHN,944e2e71a-a68f-f1e4-f2a0-e7f415837d0f | fe489d1a3-3b60-b199-b7ee-083c5f491486,4,1,2021-03-16 23:00:54+00:00,2021-04-11 21:24:59+00:00,0,0,0,3,1,2021,2021-03,2021-12,,,,,Not queried; sample limited to top 20 MMSI by gaps
412271480,ZHONG YUAN YU 16,ZHONG YUAN YU 16 | ZHONGYUANYU 16@6@16,CHN,7ef38a983-344e-e1c8-7e3e-ae744ab8cda2 | 987ae5d48-8a17-4c9f-3daf-414f3e78b51b,4,2,2018-03-21 23:01:50+00:00,2019-02-07 21:21:45+00:00,0,0,0,6,4,2017 | 2018 | 2021 | 2022,2017-05,2022-05,,,,,Not queried; sample limited to top 20 MMSI by gaps
412320533,HONG RUI  198,HONG RUE  198 | HONG RUI  198,CHN,59813e303-3a9b-a841-9602-a98252019dad | 7a3eeafab-badd-6d7b-8a76-67bbc93cb1dc,4,1,2020-04-05 16:23:10+00:00,2020-04-26 09:43:01+00:00,0,1,1,1,1,2020,2020-04,2020-04,,,,,Not queried; sample limited to top 20 MMSI by gaps
412321061,LU PENG YUAN YU 079,LU PENG YUAN YU 079,CHN,80a847778-89e3-587f-0d30-238fde58aa31,4,1,2022-01-20 17:08:17+00:00,2022-02-10 02:25:09+00:00,0,0,0,0,0,,,,,,,,Not queried; sample limited to top 20 MMSI by gaps
412326885,ZHAN HAI 005,ZHAN HAI 005,CHN,bcb1f8952-264c-2b9e-608b-9d567bb060d6,4,2,2021-12-24 02:03:15+00:00,2022-05-22 05:32:03+00:00,0,0,0,11,6,2017 | 2018 | 2019 | 2021 | 2022 | 2024,2017-01,2024-03,,,,,Not queried; sample limited to top 20 MMSI by gaps
412330938,LURONGYUANYU759,LURONGYUANYU759,CHN,4cbc8b703-321b-1f81-5f12-397ea1e36e02,4,1,2018-03-27 16:21:59+00:00,2018-04-28 18:25:23+00:00,0,0,0,0,0,,,,,,,,Not queried; sample limited to top 20 MMSI by gaps
412331035,LU YAN YUAN YU 007,LU YAN YUAN YU 007,CHN,914f5aa46-669e-23c8-412d-393f1e279fac,4,3,2017-01-02 01:31:51+00:00,2021-03-01 20:20:02+00:00,0,0,0,14,8,2017 | 2018 | 2019 | 2020 | 2022 | 2023 | 2024 | 2026,2017-04,2026-04,,,,,Not queried; sample limited to top 20 MMSI by gaps
412331089,JING YUAN 626,JING YUAN 626 | JINGYUAN626,CHN,176c45aeb-b33a-ce5a-a0d2-d9c206502833 | 434e29138-88ef-139c-9293-ec5840539687 | b35384e06-655e-7032-5247-f09f789fdb30,4,2,2017-01-06 05:00:48+00:00,2018-02-09 00:11:29+00:00,0,0,0,15,8,2017 | 2020 | 2021 | 2022 | 2023 | 2024 | 2025 | 2026,2017-01,2026-07,,,,,Not queried; sample limited to top 20 MMSI by gaps
412337344,LU QING YUAN YU 276,LU QING YUAN YU 276,CHN,ec4bcb10a-ae60-b9af-066f-1f7c770058c3,4,2,2019-03-11 01:28:20+00:00,2020-04-07 18:29:12+00:00,0,0,0,8,4,2019 | 2020 | 2022 | 2024,2019-04,2024-01,,,,,Not queried; sample limited to top 20 MMSI by gaps
412401570,MING XING,MING XING,CHN,903796f10-05ea-86a7-12a9-654b4b69d465,4,3,2019-03-14 10:29:54+00:00,2025-02-22 21:33:18+00:00,0,0,0,10,6,2017 | 2018 | 2019 | 2021 | 2023 | 2025,2017-01,2025-04,,,,,Not queried; sample limited to top 20 MMSI by gaps
412401580,MING DA,MING DA,CHN,df173da56-670d-d2c3-f17a-8bc8053b1947,4,2,2018-01-16 21:22:18+00:00,2020-02-08 17:39:09+00:00,0,0,0,5,2,2017 | 2020,2017-05,2020-12,,,,,Not queried; sample limited to top 20 MMSI by gaps
412401950,MINGYUAN,MINGYUAN,CHN,20abaeaa1-1ded-6bbb-c0fd-85e59733785b,4,3,2017-03-18 22:27:41+00:00,2022-04-14 20:19:58+00:00,0,0,0,9,4,2017 | 2018 | 2019 | 2021,2017-01,2021-11,,,,,Not queried; sample limited to top 20 MMSI by gaps
412420376,XINJILI15,XINJILI15,CHN,3a1285ea9-9dcd-f170-fa44-83f04d2f20b8 | 758817239-9d0b-8627-286f-b9301b01b051,4,2,2018-03-01 11:58:13+00:00,2022-04-06 02:34:47+00:00,0,0,0,11,7,2017 | 2018 | 2019 | 2021 | 2022 | 2024 | 2025,2017-05,2025-01,,,,,Not queried; sample limited to top 20 MMSI by gaps
412420383,MING XIANG 802,MING XIANG 802,CHN,700124bac-c904-c9ff-dbe1-ac2789d007ef | 85c5f3f6e-e6f7-7d21-70f5-c47326b2b539 | b5d6ee4d6-655e-e9a0-10ad-41c25c9d1008,4,3,2017-02-03 15:53:12+00:00,2021-03-24 16:37:55+00:00,0,0,0,8,5,2017 | 2018 | 2019 | 2021 | 2025,2017-01,2025-04,,,,,Not queried; sample limited to top 20 MMSI by gaps
412420471,MING ZHOU 6,MING ZHOU 6,CHN,c7a605eef-f1de-86ae-d4f7-d343073c0998,4,2,2018-03-17 21:37:19+00:00,2020-03-23 20:49:05+00:00,0,0,0,14,8,2017 | 2018 | 2019 | 2020 | 2022 | 2023 | 2025 | 2026,2017-04,2026-05,,,,,Not queried; sample limited to top 20 MMSI by gaps
412420677,RUN DA 610,RUN DA 610,CHN,72ac8b447-7ef5-9899-6b57-7aa9e940d087,4,1,2018-02-27 18:16:00+00:00,2018-03-27 23:22:12+00:00,0,0,0,4,2,2017 | 2018,2017-12,2018-04,,,,,Not queried; sample limited to top 20 MMSI by gaps
412420953,NING TAI 56,NING TAI 56 | NINGTAI56,CHN,87742d19a-a135-15aa-d2cc-ec73a8e9da74 | af3f577e5-58d6-f473-c039-8a9c7c560ede,4,3,2018-12-22 16:56:47+00:00,2020-04-25 20:28:52+00:00,0,0,0,14,9,2018 | 2019 | 2020 | 2021 | 2022 | 2023 | 2024 | 2025 | 2026,2018-12,2026-04,,,,,Not queried; sample limited to top 20 MMSI by gaps
412421356,JINHAI616,JINHAI616,CHN,f1a1bb625-5506-7d71-e47d-941c3752634c,4,1,2018-01-25 04:25:26+00:00,2018-04-05 18:46:48+00:00,0,0,0,9,5,2017 | 2021 | 2023 | 2025 | 2026,2017-01,2026-05,,,,,Not queried; sample limited to top 20 MMSI by gaps
412430920,FENG CHENG 101,FENG CHENG 101,CHN,2255d0a47-7347-45c1-ea95-67f60575bddc,4,1,2018-01-20 03:38:57+00:00,2018-03-16 15:13:07+00:00,0,0,0,3,2,2017 | 2018,2017-12,2018-04,,,,,Not queried; sample limited to top 20 MMSI by gaps
412439698,YONG FA NO:3,YONG FA NO:3,CHN,d8a2b963d-d44c-44f5-b725-45f5b01d888d,4,1,2019-02-10 20:55:58+00:00,2019-03-04 15:06:07+00:00,0,0,0,0,0,,,,,,,,Not queried; sample limited to top 20 MMSI by gaps
412440151,FUYUANYU875,FU Y AN  U 875 | FUYUANYU875,CHN,715efd26f-fbff-c8a1-6fb3-21c4bdfd716d | 91712a5a2-28ae-450e-6f2e-a8934cd0e64c,4,2,2018-04-04 17:23:36+00:00,2019-04-12 13:55:45+00:00,0,0,0,2,2,2017 | 2019,2017-04,2019-04,,,,,Not queried; sample limited to top 20 MMSI by gaps
412440691,FU YUAN YU 7888,FU YUAN YU 7888,CHN,db381de00-0a81-11d6-743a-cb136763f8dc,4,1,2019-03-01 09:52:26+00:00,2019-03-19 20:16:31+00:00,0,0,0,7,5,2019 | 2021 | 2023 | 2024 | 2025,2019-04,2025-05,,,,,Not queried; sample limited to top 20 MMSI by gaps
412440736,FU YUAN YU 7613,FU YUAN YU 7613,CHN,759436b26-6b0e-7714-95a4-7e25610719d9,4,2,2020-04-05 04:30:13+00:00,2023-04-30 14:43:02+00:00,1,0,1,5,4,2020 | 2021 | 2022 | 2023,2020-04,2023-01,,,,,Not queried; sample limited to top 20 MMSI by gaps
412549568,MING  XIANG 898,MING  XIANG 898,CHN,127487e59-9483-d74f-7a08-7293f087636b,4,2,2025-04-17 14:48:18+00:00,2026-04-10 12:04:39+00:00,0,0,0,5,3,2024 | 2025 | 2026,2024-03,2026-04,,,,,Not queried; sample limited to top 20 MMSI by gaps
412679190,XINSHIJI16,XINSHIJI16,CHN,d64f25f7e-e118-d5b2-67dc-8eaa168f1b27,4,2,2017-02-10 01:09:56+00:00,2018-02-15 08:22:20+00:00,0,0,0,3,1,2017,2017-01,2017-12,,,,,Not queried; sample limited to top 20 MMSI by gaps
412880933,HE BEI 8598,HE BEI 8598,CHN,0fd22dfdd-d9aa-04d9-6b9f-8b1a88ce66ea | 7cd4da936-631e-d54f-b8a0-41f7042b820c,4,1,2019-03-05 20:53:25+00:00,2019-04-05 01:08:21+00:00,0,0,0,8,7,2019 | 2021 | 2022 | 2023 | 2024 | 2025 | 2026,2019-04,2026-05,,,,,Not queried; sample limited to top 20 MMSI by gaps
412880934,HE BEI 8590,HE BEI 8590,CHN,75ffb8dc9-903a-8676-afcf-df2b459d9c51,4,1,2019-03-10 02:08:19+00:00,2019-03-29 15:47:23+00:00,0,0,0,12,7,2019 | 2021 | 2022 | 2023 | 2024 | 2025 | 2026,2019-03,2026-05,,,,,Not queried; sample limited to top 20 MMSI by gaps
412999998,DONA ILVA B4 92%,DONA ILVA B4 92%,CHN,868943955-5b6c-8258-5c5a-f6409f88ee98,4,1,2021-10-26 08:09:34+00:00,2021-10-30 02:34:29+00:00,0,0,0,0,0,,,,,,,,Not queried; sample limited to top 20 MMSI by gaps
416004729,AN FONG NO 158,AN FONG NO 158,TWN,3e2b46f5f-f872-ad08-abc1-ac6e3572ef19 | f00957ab4-4ab1-bf77-a238-507b8f32e524,4,2,2018-02-03 00:11:09+00:00,2024-05-04 18:54:52+00:00,0,0,0,0,0,,,,,,,,Not queried; sample limited to top 20 MMSI by gaps
416004981,CHUN FU FA NO.6,CHUM FU FA NO.6 | CHUN FU FA NO.6,TWN,7996cbad0-071b-21c1-bf7f-8209d0c66236 | 919e76575-52ac-79ad-fec6-2e18b22f31d4,4,2,2017-02-04 23:39:03+00:00,2018-03-04 01:10:13+00:00,0,0,0,0,0,,,,,,,,Not queried; sample limited to top 20 MMSI by gaps
416031600,SHUENN.MAN.NO.1,SHUENN.MAN.NO.1,TWN,b292f126e-edb3-6bdb-561e-3fa962e96a13,4,1,2017-02-23 14:53:08+00:00,2017-04-03 12:47:27+00:00,0,0,0,1,1,2019,2019-01,2019-01,,,,,Not queried; sample limited to top 20 MMSI by gaps
416043600,JIN YI SHIANG,JIN YI SHIANG,TWN,2ab388be8-8c29-7b08-45da-dcbf569ca340,4,2,2017-08-30 05:56:38+00:00,2018-06-19 10:10:23+00:00,0,0,0,0,0,,,,,,,,Not queried; sample limited to top 20 MMSI by gaps
416146500,CHIN CHUAN HSING,CHIN CHUAN HSING,TWN,ca98e0046-6031-2549-9142-bdb25292354b | edcff49fd-d27b-8981-dcbc-a8afdaff1eef,4,3,2021-05-11 21:18:32+00:00,2023-04-02 19:03:11+00:00,0,0,0,0,0,,,,,,,,Not queried; sample limited to top 20 MMSI by gaps
416189700,ZI LI FA,ZI LI FA,TWN,b7a547596-629f-dac1-8e24-5328baa0f4f6,4,1,2017-02-18 08:01:01+00:00,2017-02-27 17:58:45+00:00,0,0,0,0,0,,,,,,,,Not queried; sample limited to top 20 MMSI by gaps
416229800,PEI SHENG NO.16,PEI SHENG NO.16,TWN,ae493462c-cc66-52e4-dff5-36d4d3693937,4,2,2017-03-01 14:52:44+00:00,2019-03-06 05:21:47+00:00,0,0,0,1,1,2026,2026-01,2026-01,,,,,Not queried; sample limited to top 20 MMSI by gaps
416236800,XING HUA SHENG NO669,XING HUA SHENG NO669,TWN,0c6cde62a-a121-e4e8-12dd-9090cc5d5275,4,2,2017-02-08 02:54:04+00:00,2018-03-04 09:36:11+00:00,0,0,0,0,0,,,,,,,,Not queried; sample limited to top 20 MMSI by gaps
416250700,AN FONG NO.188,AN FONG NO.188,TWN,8e00f9052-2193-233c-38c9-4e2bb5a14c1b | fc959287d-d3b9-da99-0bd2-d94aac91d811,4,3,2018-03-09 14:19:25+00:00,2023-01-17 16:40:47+00:00,0,0,0,0,0,,,,,,,,Not queried; sample limited to top 20 MMSI by gaps
416251800,ZIDAHONG,ZIDAHONG,TWN,74e3ed2dd-d559-8df3-f75a-dda66c498864,4,1,2018-02-14 18:04:30+00:00,2018-05-06 04:27:01+00:00,0,0,0,0,0,,,,,,,,Not queried; sample limited to top 20 MMSI by gaps
416510000,HSIANG CHING,HSIANG CHING,TWN,7ae768ddd-d516-88e7-1016-7f107d34bda7,4,1,2017-02-14 07:56:28+00:00,2017-04-18 09:33:08+00:00,0,0,0,0,0,,,,,,,,Not queried; sample limited to top 20 MMSI by gaps
416562000,YUH LONG FA,YUH LONG FA,TWN,c311b8219-9ddf-67fa-c7a2-f4d78f442c7a,4,1,2018-03-25 13:06:00+00:00,2018-04-03 21:37:10+00:00,0,0,0,2,1,2018,2018-02,2018-04,,,,,Not queried; sample limited to top 20 MMSI by gaps
416580000,,,TWN,392808068-892d-1fac-1db7-608dd1142231,4,1,2018-01-30 15:32:29+00:00,2018-03-06 02:57:54+00:00,0,0,0,0,0,,,,,,,,Not queried; sample limited to top 20 MMSI by gaps
440863000,SAE IN LEADER,SAE IN LEADER,KOR,017ff0703-3260-41de-01f2-c28de31d67f6 | 5d2cf7dcf-f3d1-6e93-5fd6-ad7b46761e4a,4,3,2017-06-19 14:11:06+00:00,2023-12-16 20:26:28+00:00,0,0,0,5,4,2018 | 2019 | 2024 | 2026,2018-01,2026-08,,,,,Not queried; sample limited to top 20 MMSI by gaps
441336889,AGNES   198,AGNES   108 | AGNES   198,KOR,47181e0a7-7dc1-bbdf-2afe-bf8f11191df7 | e33e294b1-103c-48fd-5b88-4e4ad97f65da,4,1,2019-03-07 21:27:47+00:00,2019-03-20 20:24:13+00:00,0,0,0,0,0,,,,,,,,Not queried; sample limited to top 20 MMSI by gaps
441412000,AGNES109,AGNES109,KOR,2a4b3bad9-9345-ed15-0f9a-6a6e9096d116,4,1,2017-01-17 02:07:03+00:00,2017-02-11 01:21:01+00:00,0,0,0,0,0,,,,,,,,Not queried; sample limited to top 20 MMSI by gaps
441559000,21.HAE IN,21.HAE IN,KOR,35d80018d-d9d7-c672-a167-38e83c295842,4,1,2017-01-27 03:05:34+00:00,2017-03-12 22:48:18+00:00,0,0,0,3,2,2017 | 2018,2017-03,2018-05,,,,,Not queried; sample limited to top 20 MMSI by gaps
503308300,LEAU_COMMOTION,LEAU_COMMOTION,AUS,f1ea290a2-2d87-9304-b5ba-bb4e78cbb610,4,1,2019-11-18 15:58:24+00:00,2019-11-29 16:52:43+00:00,2,2,2,2,2,2018 | 2019,2018-05,2019-11,,,,,Not queried; sample limited to top 20 MMSI by gaps
577079000,OCEAN VENTURE II,OCEAN VENTURE II,VUT,07f4e678a-afde-804a-1e7e-dff5e376013c | 79486b313-340f-e448-956a-bfac321818d7,4,2,2019-05-11 04:35:02+00:00,2020-04-07 18:16:08+00:00,0,0,0,2,1,2022,2022-02,2022-03,,,,,Not queried; sample limited to top 20 MMSI by gaps
665111130,NORDIC PRINCE,NORDIC PRINCE,SHN,dbf8a59dc-c9d3-eb3c-80e1-0597e13175c0,4,4,2021-11-09 13:04:39+00:00,2024-04-27 22:06:14+00:00,0,0,0,2,1,2018,2018-04,2018-06,,,,,Not queried; sample limited to top 20 MMSI by gaps
701000524,AMERICA I,AMERICA I,ARG,31670fee7-7ed8-7480-1ee8-02643994a91d | e27f13e47-7c3e-f00b-202c-7c7913ba7c0d,4,4,2022-05-23 14:45:49+00:00,2026-03-18 13:23:18+00:00,3,3,4,49,6,2017 | 2022 | 2023 | 2024 | 2025 | 2026,2017-08,2026-08,,,,,Not queried; sample limited to top 20 MMSI by gaps
701000547,MISHIMA MARU N8,MISHIMA MARU N8,ARG,33ff4fc50-0902-3dc8-27db-01067f9baa96,4,2,2019-04-08 12:51:03+00:00,2025-05-27 19:36:23+00:00,4,4,4,76,10,2017 | 2018 | 2019 | 2020 | 2021 | 2022 | 2023 | 2024 | 2025 | 2026,2017-01,2026-04,,,,,Not queried; sample limited to top 20 MMSI by gaps
701000583,MERCEA C,MERCEA C,ARG,8d58c2318-8c0c-882a-659e-d43141ec7678 | 9ed8f05d6-6e29-797f-b58a-d1d5b79fb5c3,4,3,2017-02-23 22:20:12+00:00,2026-05-24 08:14:15+00:00,4,4,4,104,10,2017 | 2018 | 2019 | 2020 | 2021 | 2022 | 2023 | 2024 | 2025 | 2026,2017-01,2026-08,,,,,Not queried; sample limited to top 20 MMSI by gaps
701000591,SAN JORGE MARTIR,SAN JORGE MARTIR,ARG,3db57d15e-e0d8-3861-558e-9502ce27539b,4,3,2017-03-09 03:21:17+00:00,2026-06-12 17:33:26+00:00,4,4,4,107,10,2017 | 2018 | 2019 | 2020 | 2021 | 2022 | 2023 | 2024 | 2025 | 2026,2017-02,2026-08,,,,,Not queried; sample limited to top 20 MMSI by gaps
701000607,ARBUMASA XIX,ARBUMASA XIX,ARG,1357ca705-5ece-e79c-a388-836b85013da9,4,3,2017-09-15 19:34:17+00:00,2026-07-24 20:10:04+00:00,4,4,4,83,10,2017 | 2018 | 2019 | 2020 | 2021 | 2022 | 2023 | 2024 | 2025 | 2026,2017-04,2026-08,,,,,Not queried; sample limited to top 20 MMSI by gaps
701000626,ARBUMASA XVII,ARBUMASA  XVII | ARBUMASA XVII,ARG,028b6f639-9159-37a0-aec7-23e3c5a973cd | 97cf1b4dd-d6e9-89b8-cfc6-60fb18172ad8 | c8191de62-2966-619e-8572-bf1f308f8e3c,4,3,2017-09-15 21:48:50+00:00,2024-08-08 06:33:02+00:00,4,4,4,73,10,2017 | 2018 | 2019 | 2020 | 2021 | 2022 | 2023 | 2024 | 2025 | 2026,2017-04,2026-08,,,,,Not queried; sample limited to top 20 MMSI by gaps
701000663,ASUDEPES II,ASUDEPES II,ARG,974b4e3cd-d7d3-1581-0da7-e0c05ce8b18d,4,2,2018-03-22 00:41:22+00:00,2024-04-12 13:51:30+00:00,4,4,4,71,9,2017 | 2018 | 2019 | 2020 | 2021 | 2022 | 2023 | 2024 | 2025,2017-01,2025-03,,,,,Not queried; sample limited to top 20 MMSI by gaps
701000729,NDDANDDU,NDDANDDU,ARG,aeb212972-2285-bcee-f533-71f0b3bcbe54 | b00b8ca4a-a7db-f15b-45ed-0fe526e27ff5,4,3,2019-04-11 04:26:04+00:00,2026-06-08 10:05:36+00:00,4,4,4,103,10,2017 | 2018 | 2019 | 2020 | 2021 | 2022 | 2023 | 2024 | 2025 | 2026,2017-03,2026-08,,,,,Not queried; sample limited to top 20 MMSI by gaps
701000742,UCHI,UCHI,ARG,6f053128f-f619-faa2-4871-abfd04108cd7,4,3,2021-07-10 19:04:02+00:00,2024-06-10 22:22:22+00:00,4,4,4,93,10,2017 | 2018 | 2019 | 2020 | 2021 | 2022 | 2023 | 2024 | 2025 | 2026,2017-01,2026-08,,,,,Not queried; sample limited to top 20 MMSI by gaps
701000759,MARBELLA,MARBELLA,ARG,eee5fc837-7e8c-bd0f-6a60-612b649a8c73,4,3,2020-04-20 09:42:06+00:00,2026-08-18 04:50:40+00:00,4,4,4,99,10,2017 | 2018 | 2019 | 2020 | 2021 | 2022 | 2023 | 2024 | 2025 | 2026,2017-10,2026-08,,,,,Not queried; sample limited to top 20 MMSI by gaps
701000765,SIRIUS II,SIRIUS II,ARG,c8ea9dccd-d38c-c360-a12b-5958684f48c9 | d53dcdbac-c340-f060-03d4-706dd64ef861,4,2,2017-04-07 09:02:54+00:00,2020-08-23 05:40:04+00:00,4,4,4,64,8,2017 | 2018 | 2019 | 2020 | 2022 | 2023 | 2024 | 2025,2017-01,2025-03,,,,,Not queried; sample limited to top 20 MMSI by gaps
701000786,ITXAS LUR,ITXAS LUR,ARG,55cb6de6f-f13f-8948-fe9c-01133d943a18,4,1,2022-06-19 12:57:12+00:00,2022-10-24 11:20:07+00:00,4,4,4,26,7,2018 | 2019 | 2022 | 2023 | 2024 | 2025 | 2026,2018-10,2026-03,,,,,Not queried; sample limited to top 20 MMSI by gaps
701000820,CORAJE,CORAJE,ARG,faf1b1bcd-de23-76af-1413-88e070868981,4,2,2018-03-01 12:02:39+00:00,2019-08-29 13:45:13+00:00,4,4,4,97,10,2017 | 2018 | 2019 | 2020 | 2021 | 2022 | 2023 | 2024 | 2025 | 2026,2017-01,2026-05,,,,,Not queried; sample limited to top 20 MMSI by gaps
701000856,ROSARIO G,ROSARIO G,ARG,368241729-9fb5-f6c8-8c9b-999210ed856b | e31161adf-f4c3-ff28-cc6b-0df8eb6a95bc,4,2,2018-04-07 11:36:55+00:00,2021-06-12 17:23:26+00:00,4,4,4,40,6,2017 | 2018 | 2019 | 2020 | 2021 | 2022,2017-03,2022-01,,,,,Not queried; sample limited to top 20 MMSI by gaps
701000865,BOUCINA,BOUCINA,ARG,900bf387e-e0b2-0087-80b9-cab388eb1c43,4,4,2017-05-07 21:27:46+00:00,2026-09-02 11:33:40+00:00,4,4,4,95,10,2017 | 2018 | 2019 | 2020 | 2021 | 2022 | 2023 | 2024 | 2025 | 2026,2017-03,2026-08,,,,,Not queried; sample limited to top 20 MMSI by gaps
701000909,MARTA S,MARTA S,ARG,2d757da57-7c47-a67d-7e55-ffb39691c259 | d777e4f1d-d19c-6a64-7ae6-f9056c77f295,4,4,2018-07-04 11:20:00+00:00,2026-06-17 20:27:50+00:00,4,4,4,95,10,2017 | 2018 | 2019 | 2020 | 2021 | 2022 | 2023 | 2024 | 2025 | 2026,2017-07,2026-08,,,,,Not queried; sample limited to top 20 MMSI by gaps
701000932,ANTONIO ALVAREZ,ANTONIO ALVAREZ,ARG,d3203fc0e-ef43-f763-b98b-140b4844ec92,4,4,2019-10-14 16:45:44+00:00,2023-08-19 21:43:37+00:00,4,4,4,95,10,2017 | 2018 | 2019 | 2020 | 2021 | 2022 | 2023 | 2024 | 2025 | 2026,2017-01,2026-08,,,,,Not queried; sample limited to top 20 MMSI by gaps
701000964,POPA,POPA,ARG,0cbaae345-554e-c06d-5c6b-80a5a805cb00 | f822dbfe3-3c20-1649-c0a3-e41418c30989,4,4,2019-12-04 13:39:24+00:00,2026-02-10 21:48:28+00:00,4,4,4,99,9,2018 | 2019 | 2020 | 2021 | 2022 | 2023 | 2024 | 2025 | 2026,2018-05,2026-08,,,,,Not queried; sample limited to top 20 MMSI by gaps
701000997,HU SHUN YU 06,HU SHUN YU 06,ARG,58d2a1ee9-993e-0e23-e8c4-75810e3b3468,4,3,2024-06-01 17:26:12+00:00,2026-03-19 04:46:48+00:00,4,4,4,24,3,2024 | 2025 | 2026,2024-05,2026-08,,,,,Not queried; sample limited to top 20 MMSI by gaps
701006056,NAVEGANTES II,NAVEGANTES II,ARG,eaa2b5412-2e57-7345-5828-99ab04af365f,4,3,2017-03-09 03:22:40+00:00,2025-03-05 14:52:03+00:00,4,4,4,110,10,2017 | 2018 | 2019 | 2020 | 2021 | 2022 | 2023 | 2024 | 2025 | 2026,2017-01,2026-04,,,,,Not queried; sample limited to top 20 MMSI by gaps
701006068,MAR DEL CHUBUT,MAR DEL CHUBUT,ARG,bed6a3eec-cc19-06d0-e359-7761f424adb4,4,3,2018-01-29 19:09:03+00:00,2024-10-12 08:41:09+00:00,4,4,4,105,10,2017 | 2018 | 2019 | 2020 | 2021 | 2022 | 2023 | 2024 | 2025 | 2026,2017-01,2026-08,,,,,Not queried; sample limited to top 20 MMSI by gaps
701006084,BORRASCA,BORRASCA,ARG,2adcabe71-1dff-459c-1867-15e07779f1e1,4,3,2017-07-17 19:49:07+00:00,2021-07-25 19:25:00+00:00,4,4,4,104,10,2017 | 2018 | 2019 | 2020 | 2021 | 2022 | 2023 | 2024 | 2025 | 2026,2017-01,2026-08,,,,,Not queried; sample limited to top 20 MMSI by gaps
701006640,DON FRANCO,DON FRANCO,ARG,3dd392afa-a215-7933-3485-ce2c71ea15bd,4,3,2020-06-16 11:58:04+00:00,2025-09-30 11:05:23+00:00,4,3,4,113,10,2017 | 2018 | 2019 | 2020 | 2021 | 2022 | 2023 | 2024 | 2025 | 2026,2017-01,2026-08,,,,,Not queried; sample limited to top 20 MMSI by gaps
701007011,SUENO REAL,SUENO REAL,ARG,8d552000d-dcc0-9bfe-36e0-04a993ce505a,4,1,2024-07-14 20:13:43+00:00,2024-11-05 03:21:24+00:00,2,2,3,28,3,2017 | 2018 | 2024,2017-01,2024-11,,,,,Not queried; sample limited to top 20 MMSI by gaps
701024000,ATLANTIC SURF III,ATLANTIC SURF III,ARG,8e930bac5-594b-aa3f-081d-d12668819e1f,4,3,2020-03-12 03:10:03+00:00,2026-05-01 17:46:08+00:00,4,3,4,116,10,2017 | 2018 | 2019 | 2020 | 2021 | 2022 | 2023 | 2024 | 2025 | 2026,2017-01,2026-08,,,,,Not queried; sample limited to top 20 MMSI by gaps
710000029,BOIA OZI 3,BOIA OZI 3,BRA,00bce094e-e546-9407-17c7-3d7518e29ae5,4,1,2023-01-01 21:20:06+00:00,2023-05-19 12:48:59+00:00,0,0,0,0,0,,,,,,,,Not queried; sample limited to top 20 MMSI by gaps
710000158,BRISA C B8 68%,BRISA C B8 68% | BRISA C B8 72% | BRISA C B8 97% | BRISA C B8 98%,BRA,47f157320-040b-59a7-ee5e-d416e409d016 | c008bc5ec-cbec-6ab8-b2e9-c7d77e14c238 | cd3202abf-fbfd-8671-9e54-3937fc832a1f | ea18cc556-6b1a-6934-742f-6d5eaccbd7e5,4,2,2023-07-01 07:53:11+00:00,2024-10-20 14:58:53+00:00,0,0,0,0,0,,,,,,,,Not queried; sample limited to top 20 MMSI by gaps
710127056,ROSSINE I,ROSSINE I,BRA,c0dedd864-4d6d-e634-e4b5-f0f99678b718,4,2,2021-10-29 20:21:42+00:00,2025-04-12 06:19:57+00:00,0,0,0,0,0,,,,,,,,Not queried; sample limited to top 20 MMSI by gaps
710199012,MARBELLA  I,MARBELLA  I,BRA,b7cba6e40-0048-472a-91c1-29565d94cc14,4,2,2025-10-09 16:18:14+00:00,2026-06-02 16:45:59+00:00,0,0,0,0,0,,,,,,,,Not queried; sample limited to top 20 MMSI by gaps
710345633,AUGUSTO C,AUGUSTO C,BRA,08e991848-8f53-3786-3af4-e16e307ce120,4,1,2024-05-30 23:10:26+00:00,2024-11-15 18:51:08+00:00,0,0,0,0,0,,,,,,,,Not queried; sample limited to top 20 MMSI by gaps
710357901,LUKA.F,LUKA.F,BRA,40c8ddc38-8768-37c3-1c05-8365f7c7528d,4,2,2022-12-10 09:22:20+00:00,2025-08-12 15:52:25+00:00,0,0,0,0,0,,,,,,,,Not queried; sample limited to top 20 MMSI by gaps
710491950,IZADORA I,IZADORA I,BRA,afcab6a7d-dd9e-5542-f836-f2e74652ae21,4,2,2020-06-07 17:38:33+00:00,2021-05-08 20:14:09+00:00,0,0,0,0,0,,,,,,,,Not queried; sample limited to top 20 MMSI by gaps
710555011,FLIPPER VI N,FLIPPER VI N,BRA,3548613c3-3e3e-8742-accb-b25c41bae48a,4,1,2021-02-18 14:36:59+00:00,2021-07-21 10:25:04+00:00,0,0,0,0,0,,,,,,,,Not queried; sample limited to top 20 MMSI by gaps
710628700,CUNHAMAR  II,CUNHAMAR  II,BRA,055223001-13aa-dc67-29ac-e346e7dab9ae,4,2,2024-08-04 09:33:26+00:00,2025-07-23 16:48:49+00:00,0,0,0,0,0,,,,,,,,Not queried; sample limited to top 20 MMSI by gaps
71558732,Y ABE,Y ABE,UNKNOWN,b31920be7-7136-f850-75ee-d1f2533e6b07,4,1,2024-03-08 15:00:11+00:00,2024-11-04 07:32:16+00:00,0,0,0,0,0,,,,,,,,Not queried; sample limited to top 20 MMSI by gaps
770576238,AINOHA,AINOHA,URY,3f554d4fe-e9bb-1234-fea2-19ae4d6344db,4,4,2017-12-20 14:27:04+00:00,2023-09-09 06:32:11+00:00,1,2,2,31,6,2017 | 2018 | 2019 | 2021 | 2022 | 2023,2017-09,2023-12,,,,,Not queried; sample limited to top 20 MMSI by gaps
997108011,SERVULO I BOIA 1,SERVULO I BOIA 1,UNKNOWN,866a7bd87-7f8c-2aea-f0e8-8a1b67f5fce2,4,2,2025-05-20 09:33:15+00:00,2026-08-03 23:13:35+00:00,0,0,0,0,0,,,,,,,,Not queried; sample limited to top 20 MMSI by gaps
108010070,FILHO DA PROMESSA C4,FILHO DA PROMESSA C4,UNKNOWN,0d71b69d1-126c-7d51-af8b-7ab7b7ec323a,3,1,2021-09-24 18:58:16+00:00,2021-10-02 16:47:12+00:00,0,0,0,0,0,,,,,,,,Not queried; sample limited to top 20 MMSI by gaps
150402951,LURONGYUANYU278,LURONGYUANYU278,UNKNOWN,77de5ebd9-998b-ae48-fdd9-7096170cbe92,3,2,2019-02-07 18:32:03+00:00,2020-02-16 21:30:11+00:00,0,0,0,10,3,2018 | 2020 | 2021,2018-04,2021-05,,,,,Not queried; sample limited to top 20 MMSI by gaps
200008102,SEA 8,SEA 8,UNKNOWN,352654e11-13c5-1e4b-97a3-c328879df355,3,1,2018-01-27 15:48:39+00:00,2018-03-14 18:35:48+00:00,0,0,0,0,0,,,,,,,,Not queried; sample limited to top 20 MMSI by gaps
224710000,FESTEIRO,FESTEIRO,ESP,f11e488e6-6cda-5060-dd09-9a8968cbf8e2,3,2,2020-09-01 20:33:53+00:00,2021-03-16 15:51:00+00:00,0,0,0,10,4,2021 | 2022 | 2023 | 2026,2021-01,2026-03,,,,,Not queried; sample limited to top 20 MMSI by gaps
224752000,SIEMPRE BELUSO,SIEMPRE BELUSO,ESP,405b4725d-d676-c31e-df90-eba14b974b92,3,1,2021-07-04 16:34:32+00:00,2021-09-04 15:15:31+00:00,0,0,0,0,0,,,,,,,,Not queried; sample limited to top 20 MMSI by gaps
224775000,ESPERANZA MENDUINA,ESPERANZA MENDUINA,ESP,9b267dd84-4266-7610-c5dc-265d57f75d12,3,1,2021-04-01 00:02:17+00:00,2021-04-16 09:35:41+00:00,0,0,0,1,1,2024,2024-02,2024-02,,,,,Not queried; sample limited to top 20 MMSI by gaps
273354660,NIKA-6,NIKA-6,RUS,d996678cb-bfc7-10c1-f6a9-39256dbd1f83,3,1,2017-02-06 15:08:11+00:00,2017-04-29 02:32:02+00:00,0,0,0,0,0,,,,,,,,Not queried; sample limited to top 20 MMSI by gaps
412000051,B3 VITORIA C I100%,B3 VITORIA C I100%,CHN,0c6213ebf-fefa-2638-31bd-37c49a8e8202,3,1,2022-08-02 17:44:41+00:00,2022-08-09 17:11:30+00:00,0,0,0,0,0,,,,,,,,Not queried; sample limited to top 20 MMSI by gaps
412231041,LUPENGYUANYU 029,LUPENGYUANYU 029,CHN,5083857c6-6a71-11c3-d73a-43c2354180c5 | d0fe4ac83-3faa-cb62-d43d-e7122bb3e361,3,2,2021-03-16 21:08:12+00:00,2023-02-22 09:22:03+00:00,0,0,0,0,0,,,,,,,,Not queried; sample limited to top 20 MMSI by gaps
412329096,LU RONG YUAN YU 898,LU RONG YUAN YU 898,CHN,2c594ea3b-bb37-f529-09d4-40e8f4481c90,3,1,2024-02-24 11:52:05+00:00,2024-05-03 12:01:12+00:00,0,0,0,2,1,2024,2024-03,2024-06,,,,,Not queried; sample limited to top 20 MMSI by gaps
412329638,LU RONG YUAN YU 998,LU RONG YUAN YU 998,CHN,eca1af533-31bd-12c3-45ef-a4412b3d7f7a,3,1,2025-12-08 14:16:56+00:00,2025-12-23 13:09:53+00:00,0,0,0,0,0,,,,,,,,Not queried; sample limited to top 20 MMSI by gaps
412329652,CHANG SHUN NO 1,CHANG SHUN NO 1,CHN,9e9fb674d-d640-7fe3-9e4d-6eabc841bb44,3,3,2017-03-20 11:01:51+00:00,2023-04-25 13:33:12+00:00,0,0,0,12,6,2017 | 2018 | 2019 | 2020 | 2022 | 2023,2017-01,2023-01,,,,,Not queried; sample limited to top 20 MMSI by gaps
412330029,JING YUAN 608,JING YUAN 608,CHN,77243226d-d779-5fd0-cb9f-b308c5762afd,3,3,2017-12-31 21:19:28+00:00,2021-12-08 22:05:22+00:00,0,0,0,3,3,2019 | 2020 | 2021,2019-04,2021-05,,,,,Not queried; sample limited to top 20 MMSI by gaps
412330141,LU PENG YUAN YU 029,LU PENG YUAN YU 029,CHN,af194c74a-a86d-3073-57c8-507dd9f75001,3,2,2018-04-07 10:53:00+00:00,2023-01-22 03:22:13+00:00,0,0,0,0,0,,,,,,,,Not queried; sample limited to top 20 MMSI by gaps
412331128,LURONGYUANYU 393,LUQINGYUANYU051 | LURONGYUANYU 393,CHN,7e7ee1e7b-b10a-d266-387d-46227288b8f8 | f2333a83d-d795-54ae-199d-3e6f03098250,3,1,2024-02-10 21:04:08+00:00,2024-04-16 19:37:52+00:00,0,0,0,0,0,,,,,,,,Not queried; sample limited to top 20 MMSI by gaps
412331175,LU RONG YUAN YU 881,LU LAN YUAN YU 059 | LU RONG YUAN YU 881,CHN,1f9924c49-947d-adaa-7351-80eadc27641f | c4bcce518-821b-c1a1-c11b-0d2393645b54,3,3,2018-01-03 07:23:41+00:00,2021-03-30 03:40:13+00:00,1,0,1,5,3,2018 | 2019 | 2021,2018-03,2021-04,,,,,Not queried; sample limited to top 20 MMSI by gaps
412334076,LURONGYANYU605,LURONGYANYU605,CHN,1b7c80f7d-d8b5-d59c-ae4f-0718cfb8574f | d13dba6d2-28f2-200f-fa94-64a89dc104d4,3,3,2018-03-25 09:31:28+00:00,2020-05-08 23:31:50+00:00,0,0,0,8,3,2018 | 2019 | 2020,2018-04,2020-12,,,,,Not queried; sample limited to top 20 MMSI by gaps
412420003,TIANSHUN,TIANSHUN,CHN,db28ad5fa-a111-0738-c322-cbb897eee30d,3,1,2018-12-18 03:25:33+00:00,2018-12-23 20:06:06+00:00,0,0,0,6,3,2019 | 2021 | 2023,2019-02,2023-04,,,,,Not queried; sample limited to top 20 MMSI by gaps
412420378,HUALI16,HUALI16,CHN,fcb1cd879-99f4-3b44-5c9a-3f1291f1b287,3,2,2018-03-22 02:22:05+00:00,2019-01-03 07:04:11+00:00,0,0,0,11,7,2017 | 2018 | 2019 | 2020 | 2021 | 2023 | 2024,2017-12,2024-05,,,,,Not queried; sample limited to top 20 MMSI by gaps
412421093,XIN JI LI 55,XIN JI LI 55,CHN,7a5d9d710-0e78-7099-dc69-c18564404e8c,3,3,2019-03-07 07:39:24+00:00,2024-03-21 19:48:27+00:00,0,0,0,10,6,2018 | 2019 | 2021 | 2023 | 2024 | 2025,2018-12,2025-01,,,,,Not queried; sample limited to top 20 MMSI by gaps
412421129,YUAN JIA 1,YUAN JIA 1,CHN,b1024a821-11fa-d0c9-a19b-7fd00b283fb7,3,1,2020-06-01 21:40:46+00:00,2020-06-09 20:00:18+00:00,0,0,0,13,7,2020 | 2021 | 2022 | 2023 | 2024 | 2025 | 2026,2020-05,2026-05,,,,,Not queried; sample limited to top 20 MMSI by gaps
412421182,TAO YUAN 608,TAO YUAN 608,CHN,522084b90-0c92-d850-c3d7-165dee13d92c,3,1,2019-01-20 19:21:19+00:00,2019-03-16 16:35:40+00:00,0,0,0,3,2,2019 | 2021,2019-02,2021-05,,,,,Not queried; sample limited to top 20 MMSI by gaps
412424374,ZHE PU YUAN 98,ZHE PU YUAN 98,CHN,916532d09-9e3c-9489-d981-39b8114c957c,3,1,2018-01-02 04:21:52+00:00,2018-03-30 20:03:54+00:00,0,0,0,2,2,2017 | 2018,2017-12,2018-04,,,,,Not queried; sample limited to top 20 MMSI by gaps
412440513,FU YUAN YU 199,FU YUAN YU 199,CHN,2e23b371b-b22b-27bd-aee0-a8a1731dff1c,3,1,2018-03-15 16:55:30+00:00,2018-04-06 21:17:57+00:00,0,0,0,1,1,2017,2017-03,2017-03,,,,,Not queried; sample limited to top 20 MMSI by gaps
412440731,FU YUAN YU 7604,FU YUAN YU 7604,CHN,affe58372-2324-f562-844d-fade17e5cc5a,3,1,2020-02-27 17:37:04+00:00,2020-04-13 12:55:29+00:00,0,0,0,9,6,2020 | 2021 | 2022 | 2023 | 2024 | 2025,2020-06,2025-01,,,,,Not queried; sample limited to top 20 MMSI by gaps
412440742,FU YUAN YU 7618,FU YUAN YU 7618,CHN,11c4a7c5a-a48a-e0f0-4cd1-345bae7c3901,3,1,2020-01-06 00:30:11+00:00,2020-04-28 00:15:19+00:00,0,0,0,4,4,2020 | 2021 | 2022 | 2023,2020-06,2023-01,,,,,Not queried; sample limited to top 20 MMSI by gaps
412440743,FU YUAN YU 7619,FU YUAN YU 7619,CHN,629139e88-8af3-c70f-ffca-a7df34629509,3,1,2020-04-17 18:57:45+00:00,2020-04-24 14:04:35+00:00,0,0,0,5,4,2020 | 2021 | 2022 | 2023,2020-03,2023-01,,,,,Not queried; sample limited to top 20 MMSI by gaps
412549048,NING TAI 97,NING TAI 97,CHN,7daa1a8e0-03e8-2973-c90d-12fc2cea4f03 | e0d3f4b29-96dd-eee8-ff28-0e07f9bc5fb0,3,3,2020-01-30 23:22:57+00:00,2022-02-28 10:31:33+00:00,0,0,0,11,6,2020 | 2021 | 2022 | 2023 | 2025 | 2026,2020-06,2026-05,,,,,Not queried; sample limited to top 20 MMSI by gaps
412549051,NING TAI 617,NING TAI 617,CHN,0047daf99-99ef-6284-5925-ad9796177602,3,2,2021-04-11 03:05:38+00:00,2024-05-12 19:31:57+00:00,0,0,0,12,6,2020 | 2021 | 2023 | 2024 | 2025 | 2026,2020-12,2026-04,,,,,Not queried; sample limited to top 20 MMSI by gaps
412549354,LUQINGYUANYU770,LUQINGYUANYU770,CHN,6b460bdbd-d86f-573f-2036-21f9c21fd5f7,3,2,2021-12-25 22:46:33+00:00,2022-03-06 01:21:06+00:00,0,0,0,4,4,2021 | 2022 | 2023 | 2024,2021-12,2024-03,,,,,Not queried; sample limited to top 20 MMSI by gaps
412549579,ZHONG JU 828,ZHONG JU 828,CHN,33ef12ed6-663f-a54d-496d-b28cded436a5,3,2,2024-07-31 05:29:16+00:00,2026-04-10 11:21:38+00:00,0,0,0,4,3,2024 | 2025 | 2026,2024-03,2026-04,,,,,Not queried; sample limited to top 20 MMSI by gaps
412679820,LIAOYU2HAO,LIAOYU2HAO,CHN,0faf32b62-22ab-41be-7bbc-acf9047cba71,3,2,2020-03-28 05:42:29+00:00,2021-04-10 23:54:21+00:00,0,0,0,10,8,2017 | 2018 | 2019 | 2020 | 2021 | 2022 | 2023 | 2025,2017-01,2025-04,,,,,Not queried; sample limited to top 20 MMSI by gaps
412699080,JINHAI817,JINHAI817,CHN,27a0463a2-2e8e-a2c5-7dd7-49d2734aaf89,3,2,2017-03-04 14:57:11+00:00,2018-04-11 14:00:09+00:00,0,0,0,6,3,2017 | 2018 | 2019,2017-01,2019-04,,,,,Not queried; sample limited to top 20 MMSI by gaps
413329441,LURONGYUANYU988,LURONGYUANYU988,CHN,fe11df69e-e0f4-b416-18b5-a5185f4c8d32,3,2,2023-03-12 20:31:04+00:00,2024-03-17 22:23:37+00:00,0,1,1,4,3,2023 | 2024 | 2026,2023-06,2026-05,,,,,Not queried; sample limited to top 20 MMSI by gaps
416004889,FU CHIAN,FU CHIAN,TWN,677e20f84-4e5e-ae42-e8ea-be05730d463a,3,1,2017-02-23 02:07:18+00:00,2017-03-13 12:30:32+00:00,0,0,0,1,1,2019,2019-03,2019-03,,,,,Not queried; sample limited to top 20 MMSI by gaps
416005575,HSIN DAH MING NO.16,HSIN DAH MING NO.16,TWN,57e038056-6879-f3c0-61fe-f8e8de391e9d | d442a4160-0165-74ab-4476-841e7148c1ec,3,3,2019-02-01 00:09:30+00:00,2024-02-28 22:52:44+00:00,0,0,0,0,0,,,,,,,,Not queried; sample limited to top 20 MMSI by gaps
416005846,CHUN I NO.6,CHUN I NO 6 | CHUN I NO.6,TWN,0c57373ac-c645-2da5-577e-5f61af12f9c9 | 766bdcefc-c55d-7657-1750-83af21a4ae3b,3,3,2020-02-13 04:28:16+00:00,2026-01-10 02:33:52+00:00,0,0,0,0,0,,,,,,,,Not queried; sample limited to top 20 MMSI by gaps
416006402,YUN MAO NO.101,YUN MAO NO.101,TWN,8217d355d-d77d-e1b7-2dde-b9c732aa2784,3,2,2024-05-27 10:15:55+00:00,2025-06-17 13:53:25+00:00,0,0,0,0,0,,,,,,,,Not queried; sample limited to top 20 MMSI by gaps
416132600,YUH MAO NO106,YUH MAO NO106,TWN,804f6b27d-d496-d185-2206-1579c377fef7,3,3,2019-06-03 08:15:48+00:00,2024-03-22 15:20:27+00:00,0,0,0,0,0,,,,,,,,Not queried; sample limited to top 20 MMSI by gaps
416180600,FULL KUO 1  0  1,FULL KUO 1  0  1,TWN,e8b968f50-00c2-ec45-7b29-5d5316313d97,3,1,2021-03-16 10:25:31+00:00,2021-04-23 05:11:14+00:00,0,0,0,0,0,,,,,,,,Not queried; sample limited to top 20 MMSI by gaps
416201700,SHUENN CHING NO.1,SHUENN CHING NO.1,TWN,6947b994d-d38e-49d6-ad14-57e28c413b1c,3,2,2018-02-13 22:12:16+00:00,2019-01-17 15:00:37+00:00,0,0,0,0,0,,,,,,,,Not queried; sample limited to top 20 MMSI by gaps
416236500,HSIANG JIN FA,HSIANG JIN FA,TWN,49960bf2f-f766-2dff-a4d0-cf4793f41c5c,3,2,2017-03-27 20:37:08+00:00,2021-04-12 21:41:19+00:00,0,0,0,0,0,,,,,,,,Not queried; sample limited to top 20 MMSI by gaps
416245500,AN FONG 118,AN FONG 118,TWN,b38f50ee7-7b53-7edf-2091-4b0b5c6e83c8,3,2,2017-02-25 12:39:04+00:00,2018-02-27 13:01:06+00:00,0,0,0,2,2,2022 | 2023,2022-12,2023-11,,,,,Not queried; sample limited to top 20 MMSI by gaps
416252900,WIN FAR YU NO.2,WIN FAR YU NO.2,TWN,ed0a24019-9c40-c254-3b80-430075580324,3,1,2018-02-17 20:52:06+00:00,2018-02-28 03:02:46+00:00,0,0,0,0,0,,,,,,,,Not queried; sample limited to top 20 MMSI by gaps
416525000,WEN YU YIH,WEN YU YIH,TWN,5238a4fd8-84ca-7ae9-d165-9789556e9e5d,3,1,2017-02-21 03:04:13+00:00,2017-03-16 13:30:48+00:00,0,0,0,0,0,,,,,,,,Not queried; sample limited to top 20 MMSI by gaps
416639000,HER YANG NO1,HER YANG NO1,TWN,eea40ea00-0e83-b5e9-30a0-0a97ed767af5,3,1,2018-03-09 02:48:03+00:00,2018-04-15 00:13:40+00:00,0,0,0,0,0,,,,,,,,Not queried; sample limited to top 20 MMSI by gaps
440100000,SAE IN PIONEER,SAE IN PIONEER,KOR,88c6764ab-b55c-05a3-f6e2-01bb8b7ca3c2,3,2,2022-12-01 08:15:17+00:00,2023-03-08 02:58:17+00:00,0,0,0,46,10,2017 | 2018 | 2019 | 2020 | 2021 | 2022 | 2023 | 2024 | 2025 | 2026,2017-01,2026-02,,,,,Not queried; sample limited to top 20 MMSI by gaps
440108000,27HAEIN,27HAEIN,KOR,f9cf1e731-1f1d-5b9f-daf0-a50f350dcdcd,3,3,2017-06-04 13:19:26+00:00,2019-01-05 11:51:01+00:00,0,0,0,2,2,2017 | 2019,2017-11,2019-05,,,,,Not queried; sample limited to top 20 MMSI by gaps
440811000,SAEIN NO.1,SAEIN NO.1,KOR,fbe755a20-071f-0269-133e-a5b91755cdf1,3,2,2018-02-02 17:44:35+00:00,2019-05-21 22:49:51+00:00,0,1,1,2,2,2018 | 2019,2018-12,2019-05,,,,,Not queried; sample limited to top 20 MMSI by gaps
440816000,NO.103KUMYANG,NO.103KUMYANG,KOR,d6c4a6018-8ddd-fe38-443f-584724a70024,3,3,2018-02-19 20:41:43+00:00,2024-05-23 06:14:06+00:00,0,0,0,3,3,2020 | 2022 | 2023,2020-05,2023-01,,,,,Not queried; sample limited to top 20 MMSI by gaps
441603150,YUAN CHING,YUAN CHING,KOR,d8f631ff0-0960-99e7-ef26-3619cef0f24a,3,2,2017-03-23 21:52:37+00:00,2018-03-23 09:48:36+00:00,0,0,0,2,1,2018,2018-03,2018-04,,,,,Not queried; sample limited to top 20 MMSI by gaps
511100489,VIDEO,VIDEO,PLW,9bda8d7a2-2fbf-48f9-fb25-58fce0bf8a71,3,1,2021-08-18 17:19:33+00:00,2021-08-23 20:49:51+00:00,0,0,0,0,0,,,,,,,,Not queried; sample limited to top 20 MMSI by gaps
665111129,ARGOS GEORGIA,ARGOS GEORGIA,SHN,72ea2e17b-bd73-95a7-a477-38394d0e2338,3,3,2021-11-08 23:39:00+00:00,2023-10-03 18:57:45+00:00,0,0,0,11,6,2018 | 2019 | 2020 | 2021 | 2022 | 2023,2018-04,2023-03,,,,,Not queried; sample limited to top 20 MMSI by gaps
700000000,LU QING YUAN YU 207,LU QING YUAN YU 207,UNKNOWN,28f642dc4-4af0-2d00-c1a3-02cddde34088,3,1,2020-06-18 11:02:00+00:00,2020-12-16 23:20:00+00:00,0,0,0,0,0,,,,,,,,Not queried; sample limited to top 20 MMSI by gaps
701000528,ALCOBARI,ALCOBARI,ARG,684a42a9a-adeb-4422-9887-1d462fd42959,3,1,2017-05-23 20:59:13+00:00,2017-06-01 14:04:18+00:00,3,3,3,30,4,2017 | 2018 | 2019 | 2020,2017-01,2020-09,,,,,Not queried; sample limited to top 20 MMSI by gaps
701000529,SIRIUS III,SIRIUS III,ARG,70c30de2c-c803-0fb1-85b6-a38873f9c2cb,3,2,2017-04-04 14:24:19+00:00,2018-09-09 10:26:28+00:00,3,3,3,29,3,2017 | 2018 | 2019,2017-01,2019-10,,,,,Not queried; sample limited to top 20 MMSI by gaps
701000540,HUAFENG818,HUAFENG 818 | HUAFENG818,ARG,203a4133c-cdb3-adfa-6d57-b2117462c3f1 | 4471539a3-3b8f-7b9f-df79-196c71dcd3a3,3,3,2018-07-25 09:44:39+00:00,2021-03-07 22:27:07+00:00,2,3,3,89,9,2017 | 2018 | 2019 | 2020 | 2021 | 2022 | 2023 | 2024 | 2026,2017-01,2026-08,,,,,Not queried; sample limited to top 20 MMSI by gaps
701000542,SAN JUAN B,SAN JUAN B,ARG,0271438ce-e56a-24c3-26c8-5bccc4a02f24,3,3,2020-06-22 05:34:14+00:00,2026-03-24 21:25:44+00:00,3,3,3,73,9,2018 | 2019 | 2020 | 2021 | 2022 | 2023 | 2024 | 2025 | 2026,2018-08,2026-08,,,,,Not queried; sample limited to top 20 MMSI by gaps
701000543,KARINA,KARINA,ARG,025fbf1dc-c272-5904-bc93-62c82e5a76aa,3,2,2019-11-08 17:30:03+00:00,2021-08-29 20:55:18+00:00,3,3,3,71,8,2017 | 2018 | 2019 | 2021 | 2022 | 2023 | 2025 | 2026,2017-01,2026-08,,,,,Not queried; sample limited to top 20 MMSI by gaps
701000564,HUA I 616,HUA I 616,ARG,e204c6cc4-4c7f-bbba-8433-8b7dd378b2cd,3,1,2020-03-11 21:56:53+00:00,2020-03-14 15:32:43+00:00,3,3,3,62,9,2018 | 2019 | 2020 | 2021 | 2022 | 2023 | 2024 | 2025 | 2026,2018-01,2026-08,,,,,Not queried; sample limited to top 20 MMSI by gaps
701000597,SAN MATEO,SAN MATEO,ARG,9cc01a2aa-aed1-ff3c-5fcc-6e43098ace5e,3,3,2018-03-21 23:01:51+00:00,2022-04-04 13:40:06+00:00,3,3,3,58,7,2017 | 2018 | 2019 | 2020 | 2021 | 2022 | 2023,2017-01,2023-04,,,,,Not queried; sample limited to top 20 MMSI by gaps
701000605,ANA III,ANA III,ARG,b1bd36255-55a5-5dd9-612b-c58ac86e5d3f,3,2,2024-08-15 01:08:51+00:00,2025-08-20 21:20:00+00:00,3,3,3,93,10,2017 | 2018 | 2019 | 2020 | 2021 | 2022 | 2023 | 2024 | 2025 | 2026,2017-10,2026-08,,,,,Not queried; sample limited to top 20 MMSI by gaps
701000617,CTE LUIS PIEDRABUENA,CTE LUIS PIEDRABUENA,ARG,1a3bf1b94-45bc-d1c6-450b-1465230169f9,3,3,2020-08-20 23:29:03+00:00,2023-11-23 07:55:05+00:00,3,3,3,113,10,2017 | 2018 | 2019 | 2020 | 2021 | 2022 | 2023 | 2024 | 2025 | 2026,2017-01,2026-08,,,,,Not queried; sample limited to top 20 MMSI by gaps
701000658,FERNANDO ALVAREZ,FERNANDO ALVAREZ,ARG,2487c209c-c814-d7f3-115b-e558a773b209,3,3,2017-05-02 02:28:29+00:00,2023-08-19 21:58:16+00:00,3,3,3,95,10,2017 | 2018 | 2019 | 2020 | 2021 | 2022 | 2023 | 2024 | 2025 | 2026,2017-04,2026-08,,,,,Not queried; sample limited to top 20 MMSI by gaps
701000662,ARBUMASA XVI,ARBUMASA XVI,ARG,98e2164c0-068e-d460-8512-c91dc7a7759f,3,1,2018-09-07 22:22:46+00:00,2018-09-29 21:14:08+00:00,3,3,3,83,10,2017 | 2018 | 2019 | 2020 | 2021 | 2022 | 2023 | 2024 | 2025 | 2026,2017-04,2026-08,,,,,Not queried; sample limited to top 20 MMSI by gaps
701000665,ANTONINO,ANTONINO,ARG,6d93e2de0-0619-e4d0-22bb-fc8e85d8b5ed,3,2,2019-06-19 06:34:53+00:00,2025-02-15 08:17:07+00:00,3,3,3,94,10,2017 | 2018 | 2019 | 2020 | 2021 | 2022 | 2023 | 2024 | 2025 | 2026,2017-04,2026-08,,,,,Not queried; sample limited to top 20 MMSI by gaps
701000708,ARBUMASA 15,ARBUMASA 15,ARG,03d12278a-a35b-ce50-918b-673e1bca4940,3,2,2017-09-15 20:16:20+00:00,2018-09-08 21:05:18+00:00,3,3,3,73,10,2017 | 2018 | 2019 | 2020 | 2021 | 2022 | 2023 | 2024 | 2025 | 2026,2017-04,2026-08,,,,,Not queried; sample limited to top 20 MMSI by gaps
701000743,LAIA,LAIA,ARG,ac5658222-2b9c-b40a-ad42-de3d5a42359d,3,3,2018-03-03 13:00:00+00:00,2023-04-09 09:53:32+00:00,3,3,3,51,8,2017 | 2018 | 2020 | 2021 | 2022 | 2023 | 2024 | 2025,2017-02,2025-12,,,,,Not queried; sample limited to top 20 MMSI by gaps
701000749,MESSINA 1,MESSINA 1,ARG,1a6d76452-2654-6e5d-39ff-3358b457c746,3,2,2025-08-04 22:05:33+00:00,2026-08-04 02:53:35+00:00,3,3,3,80,9,2018 | 2019 | 2020 | 2021 | 2022 | 2023 | 2024 | 2025 | 2026,2018-05,2026-08,,,,,Not queried; sample limited to top 20 MMSI by gaps
701000757,PEDRITO,PEDRITO,ARG,ae013eb4d-d4ce-2d7c-bc68-c0ea2890eb13,3,1,2025-07-26 15:18:12+00:00,2025-08-05 09:52:28+00:00,3,3,3,72,10,2017 | 2018 | 2019 | 2020 | 2021 | 2022 | 2023 | 2024 | 2025 | 2026,2017-08,2026-08,,,,,Not queried; sample limited to top 20 MMSI by gaps
701000764,CODEPECA 4,CODEPECA 4,ARG,731b77960-02d1-41bb-2651-46021d76cfb5,3,3,2018-09-12 15:54:08+00:00,2020-08-26 16:15:06+00:00,3,3,3,74,10,2017 | 2018 | 2019 | 2020 | 2021 | 2022 | 2023 | 2024 | 2025 | 2026,2017-01,2026-08,,,,,Not queried; sample limited to top 20 MMSI by gaps
701000830,MAR ESMERALDA,MAR ESMERALDA,ARG,ee2c26bd5-5644-259b-81c9-3d1cfdc9040c,3,2,2018-07-18 15:25:23+00:00,2026-07-22 19:22:22+00:00,3,3,3,93,10,2017 | 2018 | 2019 | 2020 | 2021 | 2022 | 2023 | 2024 | 2025 | 2026,2017-03,2026-08,,,,,Not queried; sample limited to top 20 MMSI by gaps
701000878,ESPADARTE,ESPADARTE,ARG,4085a5286-6636-c22b-d886-cb0829227465,3,2,2017-03-09 03:22:38+00:00,2021-02-25 13:59:31+00:00,3,3,3,93,10,2017 | 2018 | 2019 | 2020 | 2021 | 2022 | 2023 | 2024 | 2025 | 2026,2017-01,2026-08,,,,,Not queried; sample limited to top 20 MMSI by gaps
701000902,RIBAZON INES,RIBAZON INES,ARG,89e9ae38e-e8c7-bade-9731-1d2a25033b2e,3,3,2023-09-13 12:26:09+00:00,2026-08-29 08:55:07+00:00,3,3,3,65,10,2017 | 2018 | 2019 | 2020 | 2021 | 2022 | 2023 | 2024 | 2025 | 2026,2017-04,2026-08,,,,,Not queried; sample limited to top 20 MMSI by gaps
701000936,ROCIO DEL MAR,ROCIO DEL MAR,ARG,4d3add73e-ed84-5d1e-e34c-58c5c0317288,3,1,2019-02-03 09:43:20+00:00,2019-05-18 03:31:31+00:00,3,3,3,90,9,2018 | 2019 | 2020 | 2021 | 2022 | 2023 | 2024 | 2025 | 2026,2018-01,2026-07,,,,,Not queried; sample limited to top 20 MMSI by gaps
701000949,ARGENOVA 9,ARGENOVA 9,ARG,3fae377de-eae4-560c-1b54-973d59034c93,3,3,2018-08-22 16:28:47+00:00,2026-06-26 08:10:17+00:00,3,3,3,107,10,2017 | 2018 | 2019 | 2020 | 2021 | 2022 | 2023 | 2024 | 2025 | 2026,2017-03,2026-06,,,,,Not queried; sample limited to top 20 MMSI by gaps
701001255,JOSE LUCIANO,JOSE LUCIANO,ARG,efdf577b7-774d-c1fa-3521-6f7f37eae1ba,3,2,2025-05-04 11:59:35+00:00,2026-02-13 11:36:03+00:00,3,3,3,42,4,2023 | 2024 | 2025 | 2026,2023-03,2026-08,,,,,Not queried; sample limited to top 20 MMSI by gaps
701006040,ATREVIDO,ATREVIDO,ARG,8f05c726a-a38a-2400-fb97-58bd615e3035,3,3,2017-03-12 14:29:15+00:00,2024-09-24 02:20:41+00:00,3,3,3,87,10,2017 | 2018 | 2019 | 2020 | 2021 | 2022 | 2023 | 2024 | 2025 | 2026,2017-01,2026-08,,,,,Not queried; sample limited to top 20 MMSI by gaps
701006044,GEMINIS,GEMINIS,ARG,fa0104306-601d-0def-3c30-a1a2f9662202,3,1,2019-10-21 09:37:37+00:00,2019-10-28 08:32:06+00:00,3,3,3,109,10,2017 | 2018 | 2019 | 2020 | 2021 | 2022 | 2023 | 2024 | 2025 | 2026,2017-01,2026-08,,,,,Not queried; sample limited to top 20 MMSI by gaps
701006080,PROMAC,PROMAC,ARG,d280f4692-2d52-e549-b654-6b02ebbfc1ee,3,3,2017-03-09 02:21:00+00:00,2022-07-22 14:02:23+00:00,3,3,3,103,10,2017 | 2018 | 2019 | 2020 | 2021 | 2022 | 2023 | 2024 | 2025 | 2026,2017-01,2026-08,,,,,Not queried; sample limited to top 20 MMSI by gaps
701006133,* ARBUMASA XXIX *,* ARBUMASA XXIX *,ARG,dee345c0c-c1d0-6725-e29a-96a255e5ec7a,3,2,2017-03-09 03:22:05+00:00,2026-04-05 08:41:51+00:00,3,3,3,88,10,2017 | 2018 | 2019 | 2020 | 2021 | 2022 | 2023 | 2024 | 2025 | 2026,2017-01,2026-04,,,,,Not queried; sample limited to top 20 MMSI by gaps
701006135,SCIROCCO,SCIROCCO,ARG,cc3f3c075-53fd-309a-a565-896a595b1d30,3,3,2017-03-09 03:23:01+00:00,2024-05-07 14:26:32+00:00,3,3,3,97,10,2017 | 2018 | 2019 | 2020 | 2021 | 2022 | 2023 | 2024 | 2025 | 2026,2017-01,2026-08,,,,,Not queried; sample limited to top 20 MMSI by gaps
701006149,AURORA,AURORA,ARG,795a4f92b-bbd2-c909-e4e1-1923a9a0e9e0,3,2,2017-03-09 03:22:23+00:00,2020-04-04 02:35:46+00:00,3,3,3,98,10,2017 | 2018 | 2019 | 2020 | 2021 | 2022 | 2023 | 2024 | 2025 | 2026,2017-01,2026-08,,,,,Not queried; sample limited to top 20 MMSI by gaps
701006182,ARGENOVA XXI,ARGENOVA XXI,ARG,986f42143-3e51-aade-ab15-a7b6d1908fb6,3,3,2022-05-07 06:36:56+00:00,2024-01-25 03:12:37+00:00,3,3,3,111,10,2017 | 2018 | 2019 | 2020 | 2021 | 2022 | 2023 | 2024 | 2025 | 2026,2017-01,2026-08,,,,,Not queried; sample limited to top 20 MMSI by gaps
701006445,API V,API V,ARG,42b038c49-9432-46d4-042a-a730333e6510,3,2,2017-09-01 09:44:15+00:00,2018-11-14 20:18:07+00:00,2,3,3,114,10,2017 | 2018 | 2019 | 2020 | 2021 | 2022 | 2023 | 2024 | 2025 | 2026,2017-01,2026-08,,,,,Not queried; sample limited to top 20 MMSI by gaps
701006725,HUA FENG 801,HUA FENG 801,ARG,1b2510cf8-8f28-ab91-c1dc-c957fc254adb,3,1,2023-02-11 20:58:09+00:00,2023-04-27 00:34:53+00:00,2,3,3,107,10,2017 | 2018 | 2019 | 2020 | 2021 | 2022 | 2023 | 2024 | 2025 | 2026,2017-01,2026-07,,,,,Not queried; sample limited to top 20 MMSI by gaps
701006750,ALVAREZ ENTRENA VI,ALVAREZ ENTRENA VI,ARG,66acf0285-5c2a-7a50-fc19-b71a45eeaea2,3,2,2018-05-20 16:36:19+00:00,2019-09-22 03:13:37+00:00,3,3,3,88,10,2017 | 2018 | 2019 | 2020 | 2021 | 2022 | 2023 | 2024 | 2025 | 2026,2017-08,2026-08,,,,,Not queried; sample limited to top 20 MMSI by gaps
701007025,ESTEFANY,ESTEFANY,ARG,27a176387-7daf-e67e-1a76-53adcbb2515f,3,2,2021-09-15 09:48:03+00:00,2024-04-23 13:25:25+00:00,3,3,3,71,7,2019 | 2020 | 2021 | 2023 | 2024 | 2025 | 2026,2019-02,2026-08,,,,,Not queried; sample limited to top 20 MMSI by gaps
701007026,CEIBE DOUS,CEIBE DOUS,ARG,b2f6c98b8-8333-bfe9-65a0-3c6feed31cc1,3,3,2017-03-09 03:22:35+00:00,2019-01-07 11:36:40+00:00,3,3,3,51,6,2017 | 2018 | 2019 | 2020 | 2021 | 2022,2017-01,2022-12,,,,,Not queried; sample limited to top 20 MMSI by gaps
701007039,ARRUFO,ARRUFO,ARG,3cececdd3-386f-b51e-ac56-db6c7835dd46,3,2,2018-04-06 21:59:13+00:00,2020-08-29 22:44:24+00:00,3,3,3,75,10,2017 | 2018 | 2019 | 2020 | 2021 | 2022 | 2023 | 2024 | 2025 | 2026,2017-03,2026-08,,,,,Not queried; sample limited to top 20 MMSI by gaps
701031000,ANABELLA M,ANABELLA M,ARG,00d2d88d9-9c44-183e-9b47-ee82181a9aa7,3,1,2018-01-30 22:36:37+00:00,2018-09-02 02:54:43+00:00,3,3,3,99,10,2017 | 2018 | 2019 | 2020 | 2021 | 2022 | 2023 | 2024 | 2025 | 2026,2017-01,2026-08,,,,,Not queried; sample limited to top 20 MMSI by gaps
701042000,LUCA MARIO,LUCA MARIO,ARG,a70e1cbba-a2eb-73c3-39a2-6635cad8f28d,3,2,2017-04-29 04:04:40+00:00,2026-06-25 15:35:03+00:00,3,3,3,101,10,2017 | 2018 | 2019 | 2020 | 2021 | 2022 | 2023 | 2024 | 2025 | 2026,2017-01,2026-08,,,,,Not queried; sample limited to top 20 MMSI by gaps
701067000,DON JUAN,DON JUAN,ARG,1bf7e7497-7e4e-d3a4-7571-57b679745100,3,3,2018-06-19 11:33:15+00:00,2024-09-29 20:41:15+00:00,3,3,3,63,9,2018 | 2019 | 2020 | 2021 | 2022 | 2023 | 2024 | 2025 | 2026,2018-06,2026-07,,,,,Not queried; sample limited to top 20 MMSI by gaps
701068000,ECHIZEN MARU,ECHIZEN MARU,ARG,a2904966b-b6f1-b6de-58c4-d602b43251f7,3,2,2019-10-07 08:57:43+00:00,2024-12-15 19:51:31+00:00,3,3,3,115,10,2017 | 2018 | 2019 | 2020 | 2021 | 2022 | 2023 | 2024 | 2025 | 2026,2017-01,2026-08,,,,,Not queried; sample limited to top 20 MMSI by gaps
701071000,SIEMPRE SAN SALVADOR,SIEMPRE SAN SALVADOR,ARG,fe787c927-759b-7975-9daa-0d17f43dea1f,3,2,2020-05-05 03:21:14+00:00,2021-05-14 00:06:04+00:00,2,2,2,27,3,2019 | 2020 | 2021,2019-01,2021-07,,,,,Not queried; sample limited to top 20 MMSI by gaps
701073000,LANZA SECA,LANZA SECA,ARG,d5421c842-220d-85b7-6254-e99d564a0e9a,3,3,2023-11-08 07:28:15+00:00,2025-08-08 07:47:00+00:00,3,3,3,77,9,2018 | 2019 | 2020 | 2021 | 2022 | 2023 | 2024 | 2025 | 2026,2018-07,2026-08,,,,,Not queried; sample limited to top 20 MMSI by gaps
710000004,B1 IAN CARLOS S  88%,B1 IAN CARLOS S  88% | B1 IAN CARLOS S  90%,BRA,90774eea3-345b-b351-f8fc-ef27f41e64b4 | ba08e65eb-bf43-3ebb-e447-2e333769ba8b,3,1,2024-08-08 13:14:05+00:00,2024-08-20 19:33:35+00:00,0,0,0,0,0,,,,,,,,Not queried; sample limited to top 20 MMSI by gaps
710000134,EDUARDA II B10 90%,EDUARDA II B10 83% | EDUARDA II B10 90%,BRA,2fa71d62d-dd04-b8fc-358b-2041bc6aa7e9 | b67f0692e-efb2-090c-9b40-af55b19cf180,3,1,2023-05-19 22:29:15+00:00,2023-06-10 00:56:56+00:00,0,0,0,0,0,,,,,,,,Not queried; sample limited to top 20 MMSI by gaps
710000176,VITORIA C B6100%,VITORIA C B6 69% | VITORIA C B6 85% | VITORIA C B6100%,BRA,52e1ca1e8-834c-b5a3-4d10-e6cabefb8cf2 | 65e7413c1-1cae-2df5-d1ec-2b168cd037e9 | fb07a7b7d-dac8-e9b0-ab4e-946bec600f25,3,1,2023-09-04 06:00:37+00:00,2023-10-07 15:55:00+00:00,0,0,0,0,0,,,,,,,,Not queried; sample limited to top 20 MMSI by gaps
710020495,PORTO RICO X,PORTO RICO X,BRA,8235af4e8-8909-2be1-e923-17798c29af5d,3,2,2020-01-23 09:10:43+00:00,2022-01-18 12:27:12+00:00,0,0,0,0,0,,,,,,,,Not queried; sample limited to top 20 MMSI by gaps
710273597,MATHEUS MARQUES,MATHEUS MARQUES,BRA,c9808a0c2-26c4-3507-040f-0ff39860b802,3,1,2022-08-03 11:43:29+00:00,2022-09-26 07:50:10+00:00,0,0,0,0,0,,,,,,,,Not queried; sample limited to top 20 MMSI by gaps
710555031,MARIA,MARIA,BRA,8b0af122c-cca5-827c-258a-bf798bce7bc8,3,2,2023-05-25 20:09:30+00:00,2024-08-15 11:39:06+00:00,0,0,0,0,0,,,,,,,,Not queried; sample limited to top 20 MMSI by gaps
710632678,COSTA NEVES1 CN,COSTA NEVES1 CN,BRA,3e83e843b-b856-b1e6-116b-bd9a3b6adc0f,3,2,2018-09-08 23:01:33+00:00,2019-01-15 22:12:38+00:00,0,0,0,0,0,,,,,,,,Not queried; sample limited to top 20 MMSI by gaps
710817288,ALTO MAR IV,ALTO MAR IV,BRA,57c20e5df-f68a-127b-0bd1-602d2aec7184,3,2,2023-01-10 20:54:55+00:00,2024-04-17 17:35:43+00:00,0,0,0,0,0,,,,,,,,Not queried; sample limited to top 20 MMSI by gaps
710877298,KOPESCA I,KOPESCA I,BRA,13477461e-e6c5-b993-7963-b5c1765bb26e,3,2,2021-01-23 17:33:57+00:00,2024-01-11 00:27:01+00:00,0,0,0,0,0,,,,,,,,Not queried; sample limited to top 20 MMSI by gaps
718100573,BERNARDO XVII,BERNARDO XVII,UNKNOWN,de45a497c-cf1e-5a45-bae3-e7e2f611e925,3,2,2018-11-07 23:02:44+00:00,2019-02-28 12:11:52+00:00,0,0,0,0,0,,,,,,,,Not queried; sample limited to top 20 MMSI by gaps
740372000,NEW POLAR,NEW POLAR,FLK,3755cc607-7db3-ff9b-69f9-a1873c8166c5,3,1,2017-02-12 11:13:15+00:00,2017-07-23 11:35:08+00:00,0,0,0,0,0,,,,,,,,Not queried; sample limited to top 20 MMSI by gaps
770576050,MAXAL II,MAXAL II,URY,b0fc9f061-184e-3ab5-79e4-1cca3f1f88cf,3,2,2018-02-19 01:00:15+00:00,2019-11-08 18:10:17+00:00,0,0,0,4,1,2024,2024-02,2024-08,,,,,Not queried; sample limited to top 20 MMSI by gaps
770576064,ZAANDAM,ZAANDAM,URY,33cf26491-1bc6-148f-24c3-eca591a79cc2,3,1,2023-08-21 22:06:52+00:00,2023-09-13 01:37:41+00:00,3,2,3,71,8,2017 | 2018 | 2019 | 2020 | 2021 | 2022 | 2023 | 2024,2017-04,2024-12,,,,,Not queried; sample limited to top 20 MMSI by gaps
800032634,,,UNKNOWN,d93fbfce3-3fab-2115-2118-5335cf26ea3c,3,3,2018-03-26 04:02:43+00:00,2021-02-26 17:55:21+00:00,0,0,0,3,2,2017 | 2018,2017-04,2018-02,,,,,Not queried; sample limited to top 20 MMSI by gaps
900028873,ZHOUYU6,ZHOUYU6,UNKNOWN,cde7fd210-0962-3edc-f622-aa8038e537a5,3,2,2018-01-31 19:14:05+00:00,2019-01-18 02:12:11+00:00,0,0,0,7,3,2017 | 2018 | 2019,2017-05,2019-11,,,,,Not queried; sample limited to top 20 MMSI by gaps
9126883,ONWA26883,ONWA26883,UNKNOWN,6d199365f-fa3f-babc-7321-e9e7b4c4da22 | 708bd0d90-0a45-ef51-12e8-eba670188212,3,1,2022-08-15 16:23:44+00:00,2022-10-28 05:21:59+00:00,0,0,0,0,0,,,,,,,,Not queried; sample limited to top 20 MMSI by gaps
982091088,DCH WORKBOAT 106,DCH WORKBOAT 106,UNKNOWN,09d08a899-9856-7335-8ef3-5a29e23ed83a,3,1,2024-06-08 20:03:52+00:00,2024-06-19 20:44:01+00:00,0,0,0,0,0,,,,,,,,Not queried; sample limited to top 20 MMSI by gaps
991644421,VICTORIA_MAR,BORA BILL .    .[>-; | VICTORIA_MAR,UNKNOWN,0bbfec536-693f-1a0b-3a62-b6c097281834 | cdc848c69-98f0-d6a4-5b89-afda13af6b89,3,2,2022-10-24 02:30:08+00:00,2024-11-25 20:09:58+00:00,0,0,0,0,0,,,,,,,,Not queried; sample limited to top 20 MMSI by gaps
997108025,M. CELSO BOIA 8,M. CELSO BOIA 8,UNKNOWN,7f4a27ef9-94df-63b2-bca7-9c59dfa0067a,3,1,2025-07-08 23:54:06+00:00,2025-07-24 01:46:01+00:00,0,0,0,0,0,,,,,,,,Not queried; sample limited to top 20 MMSI by gaps
999763638,MANU II,MANU II,UNKNOWN,102a7fea3-3c29-a492-1dc9-d50516a4a7f2,3,2,2018-07-18 22:33:53+00:00,2019-01-27 12:20:46+00:00,0,0,0,0,0,,,,,,,,Not queried; sample limited to top 20 MMSI by gaps
200006178,LURONGYUANYU 818,LURONGYUANYU 818,UNKNOWN,e5ea99dc5-552a-2206-c7c7-f6cdc7fda199,2,1,2022-12-26 16:46:47+00:00,2022-12-31 21:30:08+00:00,0,0,0,0,0,,,,,,,,Not queried; sample limited to top 20 MMSI by gaps
200008115,SEA 5,SEA 5,UNKNOWN,1c20bc331-194d-75c7-01b2-eb81d18f06f9,2,1,2018-03-21 21:40:53+00:00,2018-03-31 21:37:20+00:00,0,0,0,0,0,,,,,,,,Not queried; sample limited to top 20 MMSI by gaps
200010821,SEA 7,SEA 7,UNKNOWN,bea7b3892-29ed-82db-5bce-dbbf45869f94,2,2,2018-01-16 02:22:40+00:00,2019-03-06 01:25:42+00:00,0,0,0,0,0,,,,,,,,Not queried; sample limited to top 20 MMSI by gaps
204212000,VERDEMILHO,VERDEMILHO,PRT,7277c1f7d-d326-17fe-4ffe-bca8ce79c2a6,2,2,2025-06-28 11:33:45+00:00,2026-03-18 23:26:13+00:00,0,0,0,2,2,2017 | 2018,2017-04,2018-09,,,,,Not queried; sample limited to top 20 MMSI by gaps
212333033,J,J | J816,CYP,2d9a8c8ef-f96e-001a-42c0-daa1469a9c5f | ade828f28-8ff9-902c-a347-c8177f135b16,2,1,2017-01-21 20:07:11+00:00,2017-01-29 22:59:41+00:00,0,0,0,0,0,,,,,,,,Not queried; sample limited to top 20 MMSI by gaps
224016000,CELTIC BAY,CELTIC BAY,ESP,6aa04ba2a-a60e-d882-349d-37de43c58a10,2,1,2022-09-08 14:40:57+00:00,2022-09-19 13:07:46+00:00,0,0,0,0,0,,,,,,,,Not queried; sample limited to top 20 MMSI by gaps
224160000,PLAYA DE RIL,PLAYA DE RIL,ESP,990c6e3e1-1f3d-66fd-a257-6279ab5fdd16,2,1,2021-07-04 14:10:25+00:00,2021-08-11 21:15:13+00:00,0,0,0,0,0,,,,,,,,Not queried; sample limited to top 20 MMSI by gaps
224468000,VILLA DE MARIN,VILLA DE MARIN,ESP,a343301d6-67f8-d5d1-466d-ebe18d0c0f65,2,2,2024-10-15 13:56:27+00:00,2026-04-16 13:11:04+00:00,0,0,0,0,0,,,,,,,,Not queried; sample limited to top 20 MMSI by gaps
412118811,CHANG SHUN 18,$111$ | CHANG SHUN 18,CHN,7952968c0-0bd8-4eac-2a1a-7e01de0cff31 | add8462d6-643f-f4af-66c4-bc7a44b9361b,2,1,2017-03-20 01:06:14+00:00,2017-04-18 09:01:22+00:00,0,0,0,0,0,,,,,,,,Not queried; sample limited to top 20 MMSI by gaps
412215218,,,CHN,cfe2df419-956b-3815-5ebc-85bf780e9c7f,2,1,2017-02-18 04:38:03+00:00,2017-02-22 02:57:26+00:00,0,0,0,0,0,,,,,,,,Not queried; sample limited to top 20 MMSI by gaps
412216883,LIAC YU 9,LIAC YU 9,CHN,93c9f42ad-d848-1d6a-2249-e2f30be3128c,2,1,2017-02-26 16:48:46+00:00,2017-02-27 20:04:30+00:00,0,0,0,0,0,,,,,,,,Not queried; sample limited to top 20 MMSI by gaps
412271470,ZHONGYUANYU17,ZHONGYUANYU17,CHN,24f63fb13-3617-dc63-b3d9-5b5e78f5cf90,2,2,2017-03-09 03:20:38+00:00,2018-12-25 01:05:00+00:00,0,0,0,8,5,2017 | 2018 | 2019 | 2021 | 2022,2017-05,2022-05,,,,,Not queried; sample limited to top 20 MMSI by gaps
412321041,LUPENGYUANYU 029,LUPENGYUANYU 029,CHN,09f0758ac-c5e6-3f30-669c-d54db1c347b4,2,1,2023-02-19 18:56:08+00:00,2023-03-14 15:42:22+00:00,0,0,0,0,0,,,,,,,,Not queried; sample limited to top 20 MMSI by gaps
412329441,LURONGYUANYU988,LURONGYUANYU988,CHN,b52d1cf58-83d9-29e2-80f2-89c9fb81cfc4,2,1,2020-04-26 07:54:07+00:00,2020-12-21 00:57:08+00:00,0,0,0,0,0,,,,,,,,Not queried; sample limited to top 20 MMSI by gaps
412329637,LURONGYUANYU     899,LURONGYUANYU     899,CHN,9a45f1d38-897e-3316-6296-b842ef1b7e10,2,1,2022-01-07 14:54:29+00:00,2022-01-24 20:09:35+00:00,0,0,0,0,0,,,,,,,,Not queried; sample limited to top 20 MMSI by gaps
412329642,LU WEI YUAN YU 858,LU WEI YUAN YU 858,CHN,8f1e5f404-431d-6e01-8f94-99ad036a01f7,2,2,2018-12-11 15:21:48+00:00,2023-03-26 01:06:26+00:00,0,0,0,13,8,2017 | 2018 | 2019 | 2020 | 2021 | 2023 | 2025 | 2026,2017-12,2026-04,,,,,Not queried; sample limited to top 20 MMSI by gaps
412329682,LUWENYUANYU177,LUWENYUANYU177,CHN,65ac30d30-08aa-7b4c-06d7-2da809d70435,2,1,2026-03-02 12:08:33+00:00,2026-03-06 00:28:32+00:00,0,0,0,0,0,,,,,,,,Not queried; sample limited to top 20 MMSI by gaps
412329683,LUWENYUANYU178,LUWENYUANYU178,CHN,883fea1d3-3408-4e8f-f100-692d44c204e2,2,1,2018-04-07 16:38:24+00:00,2018-04-14 19:17:22+00:00,0,0,0,1,1,2026,2026-05,2026-05,,,,,Not queried; sample limited to top 20 MMSI by gaps
412329793,LU QING YUAN YU 211,LU QING YUAN YU 211,CHN,5c2f97b7e-e990-e30c-9b5d-5f5764908363,2,2,2018-01-04 10:08:39+00:00,2019-06-27 04:44:29+00:00,0,0,0,0,0,,,,,,,,Not queried; sample limited to top 20 MMSI by gaps
412331008,LUYANYUANYU 011,LUYANYUANYU 011,CHN,4b31e6b18-8770-b060-3a40-485d80a4e499,2,1,2018-02-02 22:40:50+00:00,2018-04-20 13:58:10+00:00,0,1,1,3,3,2018 | 2021 | 2022,2018-04,2022-05,,,,,Not queried; sample limited to top 20 MMSI by gaps
412331026,LU RONG YUAN YU883,LU RONG YUAN YU883,CHN,b7134c5a3-3560-89ec-64e9-f8601b6ae8b9,2,1,2025-05-05 15:30:16+00:00,2025-06-26 11:42:19+00:00,0,0,0,1,1,2025,2025-05,2025-05,,,,,Not queried; sample limited to top 20 MMSI by gaps
412331081,JING YUAN 628,JING YUAN 628,CHN,49a24888b-b9d5-1381-e9f4-e478efeab2ce | f488743e9-94f8-d0ae-a104-d90131fdd34c,2,2,2017-03-03 14:39:31+00:00,2026-01-09 07:30:44+00:00,0,0,0,0,0,,,,,,,,Not queried; sample limited to top 20 MMSI by gaps
412331141,LU WEI YUAN YU 989,LU WEI YUAN YU 989,CHN,65263a974-4828-b0fe-1ebe-0abded1ad0ae,2,1,2018-04-20 16:29:35+00:00,2018-04-21 15:52:15+00:00,0,0,0,2,1,2018,2018-02,2018-04,,,,,Not queried; sample limited to top 20 MMSI by gaps
412331279,LURONGYUANYU195,LURONGYUANYU195,CHN,5587c4906-6153-2f12-d6dc-53337c34ce82,2,1,2021-01-06 10:43:03+00:00,2021-01-17 23:10:39+00:00,0,0,0,2,2,2021 | 2023,2021-01,2023-06,,,,,Not queried; sample limited to top 20 MMSI by gaps
412331281,628,628 | LURONGYUANYU197,CHN,9f7a7fead-d074-6dfd-efff-bff15c2827c7 | b261d39d0-087f-178a-05df-5688f49a33f2,2,2,2018-02-20 09:41:23+00:00,2023-02-09 05:00:03+00:00,0,0,0,3,2,2021 | 2023,2021-05,2023-06,,,,,Not queried; sample limited to top 20 MMSI by gaps
412331282,LURONGYUANYU277,LURONGYUANYU277,CHN,9202d5199-9542-fb3a-0335-5d0871fc8bad | dcdc7288d-d332-96bb-8d89-700120dc2085,2,2,2021-11-30 12:27:49+00:00,2023-04-23 00:40:10+00:00,0,0,0,1,1,2021,2021-11,2021-11,,,,,Not queried; sample limited to top 20 MMSI by gaps
412331286,LURONGYUANYU885,LU RONGYUANYU885 | LURONGYUANYU885,CHN,6bc1dec7f-fe28-a503-829a-17cf366fab6b | c151c32e3-326d-7f4c-c436-277ed7a7c498,2,2,2021-12-04 13:09:23+00:00,2022-12-28 15:00:34+00:00,0,0,0,5,3,2021 | 2022 | 2023,2021-11,2023-06,,,,,Not queried; sample limited to top 20 MMSI by gaps
412333109,LULANYUYANG79108,LULANYUYANG79108,CHN,52e388477-76ad-c854-7aeb-75a154640720,2,1,2019-02-23 18:17:09+00:00,2019-03-04 14:58:59+00:00,0,0,0,0,0,,,,,,,,Not queried; sample limited to top 20 MMSI by gaps
412333655,LU LAN YUAN YU 059,LU LAN YUAN YU 059,CHN,5d6f6c82e-e407-902c-eeff-745a815aefb2,2,2,2022-03-11 21:58:00+00:00,2023-03-10 17:57:28+00:00,0,0,0,11,8,2018 | 2020 | 2021 | 2022 | 2023 | 2024 | 2025 | 2026,2018-12,2026-05,,,,,Not queried; sample limited to top 20 MMSI by gaps
412334075,LURONGYANYU602,LURONGYANYU602 | LURONGYUANYU602,CHN,172e7a525-5339-0f4d-8ed1-a5adcf679165 | 2740a02a9-9311-60c7-bfe3-5031063948d4,2,2,2022-02-28 10:48:26+00:00,2023-01-26 19:42:42+00:00,0,0,0,7,3,2018 | 2019 | 2020,2018-04,2020-12,,,,,Not queried; sample limited to top 20 MMSI by gaps
412336962,LURONGYUANYU581,LU RONGYUANYU581 | LURONGYUANYU581,CHN,6ad2b838f-f354-4c1d-7ac6-0994a9d4d244 | faf8231f0-0514-a1a5-e1d2-b8292b02f857,2,2,2021-12-05 09:44:15+00:00,2023-02-08 08:08:34+00:00,0,0,0,3,2,2021 | 2023,2021-05,2023-06,,,,,Not queried; sample limited to top 20 MMSI by gaps
412336963,LURONGYUANYU582,LURONGYUANYU582,CHN,3bbedf94b-b37b-e2ca-e59a-a696b7d66ed0 | f6f97e5d9-9d9b-1ec1-1b3b-ba7e58e60499,2,2,2021-03-04 09:53:07+00:00,2023-02-08 22:39:13+00:00,0,0,0,4,3,2021 | 2022 | 2023,2021-12,2023-06,,,,,Not queried; sample limited to top 20 MMSI by gaps
412337347,LUQINGYUANYU279,LUQINGYUANYU279,CHN,d2e88eb6f-ffa5-a1e0-68c8-2ea58ef7cd99,2,1,2022-02-16 05:34:02+00:00,2022-04-23 21:02:50+00:00,0,0,0,2,2,2020 | 2022,2020-12,2022-06,,,,,Not queried; sample limited to top 20 MMSI by gaps
412339632,JING YUAN 616,JING YUAN 616,CHN,14f9bf214-4869-ec00-4a58-b23fea53dbf6 | 51e9079df-f10e-b491-d3ce-be879d67074b,2,1,2018-01-06 21:13:30+00:00,2018-01-08 01:10:42+00:00,0,0,0,0,0,,,,,,,,Not queried; sample limited to top 20 MMSI by gaps
412401220,MING WANG,MING WANG,CHN,af74dab04-48b2-f176-284e-818d95e3e90e,2,2,2018-02-26 11:29:01+00:00,2019-01-24 01:08:35+00:00,0,0,0,5,4,2017 | 2018 | 2019 | 2020,2017-01,2020-12,,,,,Not queried; sample limited to top 20 MMSI by gaps
412420,NINTA16,NINTA16,CHN,c20aec002-283b-567c-6e7d-4cc298d3fe7f,2,1,2018-04-04 01:36:34+00:00,2018-04-19 01:39:29+00:00,0,0,0,2,2,2017 | 2018,2017-12,2018-04,,,,,Not queried; sample limited to top 20 MMSI by gaps
412420822,HUA LI 17,HUA LI 17,CHN,2cf4bc01a-a44c-6353-4077-66ad85f2a874,2,1,2019-02-05 22:34:58+00:00,2019-02-14 17:46:16+00:00,0,0,0,10,6,2017 | 2018 | 2019 | 2021 | 2022 | 2023,2017-12,2023-01,,,,,Not queried; sample limited to top 20 MMSI by gaps
412420835,LURONGYUANYU     899,LURONGYUANYU     899,CHN,59f058669-9b7a-890d-fd73-59c3f7634c75,2,1,2020-03-05 15:08:15+00:00,2020-03-27 12:31:55+00:00,0,0,0,2,1,2017,2017-02,2017-03,,,,,Not queried; sample limited to top 20 MMSI by gaps
412420909,SHUNHANG8,SHUNHANG 8 | SHUNHANG8,CHN,67af5eefc-c4e5-aafc-0645-580d4ef4e425 | c506f3266-6977-9afa-3939-72f29bb69aa3,2,2,2018-02-10 17:29:46+00:00,2019-02-15 01:14:39+00:00,0,0,0,1,1,2017,2017-02,2017-02,,,,,Not queried; sample limited to top 20 MMSI by gaps
412421014,XIN JI LI 56,XIN JI LI 56 | XIN JI LI56,CHN,425394513-39c8-588d-2c24-45c4bfdfe032 | c4193caa9-93ac-8813-8c68-4df06c4e6f71,2,2,2018-03-21 21:44:51+00:00,2024-03-06 19:32:00+00:00,0,0,0,14,9,2017 | 2018 | 2019 | 2020 | 2021 | 2022 | 2023 | 2024 | 2025,2017-05,2025-04,,,,,Not queried; sample limited to top 20 MMSI by gaps
412421191,ZHOU PU  5,ZHOU PU  5,CHN,1cf856274-4d1e-9017-7c08-839a7881db02,2,2,2021-05-09 06:05:26+00:00,2022-01-22 14:31:19+00:00,0,0,0,9,6,2020 | 2021 | 2022 | 2023 | 2025 | 2026,2020-05,2026-05,,,,,Not queried; sample limited to top 20 MMSI by gaps
412422222,MJY22222-88%,MJY22222-75% | MJY22222-88%,CHN,64ab73a49-9e99-6d54-626c-f785372d95db | bba78983b-bbcc-a466-ab60-4cf9652c7044,2,1,2021-12-04 11:47:53+00:00,2021-12-09 01:37:53+00:00,0,0,0,0,0,,,,,,,,Not queried; sample limited to top 20 MMSI by gaps
412425000,CHENNAN,CHENNAN,CHN,3cf76c717-7f3f-f6a4-f38d-130b75280eff,2,1,2020-05-06 17:46:24+00:00,2020-05-10 01:41:21+00:00,0,0,0,0,0,,,,,,,,Not queried; sample limited to top 20 MMSI by gaps
412439576,LUWEIYUANYU909,LUWEIYUANYU909,CHN,8b700af88-8ffc-e2bd-2a20-7ff1a69f9049,2,2,2017-01-25 02:19:30+00:00,2018-03-24 18:45:49+00:00,0,0,0,3,2,2017 | 2018,2017-05,2018-04,,,,,Not queried; sample limited to top 20 MMSI by gaps
412440152,FU YUAN YU 876,FU YUAN YU 876,CHN,372a8952a-a1f3-6763-e2f3-0a309d283493,2,1,2018-03-15 04:22:16+00:00,2018-03-21 23:02:49+00:00,0,0,0,2,2,2017 | 2019,2017-04,2019-04,,,,,Not queried; sample limited to top 20 MMSI by gaps
412440604,7884,7884,CHN,0ca20253c-c12e-35a9-6d71-90bdea0b3d12,2,1,2022-05-08 20:48:20+00:00,2022-05-11 14:31:56+00:00,0,0,0,3,1,2021,2021-03,2021-12,,,,,Not queried; sample limited to top 20 MMSI by gaps
412440659,FU Y AN YU 7870,FU Y AN YU 7870,CHN,e24afb6aa-ad97-4aed-f357-8695e6b3caec,2,1,2019-02-21 18:22:23+00:00,2019-02-28 22:09:48+00:00,0,0,0,4,2,2019 | 2021,2019-03,2021-12,,,,,Not queried; sample limited to top 20 MMSI by gaps
412440666,FU YUAN YU 7876,FU YUAN YU 7876,CHN,b54ccccac-cb39-ef72-ed71-c55beb590488,2,1,2022-02-12 06:45:02+00:00,2022-02-23 14:07:23+00:00,0,0,0,4,3,2021 | 2022 | 2025,2021-12,2025-05,,,,,Not queried; sample limited to top 20 MMSI by gaps
412440667,FU YUAN YU 7877,FU YUAN YU 7877,CHN,27d626dd3-32fe-9b76-9da6-84946a00cad8,2,1,2022-02-20 22:28:56+00:00,2022-02-26 19:13:44+00:00,0,0,0,4,3,2021 | 2022 | 2025,2021-12,2025-05,,,,,Not queried; sample limited to top 20 MMSI by gaps
412440671,FU YUAN YU7892,FU YUAN YU7892,CHN,ea15dd1e0-0a81-7e24-55e6-68e1c6ee2414,2,1,2021-12-16 21:47:30+00:00,2021-12-19 17:45:59+00:00,0,0,0,2,2,2021 | 2022,2021-12,2022-06,,,,,Not queried; sample limited to top 20 MMSI by gaps
412440692,FU YUAN YU 7889,FU YUAN YU 7889,CHN,6b2dac49a-a277-dbca-e09e-0958622cb46c,2,1,2019-02-21 17:59:03+00:00,2019-02-27 15:30:45+00:00,0,0,0,7,5,2019 | 2021 | 2023 | 2024 | 2025,2019-04,2025-05,,,,,Not queried; sample limited to top 20 MMSI by gaps
412440777,FU YUAN YU 7628,FU YUAN YU 7628,CHN,ea3179809-9abe-8598-58a7-ed32eca7cddc,2,1,2024-03-19 22:45:37+00:00,2024-04-05 06:41:05+00:00,0,0,0,7,5,2020 | 2021 | 2023 | 2024 | 2026,2020-12,2026-05,,,,,Not queried; sample limited to top 20 MMSI by gaps
412549001,HONGPU37,HONGPU37,CHN,4c22c7866-686f-efe7-24b5-796f2c6329e2,2,2,2023-04-30 14:22:56+00:00,2024-03-10 21:38:13+00:00,0,0,0,12,7,2020 | 2021 | 2022 | 2023 | 2024 | 2025 | 2026,2020-05,2026-04,,,,,Not queried; sample limited to top 20 MMSI by gaps
412549049,MING ZE 86,MING ZE 86,CHN,e6645e863-33bc-0c59-58c4-0a7d435e0ddc,2,1,2026-03-03 10:31:46+00:00,2026-03-15 10:34:49+00:00,0,0,0,10,5,2021 | 2022 | 2023 | 2025 | 2026,2021-01,2026-04,,,,,Not queried; sample limited to top 20 MMSI by gaps
412549066,LU QING YUAN YU 280,LU QING YUAN YU 280,CHN,29c827408-80dc-3173-bda9-b94df2cdac6a,2,1,2020-01-27 00:51:26+00:00,2020-02-12 21:12:12+00:00,2,2,2,8,2,2019 | 2020,2019-11,2020-06,,,,,Not queried; sample limited to top 20 MMSI by gaps
412549116,HANYI27,HANYI27,CHN,a0c8e107e-e572-c45b-eb7b-8766e27492a0,2,2,2021-04-15 12:39:54+00:00,2023-04-12 13:03:07+00:00,0,0,0,12,7,2020 | 2021 | 2022 | 2023 | 2024 | 2025 | 2026,2020-05,2026-05,,,,,Not queried; sample limited to top 20 MMSI by gaps
412549275,LU RONG YUAN YU 831,LU RONG YUAN YU 831,CHN,a96352690-09dc-87be-d808-7cceb8a88925,2,1,2026-01-10 10:51:57+00:00,2026-01-13 05:22:08+00:00,0,0,0,13,6,2020 | 2021 | 2022 | 2024 | 2025 | 2026,2020-12,2026-05,,,,,Not queried; sample limited to top 20 MMSI by gaps
412549438,LURONGYUANYU678,LURONGYUANYU678,CHN,92b7998ec-c680-d1e8-e99a-17de4c3514e9,2,2,2023-02-28 15:07:07+00:00,2026-04-13 12:24:28+00:00,0,0,0,6,4,2023 | 2024 | 2025 | 2026,2023-04,2026-05,,,,,Not queried; sample limited to top 20 MMSI by gaps
412549581,HUA HENG 878,HUA HENG 878,CHN,8a15fb1f9-9ffe-611f-0d26-69e3bc21ce69,2,1,2025-05-27 21:25:47+00:00,2025-06-05 07:39:59+00:00,0,0,0,1,1,2025,2025-11,2025-11,,,,,Not queried; sample limited to top 20 MMSI by gaps
412649354,XINGSHUN8,XING SHUN 8 | XINGSHUN8,CHN,405851707-729a-56af-d6fb-3f99cd74529b | 41d5170fa-a397-e3d7-5e09-4715785e9dfb,2,1,2025-01-23 04:55:20+00:00,2025-05-30 16:18:16+00:00,0,0,0,0,0,,,,,,,,Not queried; sample limited to top 20 MMSI by gaps
412690730,ZHOU YU ER HAO,ZHOU YU ER HAO,CHN,bdb7e9120-03a5-e22c-4002-8d5c47d8e561,2,1,2018-03-31 23:10:30+00:00,2018-04-07 17:47:00+00:00,0,0,0,5,4,2017 | 2018 | 2021 | 2022,2017-01,2022-05,,,,,Not queried; sample limited to top 20 MMSI by gaps
412699210,MING HUA,MING HUA,CHN,41c7bb78f-fcfb-990b-171a-25d06a3343e3,2,1,2018-03-12 20:16:31+00:00,2018-03-19 20:00:53+00:00,0,0,0,1,1,2017,2017-02,2017-02,,,,,Not queried; sample limited to top 20 MMSI by gaps
416000035,JIH DA YNG,JIH DA YNG,TWN,05211fdea-abc7-cdd8-e405-5a374404ec2a,2,1,2021-05-12 20:11:20+00:00,2021-05-19 19:29:18+00:00,0,0,0,0,0,,,,,,,,Not queried; sample limited to top 20 MMSI by gaps
416005571,HSIANG FA NO.8,HSIANG FA NO.8,TWN,ba40a22f5-59d7-7606-75bf-4fac8c45d1d1,2,1,2024-02-25 14:54:28+00:00,2024-05-10 10:15:12+00:00,0,0,0,0,0,,,,,,,,Not queried; sample limited to top 20 MMSI by gaps
416006494,FA DA CAI,FA DA CAI,TWN,8c53e8598-8b9d-67e5-6cae-9f54b7731a31,2,1,2022-05-12 12:07:04+00:00,2022-05-22 03:35:02+00:00,0,0,0,0,0,,,,,,,,Not queried; sample limited to top 20 MMSI by gaps
416009259,YUN MAO NO.128,YUN MAO NO.128,TWN,6fe1a2b5c-c1f4-8f1b-aad2-1027a1b9c7de,2,2,2024-09-05 11:20:51+00:00,2025-09-15 21:17:40+00:00,0,0,0,0,0,,,,,,,,Not queried; sample limited to top 20 MMSI by gaps
416018900,JIH FA NO.3       #5,JIH FA NO.3       #5,TWN,c2e23dc70-02cf-044a-9337-951b81eedccf,2,1,2017-02-26 07:08:39+00:00,2017-03-09 03:22:01+00:00,0,0,0,1,1,2017,2017-02,2017-02,,,,,Not queried; sample limited to top 20 MMSI by gaps
416174500,JIH DA GAN,JIH DA GAN,TWN,e1529eec9-9b22-0c22-72ba-5e01c305635e,2,2,2017-03-05 17:13:53+00:00,2020-04-10 23:50:16+00:00,0,0,0,0,0,,,,,,,,Not queried; sample limited to top 20 MMSI by gaps
416244800,PEI YUH NO18,PEI YUH NO18,TWN,180d7f444-4023-9fe3-4a03-29b8633348a4,2,2,2017-02-21 21:57:06+00:00,2018-03-02 10:12:48+00:00,0,0,0,0,0,,,,,,,,Not queried; sample limited to top 20 MMSI by gaps
416251600,SHUENN MAN NO100,SHUENN MAN NO100,TWN,806e7127e-e74b-0b8a-941a-a5c72c079ad9,2,2,2025-03-26 04:56:14+00:00,2026-01-01 21:40:46+00:00,0,0,0,0,0,,,,,,,,Not queried; sample limited to top 20 MMSI by gaps
416251909,SHIN TORNG SHING,SHIN TORNG SHING,TWN,250ab1c2f-f45e-b92c-578a-00e699ec4362 | 3336f878a-a10a-e499-d1ee-1466c65ae183,2,1,2024-02-23 22:46:31+00:00,2024-04-09 16:05:25+00:00,0,0,0,0,0,,,,,,,,Not queried; sample limited to top 20 MMSI by gaps
416252600,HSIANG HO NO.8,HSIANG HO NO.8,TWN,43a62e804-41a5-1dcc-f71b-f884ff7fe427 | c5da29365-5da7-83bd-162a-7a3151409693,2,2,2018-03-10 15:12:18+00:00,2022-05-03 08:19:05+00:00,0,0,0,0,0,,,,,,,,Not queried; sample limited to top 20 MMSI by gaps
416351000,JIH DA YNG,JIH DA YNG,TWN,96f30a08d-d172-4456-859d-0948c7a9fe6d,2,1,2019-02-12 21:52:27+00:00,2019-04-16 10:22:09+00:00,0,0,0,0,0,,,,,,,,Not queried; sample limited to top 20 MMSI by gaps
416416416,SI-30A,SI-30A,TWN,60d5996a1-173b-c1bd-dcce-4a8007883e2d,2,1,2018-01-26 03:14:28+00:00,2018-02-05 04:03:45+00:00,0,0,0,0,0,,,,,,,,Not queried; sample limited to top 20 MMSI by gaps
416527000,WIN FU LAI,WIN FU LAI,TWN,c42330ffe-e7f0-fb66-57be-3ab9b2988df5,2,1,2017-03-09 03:22:02+00:00,2017-03-11 15:38:07+00:00,0,0,0,0,0,,,,,,,,Not queried; sample limited to top 20 MMSI by gaps
416701000,JUI YING,JUI YING,TWN,7a61978de-e9e9-2661-590f-d2a1a64ff110 | abfa75bf0-0e72-15e4-6a16-5b263bf111b4,2,1,2017-02-04 02:26:35+00:00,2017-02-18 05:31:32+00:00,0,0,0,0,0,,,,,,,,Not queried; sample limited to top 20 MMSI by gaps
441142000,103BADA,103BADA,KOR,f926b6662-2d47-7b49-d9fc-85fef97b501f,2,2,2020-05-17 11:36:38+00:00,2024-05-22 21:48:00+00:00,0,0,0,10,4,2017 | 2018 | 2022 | 2023,2017-01,2023-05,,,,,Not queried; sample limited to top 20 MMSI by gaps
441351000,AGNES 110,AGNES 110,KOR,b1f19550e-ee9d-dfba-1512-01a8ee2beffd,2,2,2022-03-15 08:48:00+00:00,2023-03-21 10:15:01+00:00,0,0,0,1,1,2023,2023-12,2023-12,,,,,Not queried; sample limited to top 20 MMSI by gaps
441404000,AGNES 108,AGNES 108,KOR,6381c2b79-9340-4ae9-0a36-a38ff697d639 | a6e2d3783-3c2c-7010-107b-b562cb02630d,2,2,2021-02-23 21:41:33+00:00,2025-01-26 14:06:32+00:00,0,0,0,1,1,2020,2020-02,2020-02,,,,,Not queried; sample limited to top 20 MMSI by gaps
585856888,LU RONG YUAN YU  882,COSTA RICA   881 | LU RONG YUAN YU  882,UNKNOWN,3116ab3fa-a742-2125-57ba-77ff9f15b511 | 5f57220b4-4b69-8857-83ed-8d0315fa94da,2,1,2018-01-15 02:45:58+00:00,2018-02-21 13:48:56+00:00,0,0,0,2,1,2018,2018-03,2018-04,,,,,Not queried; sample limited to top 20 MMSI by gaps
659096000,HELENA NDUME,HELENA NDUME,NAM,8f371146e-eb30-34be-4e5f-5a034b169bf0,2,1,2025-03-28 23:12:02+00:00,2025-04-05 16:30:50+00:00,0,0,0,3,3,2024 | 2025 | 2026,2024-02,2026-02,,,,,Not queried; sample limited to top 20 MMSI by gaps
665111119,ARGOS FROYANES,ARGOS FROYANES,SHN,e5bd9a75d-d277-d0d0-0ee6-ff825610e2e4,2,2,2017-11-11 11:12:23+00:00,2020-11-12 23:00:07+00:00,0,0,0,14,5,2017 | 2018 | 2019 | 2020 | 2021,2017-03,2021-09,,,,,Not queried; sample limited to top 20 MMSI by gaps
665111132,ARGOS HELENA,ARGOS HELENA,SHN,84d6e84b4-423a-4e70-d349-b7eab2141292,2,2,2021-11-08 20:49:02+00:00,2023-09-24 22:30:01+00:00,0,0,0,3,2,2022 | 2025,2022-01,2025-09,,,,,Not queried; sample limited to top 20 MMSI by gaps
701000507,LEAL,LEAL,ARG,ff9a9a6f0-00f4-d588-2ed7-9f832eb064d5,2,2,2019-04-06 09:08:21+00:00,2021-10-08 16:25:00+00:00,2,2,2,86,8,2019 | 2020 | 2021 | 2022 | 2023 | 2024 | 2025 | 2026,2019-01,2026-08,,,,,Not queried; sample limited to top 20 MMSI by gaps
701000517,ARBUMASA XXVII,ARBUMASA XXVII,ARG,7e9e4e386-6736-c673-6f2f-6a8c4da90da8,2,2,2017-03-25 03:41:37+00:00,2024-01-27 09:09:34+00:00,2,2,2,79,10,2017 | 2018 | 2019 | 2020 | 2021 | 2022 | 2023 | 2024 | 2025 | 2026,2017-01,2026-04,,,,,Not queried; sample limited to top 20 MMSI by gaps
701000531,MARCALA 1,MARCALA 1,ARG,a00dc4db3-3059-ac54-8461-b007045397d3,2,2,2017-05-29 20:27:23+00:00,2019-05-26 08:59:39+00:00,2,2,2,89,10,2017 | 2018 | 2019 | 2020 | 2021 | 2022 | 2023 | 2024 | 2025 | 2026,2017-04,2026-08,,,,,Not queried; sample limited to top 20 MMSI by gaps
701000558,MAGDALENA,MAGDALENA,ARG,a8d6a8691-1b7d-b536-a0be-16d398a22771 | c7d347f76-6450-40d8-4eae-6d8c3baa4236,2,2,2017-08-07 09:36:07+00:00,2022-07-02 20:01:02+00:00,2,2,2,103,10,2017 | 2018 | 2019 | 2020 | 2021 | 2022 | 2023 | 2024 | 2025 | 2026,2017-01,2026-08,,,,,Not queried; sample limited to top 20 MMSI by gaps
701000571,GOLFO SAN MATIAS,GOLFO SAN MATIAS,ARG,13cb0b680-0a2a-b994-6058-80179f008451 | d0ebf271c-caf3-4e4e-7a41-2079c159af59,2,2,2017-08-28 15:17:24+00:00,2024-09-14 22:38:12+00:00,2,2,2,83,9,2017 | 2018 | 2020 | 2021 | 2022 | 2023 | 2024 | 2025 | 2026,2017-04,2026-08,,,,,Not queried; sample limited to top 20 MMSI by gaps
701000622,PETREL,PETREL,ARG,183430f40-078b-76e2-2563-dd62908bcc6f,2,1,2024-08-02 08:36:37+00:00,2024-08-03 19:43:18+00:00,2,2,2,98,10,2017 | 2018 | 2019 | 2020 | 2021 | 2022 | 2023 | 2024 | 2025 | 2026,2017-07,2026-08,,,,,Not queried; sample limited to top 20 MMSI by gaps
701000651,ARBUMASA I,ARBUMASA I,ARG,b3234052d-d26b-4c0f-2556-0dd5884577db,2,1,2017-09-15 20:04:49+00:00,2017-09-21 13:22:13+00:00,2,2,2,72,10,2017 | 2018 | 2019 | 2020 | 2021 | 2022 | 2023 | 2024 | 2025 | 2026,2017-04,2026-08,,,,,Not queried; sample limited to top 20 MMSI by gaps
701000666,CONARPESA.1,CONARPESA.1,ARG,e5f888935-51ea-e9ac-807d-c5754a2c08e1,2,2,2022-06-10 21:34:39+00:00,2023-08-19 21:48:33+00:00,2,2,2,92,10,2017 | 2018 | 2019 | 2020 | 2021 | 2022 | 2023 | 2024 | 2025 | 2026,2017-03,2026-08,,,,,Not queried; sample limited to top 20 MMSI by gaps
701000675,ORION 3,ORION 3,ARG,27f42b423-32b7-29a1-e850-e5b6b3fba7ac | be91a8193-3ff6-b98e-c95c-cb501036824b,2,2,2017-03-09 03:19:00+00:00,2025-05-15 08:58:43+00:00,2,2,2,106,10,2017 | 2018 | 2019 | 2020 | 2021 | 2022 | 2023 | 2024 | 2025 | 2026,2017-01,2026-04,,,,,Not queried; sample limited to top 20 MMSI by gaps
701000680,XIN SHI JI N99,XIN SHI JI N99,ARG,7441810fd-d3b8-538b-054c-c289bfc789b4,2,2,2017-03-12 22:50:52+00:00,2020-05-19 07:17:39+00:00,2,2,2,82,7,2017 | 2018 | 2019 | 2020 | 2021 | 2022 | 2023,2017-01,2023-10,,,,,Not queried; sample limited to top 20 MMSI by gaps
701000687,ARGENOVA VI,ARGENOVA VI,ARG,b5f93d7c5-5865-d5a3-60f8-bf7df6296de0,2,1,2026-06-21 11:17:30+00:00,2026-06-25 06:05:08+00:00,2,2,2,97,10,2017 | 2018 | 2019 | 2020 | 2021 | 2022 | 2023 | 2024 | 2025 | 2026,2017-04,2026-08,,,,,Not queried; sample limited to top 20 MMSI by gaps
701000691,PUENTE VALDES,PUENTE VALDES,ARG,7a8894c62-2ee8-b961-03de-12f332c5d982,2,1,2017-03-09 03:22:22+00:00,2017-03-12 16:04:20+00:00,2,2,2,101,10,2017 | 2018 | 2019 | 2020 | 2021 | 2022 | 2023 | 2024 | 2025 | 2026,2017-01,2026-08,,,,,Not queried; sample limited to top 20 MMSI by gaps
701000731,SAN CAYETANO I,SAN CAYETANO I,ARG,4f5ebd813-3175-a73c-f811-9411c23decf6 | 8681ea8e2-2156-5fa5-ae5b-51b885c80c56,2,2,2017-08-23 16:59:40+00:00,2022-04-04 08:57:53+00:00,2,2,2,80,10,2017 | 2018 | 2019 | 2020 | 2021 | 2022 | 2023 | 2024 | 2025 | 2026,2017-02,2026-04,,,,,Not queried; sample limited to top 20 MMSI by gaps
701000772,PUENTE CHICO,PUENTE CHICO,ARG,027c7f359-90b4-4a5b-93f0-e31eb692a0cc,2,2,2019-08-31 20:39:10+00:00,2020-05-04 01:49:36+00:00,2,2,2,98,10,2017 | 2018 | 2019 | 2020 | 2021 | 2022 | 2023 | 2024 | 2025 | 2026,2017-04,2026-08,,,,,Not queried; sample limited to top 20 MMSI by gaps
701000819,PAOLA S,PAOLA S,ARG,334a5ad9f-f5a0-b725-1976-624a830dcb76,2,1,2017-03-25 05:58:40+00:00,2017-03-29 01:16:53+00:00,2,2,2,111,10,2017 | 2018 | 2019 | 2020 | 2021 | 2022 | 2023 | 2024 | 2025 | 2026,2017-01,2026-08,,,,,Not queried; sample limited to top 20 MMSI by gaps
701000834,"""ANDRES JORGE""","""ANDRES JORGE""",ARG,ddfa3e55a-a642-cad7-5a4a-01d8f8862daf,2,2,2024-10-27 20:16:11+00:00,2026-06-13 10:55:53+00:00,2,2,2,99,10,2017 | 2018 | 2019 | 2020 | 2021 | 2022 | 2023 | 2024 | 2025 | 2026,2017-02,2026-08,,,,,Not queried; sample limited to top 20 MMSI by gaps
701000850,FEIXA,FEIXA,ARG,7b0a0e362-2f0e-3888-20bb-ecedc7ea684e,2,2,2020-09-28 23:47:01+00:00,2026-07-26 19:15:19+00:00,2,2,2,82,9,2018 | 2019 | 2020 | 2021 | 2022 | 2023 | 2024 | 2025 | 2026,2018-01,2026-08,,,,,Not queried; sample limited to top 20 MMSI by gaps
701000852,ARBUMASA XXVI,ARBUMASA XXVI,ARG,2013ff1b8-8152-6d8d-38c0-e0fb4e74e7da | 94582fbf5-566c-b2df-1305-41461949f423,2,1,2025-04-05 07:21:15+00:00,2025-04-07 19:53:10+00:00,2,2,2,81,10,2017 | 2018 | 2019 | 2020 | 2021 | 2022 | 2023 | 2024 | 2025 | 2026,2017-01,2026-04,,,,,Not queried; sample limited to top 20 MMSI by gaps
701000857,ORION 2,ORION 2,ARG,6b6c3f925-5d5d-f3f9-ae60-7f105bac0246,2,1,2017-03-09 03:21:27+00:00,2017-03-12 22:48:15+00:00,2,2,2,46,5,2017 | 2019 | 2020 | 2021 | 2022,2017-01,2022-07,,,,,Not queried; sample limited to top 20 MMSI by gaps
701000899,ANITA ALVAREZ,ANITA ALVAREZ,ARG,8049f1805-5ddf-e177-111d-24d17f05acd6,2,2,2021-05-19 02:16:26+00:00,2023-08-05 03:58:35+00:00,2,2,2,61,10,2017 | 2018 | 2019 | 2020 | 2021 | 2022 | 2023 | 2024 | 2025 | 2026,2017-01,2026-08,,,,,Not queried; sample limited to top 20 MMSI by gaps
701000907,CORAL BLANCO,CORAL BLANCO,ARG,b1b3fbac5-50c3-918d-1b73-593f996ba0fd,2,1,2017-03-09 03:22:24+00:00,2017-03-12 16:08:44+00:00,2,2,2,14,2,2017 | 2018,2017-01,2018-05,,,,,Not queried; sample limited to top 20 MMSI by gaps
701000929,BEAGLE I,BEAGLE I,ARG,4f5d89807-7aff-87e2-3456-f17c727f83de,2,2,2018-05-27 19:53:31+00:00,2025-07-17 16:56:48+00:00,2,2,2,46,8,2017 | 2018 | 2019 | 2020 | 2021 | 2024 | 2025 | 2026,2017-03,2026-08,,,,,Not queried; sample limited to top 20 MMSI by gaps
701000958,DON ANTONIO,DON ANTONIO,ARG,a5dd34703-3289-c04d-48e8-91ea94550717 | e1a450d9c-cc98-2a60-9b8d-9f9a178679bd,2,1,2018-08-23 20:05:46+00:00,2018-11-04 10:24:36+00:00,2,2,2,61,10,2017 | 2018 | 2019 | 2020 | 2021 | 2022 | 2023 | 2024 | 2025 | 2026,2017-08,2026-08,,,,,Not queried; sample limited to top 20 MMSI by gaps
701000959,606 TAE BAEK,606 TAE BAEK,ARG,27bfef90a-a752-cdb0-023d-6c8f1dbf2bf7,2,2,2017-03-09 03:22:10+00:00,2025-12-31 05:11:26+00:00,2,2,2,67,10,2017 | 2018 | 2019 | 2020 | 2021 | 2022 | 2023 | 2024 | 2025 | 2026,2017-01,2026-04,,,,,Not queried; sample limited to top 20 MMSI by gaps
701006007,ARAUCANIA,ARAUCANIA | B/P ARAUCANIA,ARG,5be95e701-1470-19ce-a03a-c86b83408cc1 | e11b169cf-fa1e-e98b-3e1b-b43a258ed66f,2,2,2017-05-29 23:49:00+00:00,2019-01-16 03:22:56+00:00,2,2,2,99,10,2017 | 2018 | 2019 | 2020 | 2021 | 2022 | 2023 | 2024 | 2025 | 2026,2017-02,2026-08,,,,,Not queried; sample limited to top 20 MMSI by gaps
701006034,ARBUMASA XVIII,ARBUMASA XVIII,ARG,5059a3e40-0e1c-5232-4cdb-016e9ca7c4c9 | f22b3baab-b365-a8d0-dc27-a2a9fd863860,2,2,2017-09-16 01:22:39+00:00,2026-07-24 19:53:24+00:00,2,2,2,78,10,2017 | 2018 | 2019 | 2020 | 2021 | 2022 | 2023 | 2024 | 2025 | 2026,2017-04,2026-08,,,,,Not queried; sample limited to top 20 MMSI by gaps
701006059,JUAN ALVAREZ,JUAN ALVAREZ,ARG,45817e754-46d9-142a-6ea8-c773a002b2e8,2,2,2024-09-12 20:12:00+00:00,2026-08-30 23:18:09+00:00,2,2,2,76,10,2017 | 2018 | 2019 | 2020 | 2021 | 2022 | 2023 | 2024 | 2025 | 2026,2017-01,2026-08,,,,,Not queried; sample limited to top 20 MMSI by gaps
701006066,MARGOT,MARGOT,ARG,8df497530-0352-030e-7bba-d2015eef7ef5,2,2,2017-10-03 17:09:07+00:00,2022-07-02 04:46:16+00:00,2,2,2,29,9,2017 | 2018 | 2019 | 2021 | 2022 | 2023 | 2024 | 2025 | 2026,2017-09,2026-08,,,,,Not queried; sample limited to top 20 MMSI by gaps
701006082,MALVINAS ARGENTINAS,MALVINAS ARGENTINAS,ARG,840eb38db-b0da-b639-b4e4-13e8d4d3cdaf,2,2,2018-03-02 14:03:01+00:00,2019-07-07 13:49:11+00:00,2,2,2,16,3,2018 | 2019 | 2020,2018-02,2020-10,,,,,Not queried; sample limited to top 20 MMSI by gaps
701006132,VIEIRASA 18,VIEIRASA 18,ARG,67fc07cc6-6e9c-0bc3-0b92-f0e6bca44615,2,2,2020-06-07 21:50:14+00:00,2024-01-09 10:26:05+00:00,2,2,2,74,10,2017 | 2018 | 2019 | 2020 | 2021 | 2022 | 2023 | 2024 | 2025 | 2026,2017-01,2026-04,,,,,Not queried; sample limited to top 20 MMSI by gaps
701006143,SOHO MARU 58,SOHO MARU 58,ARG,137788f40-0b0a-86be-6d0f-dc10d5ae38f3,2,1,2017-03-09 03:18:30+00:00,2017-03-12 22:47:48+00:00,2,2,2,104,10,2017 | 2018 | 2019 | 2020 | 2021 | 2022 | 2023 | 2024 | 2025 | 2026,2017-01,2026-08,,,,,Not queried; sample limited to top 20 MMSI by gaps
701006148,!! NANINA !!,!! NANINA !!,ARG,3539847df-f268-6667-f1bd-12c068c84b6e,2,1,2024-02-10 23:18:18+00:00,2024-04-19 10:14:00+00:00,2,2,2,5,2,2020 | 2024,2020-05,2024-05,,,,,Not queried; sample limited to top 20 MMSI by gaps
701006341,MARIA GLORIA,MARIA GLORIA,ARG,22ff4df68-8b03-446a-ad0e-c2fd833069a8,2,2,2019-05-20 00:00:08+00:00,2026-01-17 00:39:41+00:00,2,2,2,116,10,2017 | 2018 | 2019 | 2020 | 2021 | 2022 | 2023 | 2024 | 2025 | 2026,2017-01,2026-08,,,,,Not queried; sample limited to top 20 MMSI by gaps
701006405,PIONEROS,PIONEROS,ARG,3db3e4920-030b-9104-323e-a86be72558fa,2,2,2017-05-11 13:41:37+00:00,2026-08-29 09:11:11+00:00,2,2,2,48,6,2017 | 2018 | 2019 | 2024 | 2025 | 2026,2017-01,2026-08,,,,,Not queried; sample limited to top 20 MMSI by gaps
701006568,XIN SHI JI 89,XIN SHI JI 89,ARG,a24bfed99-9421-da1e-5e3e-6d175cc9fcaf,2,2,2021-04-29 05:07:00+00:00,2024-03-15 04:46:22+00:00,2,0,2,67,10,2017 | 2018 | 2019 | 2020 | 2021 | 2022 | 2023 | 2024 | 2025 | 2026,2017-01,2026-04,,,,,Not queried; sample limited to top 20 MMSI by gaps
701006609,XIN SHI JI 91,XIN SHI JI 91,ARG,8de87862f-f235-cd48-d0f1-c099633be6c3,2,1,2017-03-09 03:22:14+00:00,2017-03-12 22:50:56+00:00,2,2,2,86,10,2017 | 2018 | 2019 | 2020 | 2021 | 2022 | 2023 | 2024 | 2025 | 2026,2017-01,2026-07,,,,,Not queried; sample limited to top 20 MMSI by gaps
701006731,HUYU 906,HUYU 906,ARG,eb6ef270d-deee-15b6-63bc-ed326825b3ff,2,2,2017-03-12 14:32:43+00:00,2024-05-31 22:22:56+00:00,2,2,2,66,10,2017 | 2018 | 2019 | 2020 | 2021 | 2022 | 2023 | 2024 | 2025 | 2026,2017-02,2026-08,,,,,Not queried; sample limited to top 20 MMSI by gaps
701006733,HUYU 907,HUYU 907,ARG,ceac58889-9a03-ed90-ee3b-4ae402174e78,2,2,2021-03-27 04:03:58+00:00,2023-06-09 11:16:21+00:00,2,2,2,68,10,2017 | 2018 | 2019 | 2020 | 2021 | 2022 | 2023 | 2024 | 2025 | 2026,2017-01,2026-04,,,,,Not queried; sample limited to top 20 MMSI by gaps
701007002,DON GIULIANO,DON GIULIANO,ARG,23bd98436-614a-77fa-9007-2972cd45dbf5 | e40aae088-8f43-2c29-8ab0-9e66144ed984,2,2,2021-07-14 23:53:29+00:00,2022-04-20 04:21:26+00:00,2,2,2,70,10,2017 | 2018 | 2019 | 2020 | 2021 | 2022 | 2023 | 2024 | 2025 | 2026,2017-09,2026-07,,,,,Not queried; sample limited to top 20 MMSI by gaps
701007022,MAR DE ORO,MAR DE ORO,ARG,131409050-02d0-2dac-5e81-0eb5953a1ec9 | 1fe0f5386-6bee-1ca9-46c9-1d178817567a,2,2,2018-10-05 12:03:04+00:00,2021-07-29 13:01:55+00:00,2,2,2,45,10,2017 | 2018 | 2019 | 2020 | 2021 | 2022 | 2023 | 2024 | 2025 | 2026,2017-06,2026-08,,,,,Not queried; sample limited to top 20 MMSI by gaps
701007027,BUENA PESCA,BUENA PESCA,ARG,a4479fd49-9627-a670-6fb2-77a143394f5c,2,2,2023-08-08 16:55:01+00:00,2024-07-10 19:56:08+00:00,2,2,2,91,10,2017 | 2018 | 2019 | 2020 | 2021 | 2022 | 2023 | 2024 | 2025 | 2026,2017-03,2026-08,,,,,Not queried; sample limited to top 20 MMSI by gaps
701007029,PENSACOLA 1,PENSACOLA 1,ARG,68f55b1e8-80b5-0c4c-e337-b38af1ce77f5,2,2,2023-11-24 15:23:03+00:00,2026-08-05 01:55:41+00:00,2,2,2,81,9,2017 | 2018 | 2019 | 2020 | 2022 | 2023 | 2024 | 2025 | 2026,2017-01,2026-08,,,,,Not queried; sample limited to top 20 MMSI by gaps
701007036,MARIA RITA,MARIA RITA,ARG,3097dbfe5-5241-cbcc-1430-508d54d6b4ad | 42cc61cd1-1619-003c-148d-a4a4da045d08,2,2,2018-10-22 14:35:18+00:00,2024-09-21 03:52:54+00:00,2,2,2,104,10,2017 | 2018 | 2019 | 2020 | 2021 | 2022 | 2023 | 2024 | 2025 | 2026,2017-01,2026-08,,,,,Not queried; sample limited to top 20 MMSI by gaps
701007044,ALVAREZ ENTRENA 1,ALVAREZ ENTRENA 1,ARG,33a601184-44ad-299b-0af1-f2ddf58d8a32,2,2,2020-08-02 20:08:00+00:00,2026-09-01 00:41:44+00:00,2,2,2,90,10,2017 | 2018 | 2019 | 2020 | 2021 | 2022 | 2023 | 2024 | 2025 | 2026,2017-01,2026-08,,,,,Not queried; sample limited to top 20 MMSI by gaps
701041000,MIRIAM,MIRIAM,ARG,74a237194-4501-5547-75dd-290212ddf3d3 | 8358675f7-7793-1daa-6ab8-84cc3f8e6660,2,2,2018-11-12 23:03:20+00:00,2020-04-27 21:42:02+00:00,2,2,2,94,10,2017 | 2018 | 2019 | 2020 | 2021 | 2022 | 2023 | 2024 | 2025 | 2026,2017-01,2026-08,,,,,Not queried; sample limited to top 20 MMSI by gaps
701061000,FRANCA,FRANCA,ARG,ba03beac8-8895-0f82-ae9c-d73f39aee282,2,2,2025-09-18 10:42:43+00:00,2026-08-09 15:37:31+00:00,2,2,2,98,9,2018 | 2019 | 2020 | 2021 | 2022 | 2023 | 2024 | 2025 | 2026,2018-05,2026-08,,,,,Not queried; sample limited to top 20 MMSI by gaps
701096000,ARGENOVA XXIV,ARGENOVA XXIV,ARG,98ffa9421-152f-dd17-bcb6-4ebd6301d594,2,1,2026-08-13 20:57:42+00:00,2026-08-23 20:14:19+00:00,2,2,2,88,10,2017 | 2018 | 2019 | 2020 | 2021 | 2022 | 2023 | 2024 | 2025 | 2026,2017-04,2026-08,,,,,Not queried; sample limited to top 20 MMSI by gaps
701147000,HUAFENG828,HUAFENG828,ARG,7f15dc2fa-afa0-6d26-04c3-2d48a02948ab | cf630e5d7-7347-54ce-dff0-4ff39a1a2b6c,2,2,2023-01-26 16:24:18+00:00,2024-01-11 22:16:57+00:00,2,0,2,47,5,2022 | 2023 | 2024 | 2025 | 2026,2022-06,2026-08,,,,,Not queried; sample limited to top 20 MMSI by gaps
710000014,GDL- 09 93%,GDL- 09 88% | GDL- 09 93%,BRA,19725a25a-aaa3-3315-6e91-656af077fa38 | fbdff3f6c-cff5-a593-c787-97cc98ce3d02,2,1,2024-08-28 07:52:53+00:00,2024-09-25 16:58:22+00:00,0,0,0,0,0,,,,,,,,Not queried; sample limited to top 20 MMSI by gaps
710000044,B2 EDUARDA II 100%,B2 EDUARDA II 100%,BRA,5c1db07d3-369c-788b-0d29-0c2cb1c84253,2,1,2024-08-16 08:56:58+00:00,2024-08-17 19:07:49+00:00,0,0,0,0,0,,,,,,,,Not queried; sample limited to top 20 MMSI by gaps
710003694,FILHO DA PROMESSA C,FILHO DA PROMESSA C,BRA,f8e67d711-1b00-5018-7466-b6f630a42b50,2,2,2019-10-12 19:58:09+00:00,2021-05-12 19:48:56+00:00,0,0,0,0,0,,,,,,,,Not queried; sample limited to top 20 MMSI by gaps
710005748,"A,!,5.'! V","A,!,5.'! V | ALALUNGA V",BRA,81c9ba57f-f10f-8791-cd8e-c26c0a97e776 | c4333519f-f6f4-5a33-c810-ed517f31640c,2,2,2022-10-20 19:49:11+00:00,2024-01-05 20:31:17+00:00,0,0,0,0,0,,,,,,,,Not queried; sample limited to top 20 MMSI by gaps
710010019,ANNI CAROLINI,ANNI CAROLINI,BRA,c055ad142-2da3-24d5-d96c-c71772dd22e9,2,1,2020-01-31 05:06:24+00:00,2020-02-08 05:06:58+00:00,0,0,0,0,0,,,,,,,,Not queried; sample limited to top 20 MMSI by gaps
710063362,MAR DE CASTANHAS,MAR DE CASTANHAS,BRA,69d7438cd-d469-6156-2254-9171fccaa573,2,2,2018-12-23 08:18:33+00:00,2019-02-05 12:38:28+00:00,0,0,0,0,0,,,,,,,,Not queried; sample limited to top 20 MMSI by gaps
710104751,YABE,YABE,BRA,a8e9ac2df-f3ae-1c8b-ceef-d11b4a990703,2,1,2025-12-24 21:20:09+00:00,2025-12-27 21:20:33+00:00,0,0,0,0,0,,,,,,,,Not queried; sample limited to top 20 MMSI by gaps
710118370,AZTECA III,AZTECA III,BRA,97f1b6de8-871c-6c01-576f-0eb1c26dac73,2,1,2020-05-18 19:03:06+00:00,2020-07-10 15:28:14+00:00,0,0,0,0,0,,,,,,,,Not queried; sample limited to top 20 MMSI by gaps
710122798,GULF OCEANIC,GULF OCEANIC,BRA,6abd77c7e-e69a-221a-136f-802f8e3dd0e8,2,1,2025-08-07 14:03:30+00:00,2025-08-14 22:36:56+00:00,0,0,0,0,0,,,,,,,,Not queried; sample limited to top 20 MMSI by gaps
710137982,DRIELLI I,DRIELLI I | DRIELLY I,BRA,aad6c30ab-b771-7f20-ecc7-4977a9edc71e | d8b961dda-a697-ab0a-36a4-0a5f7e53b4c2,2,2,2022-02-28 20:23:31+00:00,2025-01-07 14:48:08+00:00,0,0,0,0,0,,,,,,,,Not queried; sample limited to top 20 MMSI by gaps
710160131,BARCO_PESCA ARRASTO,BARCO_PESCA ARRASTO | VENEZA F,BRA,ebde37845-58d3-ce43-d311-36fdab73919c | fd083ef5d-de19-afe7-285b-12201fb989e5,2,1,2023-06-28 12:48:26+00:00,2023-08-07 02:12:08+00:00,0,0,0,0,0,,,,,,,,Not queried; sample limited to top 20 MMSI by gaps
710223358,DOM MANOEL XVII,DOM MANOEL XVII,BRA,66c81167a-ad36-8665-e8e3-0b4bb8a1f3f8,2,1,2023-06-20 10:35:40+00:00,2023-08-24 21:15:59+00:00,0,0,0,0,0,,,,,,,,Not queried; sample limited to top 20 MMSI by gaps
710438984,BARRETO ROSA,BARRETO ROSA,BRA,1ee50518b-b6db-5393-a919-d737c211e243,2,1,2025-04-24 11:07:06+00:00,2025-04-25 16:41:07+00:00,0,0,0,0,0,,,,,,,,Not queried; sample limited to top 20 MMSI by gaps
710555019,DOM MANOEL XXIII,DOM MANOEL XXIII,BRA,3e780cac0-0caf-fe2a-0429-7e571e9fe7d9 | be575c0a4-49df-3ce3-d637-21e69caf9eb2,2,2,2022-08-20 01:20:35+00:00,2023-09-20 05:58:39+00:00,0,0,0,0,0,,,,,,,,Not queried; sample limited to top 20 MMSI by gaps
710555050,MERIDIANO 3,MERIDIANO 3,BRA,99558c7ed-de7a-f19d-6a1f-756eec215686,2,2,2023-06-21 18:16:20+00:00,2025-09-28 20:27:01+00:00,0,0,0,0,0,,,,,,,,Not queried; sample limited to top 20 MMSI by gaps
710567896,ARACA XI,ARACA XI,BRA,c73bdea67-792c-c786-ff70-02aa8bb576b8,2,1,2024-10-11 21:04:53+00:00,2024-10-19 22:37:52+00:00,0,0,0,0,0,,,,,,,,Not queried; sample limited to top 20 MMSI by gaps
710714811,VENCEDOR C,VENCEDOR C,BRA,4fc281673-31c7-e0d7-0835-aa603551d132,2,1,2023-11-17 02:40:01+00:00,2023-12-08 13:16:50+00:00,0,0,0,0,0,,,,,,,,Not queried; sample limited to top 20 MMSI by gaps
710824765,AGUIA N1,AGUIA N1,BRA,10fd9b4a5-5892-3bdd-333a-1db40e050ae1,2,1,2021-10-23 00:07:20+00:00,2021-10-23 20:34:35+00:00,0,0,0,0,0,,,,,,,,Not queried; sample limited to top 20 MMSI by gaps
710841695,SEA  SHARK,SEA  SHARK,BRA,514c98f05-5e6d-e93e-77ee-197f883c5aaf,2,1,2023-01-26 19:35:39+00:00,2023-01-28 20:35:06+00:00,0,0,0,0,0,,,,,,,,Not queried; sample limited to top 20 MMSI by gaps
710887055,ALBACORA GPS,ALBACORA GPS,BRA,230537294-4640-9f7d-e851-a242b3247134,2,1,2024-10-07 11:07:51+00:00,2024-11-16 15:47:35+00:00,0,0,0,0,0,,,,,,,,Not queried; sample limited to top 20 MMSI by gaps
710902853,MARBELLA I,MARBELLA I,BRA,31125789b-b317-7349-4a39-0f4a9cde60eb,2,1,2018-08-04 06:58:27+00:00,2018-08-24 11:44:23+00:00,0,0,0,0,0,,,,,,,,Not queried; sample limited to top 20 MMSI by gaps
710913711,,,BRA,55561b042-211c-a628-960b-56fa58f0dc74,2,1,2023-01-07 07:05:26+00:00,2023-01-09 21:19:49+00:00,0,0,0,0,0,,,,,,,,Not queried; sample limited to top 20 MMSI by gaps
710924460,CAPITAO JC II,CAPITAO JC II,BRA,46d3237a0-0f4a-7f4b-1c38-cfb7eda5fd11,2,1,2025-06-19 12:58:36+00:00,2025-07-24 20:34:40+00:00,0,0,0,0,0,,,,,,,,Not queried; sample limited to top 20 MMSI by gaps
710978802,SAFADI SEIF,SAFADI SEIF,BRA,d0448dcb6-623a-c9a6-5363-4669fbf6d612,2,1,2022-01-01 07:37:02+00:00,2022-01-08 23:48:43+00:00,0,0,0,0,0,,,,,,,,Not queried; sample limited to top 20 MMSI by gaps
740354000,VENTURER,VENTURER,FLK,cc2b64c23-32a6-c9ba-dad7-df0b625b548f,2,2,2019-02-17 20:28:13+00:00,2024-09-14 22:34:34+00:00,0,0,0,0,0,,,,,,,,Not queried; sample limited to top 20 MMSI by gaps
740356000,SIL,SIL,FLK,2bf709078-8b2c-8db8-3f02-0ba6d2e5746f,2,1,2025-01-20 09:38:22+00:00,2025-05-08 16:09:59+00:00,0,0,0,0,0,,,,,,,,Not queried; sample limited to top 20 MMSI by gaps
740399000,CFL HUNTER,CFL HUNTER,FLK,4cae31777-7ed8-be16-3034-54fff1e071d3,2,1,2024-03-04 01:34:12+00:00,2024-08-22 19:12:04+00:00,0,0,0,0,0,,,,,,,,Not queried; sample limited to top 20 MMSI by gaps
740410000,HERMANOS TOUZA,HERMANOS TOUZA,FLK,93ddc6758-850e-edb4-60ce-8c72843be2bc,2,2,2020-02-09 09:37:06+00:00,2022-10-05 21:37:34+00:00,0,0,0,2,2,2025 | 2026,2025-09,2026-05,,,,,Not queried; sample limited to top 20 MMSI by gaps
770576106,RIO SOLIS II,RIO SOLIS II,URY,b7a7c8058-83ad-7c61-9017-021499c6561c,2,1,2026-01-20 14:37:13+00:00,2026-07-10 18:38:44+00:00,2,1,2,46,7,2017 | 2018 | 2022 | 2023 | 2024 | 2025 | 2026,2017-02,2026-08,,,,,Not queried; sample limited to top 20 MMSI by gaps
770576200,ATLANTIC JANE,ATLANTIC JANE,URY,cffbd9c80-033b-a1d1-cc3b-36787ee35d6f,2,1,2026-06-18 19:36:39+00:00,2026-07-27 23:07:06+00:00,1,0,1,72,8,2017 | 2018 | 2019 | 2020 | 2021 | 2022 | 2023 | 2026,2017-01,2026-08,,,,,Not queried; sample limited to top 20 MMSI by gaps
770576301,PLAYA MALVIN,PLAYA MALVIN,URY,1746c3afa-ac07-4973-c31b-15403c2613de,2,2,2024-07-02 23:33:28+00:00,2026-01-20 09:32:37+00:00,2,1,2,31,8,2017 | 2018 | 2020 | 2022 | 2023 | 2024 | 2025 | 2026,2017-01,2026-08,,,,,Not queried; sample limited to top 20 MMSI by gaps
770576305,PROA PIONEER,PROA PIONEER,URY,bb2cdf102-274a-2fc2-e44e-b54c73d0122a,2,2,2023-11-20 02:23:28+00:00,2024-02-02 16:19:04+00:00,0,0,0,34,8,2017 | 2018 | 2019 | 2020 | 2023 | 2024 | 2025 | 2026,2017-01,2026-03,,,,,Not queried; sample limited to top 20 MMSI by gaps
770576315,PONTAS DAS BOMBAS II,PONTA DAS BOMBAS II | PONTAS DAS BOMBAS II,URY,e5fc889dc-c709-c24f-6d01-a3a504403af0 | f553dab37-7cda-e442-4ae5-16d78282fe3c,2,2,2020-03-19 10:38:49+00:00,2021-11-23 03:55:11+00:00,0,0,0,1,1,2023,2023-01,2023-01,,,,,Not queried; sample limited to top 20 MMSI by gaps
784022016,SAFAD SEIF,SAFAD SEIF | SAFAD SEIF 1,UNKNOWN,9c2144164-4ce9-71ec-e412-72be8391088d | b3355735e-e329-6829-728c-d08358b21cfa,2,2,2022-09-14 15:38:49+00:00,2023-04-19 20:56:57+00:00,0,0,0,0,0,,,,,,,,Not queried; sample limited to top 20 MMSI by gaps
9129191,THUNNUS,THUNNUS,UNKNOWN,ab85e6ebd-d079-8697-df24-8ed3f66b27d9,2,1,2025-01-21 04:05:29+00:00,2025-02-11 20:58:26+00:00,0,0,0,0,0,,,,,,,,Not queried; sample limited to top 20 MMSI by gaps
997108024,M. CELSO BOIA 7,M. CELSO BOIA 7,UNKNOWN,47a474457-71ed-5932-a00f-a4154fca983e,2,1,2025-07-08 21:46:21+00:00,2025-07-24 02:06:15+00:00,0,0,0,0,0,,,,,,,,Not queried; sample limited to top 20 MMSI by gaps
108060401,FILHO DA PROMESSA O5,FILHO DA PROMESSA O5,UNKNOWN,57d53dd00-0a0c-212d-84f5-643b0959a502,1,1,2024-07-20 00:24:43+00:00,2024-07-20 00:24:43+00:00,0,0,0,0,0,,,,,,,,Not queried; sample limited to top 20 MMSI by gaps
111888666,FUYUANYU0309,FUYUANYU0309,UNKNOWN,37c597aa2-2f6c-3d94-37e3-6312ec0b3fdf,1,1,2023-02-13 00:31:28+00:00,2023-02-13 00:31:28+00:00,0,0,0,0,0,,,,,,,,Not queried; sample limited to top 20 MMSI by gaps
200006639,,,UNKNOWN,47c65cbbf-fd8e-b1ad-0af4-b7ad5c62ff34,1,1,2018-01-01 23:35:13+00:00,2018-01-01 23:35:13+00:00,0,0,0,0,0,,,,,,,,Not queried; sample limited to top 20 MMSI by gaps
200014517,SEA 5,SEA 5,UNKNOWN,c59bcf6c3-36e9-9c4d-1458-2a6afa73b1ce,1,1,2017-12-24 07:53:23+00:00,2017-12-24 07:53:23+00:00,0,0,0,0,0,,,,,,,,Not queried; sample limited to top 20 MMSI by gaps
224140000,ESCUALO CUATRO,ESCUALO CUATRO,ESP,be7037e21-1914-1ea9-3ac5-0a285e62acce,1,1,2022-11-22 09:57:43+00:00,2022-11-22 09:57:43+00:00,0,0,0,0,0,,,,,,,,Not queried; sample limited to top 20 MMSI by gaps
224266000,FUNCHO,FUNCHO,ESP,57dd14963-3bd9-68f8-21e1-dd80df39b7b2,1,1,2022-10-11 12:07:10+00:00,2022-10-11 12:07:10+00:00,0,0,0,1,1,2022,2022-02,2022-02,,,,,Not queried; sample limited to top 20 MMSI by gaps
224545000,BRADOMIN,BRADOMIN,ESP,26c7d1041-1ead-ec02-22db-9cb3ddc6bbb7,1,1,2020-12-21 18:34:03+00:00,2020-12-21 18:34:03+00:00,0,0,0,0,0,,,,,,,,Not queried; sample limited to top 20 MMSI by gaps
224913000,LLAVE DE BURELA,LLAVE DE BURELA,ESP,ff7290d3e-e49b-3f31-c896-4adacc1a3f50,1,1,2021-11-17 13:47:00+00:00,2021-11-17 13:47:00+00:00,0,0,0,0,0,,,,,,,,Not queried; sample limited to top 20 MMSI by gaps
227623890,FORTUNA,FORTUNA,FRA,85e5b404c-c523-8e88-73a6-4669e9458a3b,1,1,2022-11-25 21:54:54+00:00,2022-11-25 21:54:54+00:00,0,1,1,1,1,2022,2022-11,2022-11,,,,,Not queried; sample limited to top 20 MMSI by gaps
244731699,ALLANKAY,ALLANKAY,NLD,8a84d8b51-148e-2fea-9397-a1983fdd25b6,1,1,2023-03-03 10:33:00+00:00,2023-03-03 10:33:00+00:00,0,0,0,8,4,2023 | 2024 | 2025 | 2026,2023-02,2026-03,,,,,Not queried; sample limited to top 20 MMSI by gaps
263517000,CALVAO,CALVAO,PRT,73480ae4e-eb26-b816-3fc3-17b105b0c254,1,1,2024-03-02 16:47:26+00:00,2024-03-02 16:47:26+00:00,0,0,0,9,3,2020 | 2023 | 2024,2020-02,2024-02,,,,,Not queried; sample limited to top 20 MMSI by gaps
272645000,KOREIZ,KOREIZ,UKR,7b0fd76de-e310-a60e-de29-1605a4465957,1,1,2017-09-25 14:59:43+00:00,2017-09-25 14:59:43+00:00,0,0,0,6,2,2017 | 2018,2017-02,2018-05,,,,,Not queried; sample limited to top 20 MMSI by gaps
273252010,ALPHA-CRUX     00,ALPHA-CRUX     00,RUS,6602dba10-0957-22c6-869e-73dc9d9e63a4,1,1,2024-05-31 21:39:42+00:00,2024-05-31 21:39:42+00:00,0,0,0,9,3,2024 | 2025 | 2026,2024-02,2026-08,,,,,Not queried; sample limited to top 20 MMSI by gaps
315078064,30103128 CM2TS7G,30103128 CM2TS7G,UNKNOWN,90b26f7a1-191d-ac8e-6e95-264ce7bb6fc7,1,1,2021-08-14 15:07:24+00:00,2021-08-14 15:07:24+00:00,0,0,0,0,0,,,,,,,,Not queried; sample limited to top 20 MMSI by gaps
401009994,PACHACA,PACHACA,AFG,43cb97d2c-cb95-abed-16cf-3523289c7110,1,1,2018-07-11 09:15:16+00:00,2018-07-11 09:15:16+00:00,1,1,1,11,2,2017 | 2018,2017-03,2018-08,,,,,Not queried; sample limited to top 20 MMSI by gaps
410500000,COSECHA,COSECHA,BTN,fc1068f3c-cba7-6f13-8449-0e6711c6650f,1,1,2018-02-10 09:14:13+00:00,2018-02-10 09:14:13+00:00,0,0,0,0,0,,,,,,,,Not queried; sample limited to top 20 MMSI by gaps
412000036,D.B 8100%,D.B 8100%,CHN,0957bc7e4-46c5-d277-25b8-87d63cb097f6,1,1,2022-06-17 16:39:07+00:00,2022-06-17 16:39:07+00:00,0,0,0,0,0,,,,,,,,Not queried; sample limited to top 20 MMSI by gaps
412000050,B2 VITORIA C I 77%,B2 VITORIA C I 77%,CHN,a4b42a0ed-d62c-8322-b7eb-726d41a80f44,1,1,2022-08-14 19:19:19+00:00,2022-08-14 19:19:19+00:00,0,0,0,0,0,,,,,,,,Not queried; sample limited to top 20 MMSI by gaps
412000052,B1 SAMBAQUI III 96%,B1 SAMBAQUI III 96%,CHN,3bb37f9f0-0b86-416b-d23a-8696afd9266e,1,1,2022-08-04 16:51:37+00:00,2022-08-04 16:51:37+00:00,0,0,0,0,0,,,,,,,,Not queried; sample limited to top 20 MMSI by gaps
412000056,B3 LUKA F 97%,B3 LUKA F 97%,CHN,4d45f7d27-774f-fa71-abd9-21c2150885f3,1,1,2022-07-15 17:41:49+00:00,2022-07-15 17:41:49+00:00,0,0,0,0,0,,,,,,,,Not queried; sample limited to top 20 MMSI by gaps
412000060,B7 LUKA F 92%,B7 LUKA F 92%,CHN,6bbe504f7-7aae-ebb2-4676-db0b97d708b8,1,1,2022-07-28 11:25:52+00:00,2022-07-28 11:25:52+00:00,0,0,0,0,0,,,,,,,,Not queried; sample limited to top 20 MMSI by gaps
412000066,B13 LUKA F100%,B13 LUKA F100%,CHN,e205e8b5e-ea72-8661-f118-9218fb5a29d9,1,1,2022-07-15 16:57:56+00:00,2022-07-15 16:57:56+00:00,0,0,0,0,0,,,,,,,,Not queried; sample limited to top 20 MMSI by gaps
412000068,B15 LUKA F 90%,B15 LUKA F 90%,CHN,a73c945a5-5a3d-665f-6ab9-7cac2d030d8f,1,1,2022-07-28 06:32:32+00:00,2022-07-28 06:32:32+00:00,0,0,0,0,0,,,,,,,,Not queried; sample limited to top 20 MMSI by gaps
412000601,,,CHN,d0a9636dc-c0aa-8763-43bb-982d8119b5d1,1,1,2018-02-20 11:37:07+00:00,2018-02-20 11:37:07+00:00,0,0,0,0,0,,,,,,,,Not queried; sample limited to top 20 MMSI by gaps
412200000,ZHE7,ZHE7,CHN,710736b13-3a17-ff57-3814-85f9bff2f872,1,1,2020-03-03 22:13:29+00:00,2020-03-03 22:13:29+00:00,0,0,0,0,0,,,,,,,,Not queried; sample limited to top 20 MMSI by gaps
412207542,RONG HUA 28,RONG HUA 28,CHN,55af059ff-f59d-42ce-846e-e99fd4280faf,1,1,2026-04-17 19:47:22+00:00,2026-04-17 19:47:22+00:00,0,0,0,7,3,2024 | 2025 | 2026,2024-03,2026-05,,,,,Not queried; sample limited to top 20 MMSI by gaps
412215146,,,CHN,53db7a95f-f53b-3971-1747-65a7f8e98eb3,1,1,2017-02-16 21:43:47+00:00,2017-02-16 21:43:47+00:00,0,0,0,0,0,,,,,,,,Not queried; sample limited to top 20 MMSI by gaps
412217999,FU RONG HAI,FU RONG HAI,CHN,1c00a58c6-6588-5caf-ac29-a4bf7021aa8b,1,1,2018-06-28 10:01:05+00:00,2018-06-28 10:01:05+00:00,0,0,0,2,1,2021,2021-06,2021-07,,,,,Not queried; sample limited to top 20 MMSI by gaps
412231055,LU HUAN YUAN YU 116,LU HUAN YUAN YU 116,CHN,ac8499c42-2e24-d6ed-397b-58ebe8e2553e,1,1,2018-03-14 20:15:20+00:00,2018-03-14 20:15:20+00:00,0,0,0,1,1,2017,2017-12,2017-12,,,,,Not queried; sample limited to top 20 MMSI by gaps
412271490,ZHONGYUANYU11,ZHONGYUANYU11,CHN,8eb19f262-2d70-2ae1-ed05-65fade2e623b,1,1,2018-03-10 13:01:39+00:00,2018-03-10 13:01:39+00:00,0,0,0,5,2,2017 | 2018,2017-05,2018-12,,,,,Not queried; sample limited to top 20 MMSI by gaps
412280932,HE BEI 8599,HE BEI 8599,CHN,25f8d0bed-d27c-c234-6651-fa3aa1bbe85d,1,1,2021-02-10 22:46:14+00:00,2021-02-10 22:46:14+00:00,0,0,0,8,6,2019 | 2021 | 2022 | 2023 | 2024 | 2026,2019-04,2026-05,,,,,Not queried; sample limited to top 20 MMSI by gaps
412318243,LIAC YU 9,LIAC YU 9,CHN,8e89d161e-eb2b-6b5b-099d-ea8a2b7df881,1,1,2017-02-09 23:12:16+00:00,2017-02-09 23:12:16+00:00,0,0,0,0,0,,,,,,,,Not queried; sample limited to top 20 MMSI by gaps
412320008,LUPENGYUANYU027,LUPENGYUANYU027,CHN,e6bfdf8a9-954c-5663-deee-984e79e67516,1,1,2021-03-08 17:47:23+00:00,2021-03-08 17:47:23+00:00,0,0,0,0,0,,,,,,,,Not queried; sample limited to top 20 MMSI by gaps
412321058,LU PENG YUAN YU 078,LU PENG YUAN YU 078,CHN,7b96fe225-5ad1-b380-17f0-264a4598af1a,1,1,2025-03-04 01:41:28+00:00,2025-03-04 01:41:28+00:00,0,0,0,0,0,,,,,,,,Not queried; sample limited to top 20 MMSI by gaps
412321059,LU PENG YUAN YU 078,LU PENG YUAN YU 078,CHN,092a4ad74-45f4-216d-a335-ba77f1c0858e,1,1,2023-03-14 17:54:13+00:00,2023-03-14 17:54:13+00:00,0,0,0,0,0,,,,,,,,Not queried; sample limited to top 20 MMSI by gaps
412326789,60526,60526,CHN,b7269fa2d-d274-c364-6680-7a273b518628,1,1,2017-02-07 21:32:54+00:00,2017-02-07 21:32:54+00:00,0,0,0,0,0,,,,,,,,Not queried; sample limited to top 20 MMSI by gaps
412326899,,,CHN,b463a8c00-09d8-a495-9ba5-b6728a56fb16,1,1,2017-02-07 09:12:16+00:00,2017-02-07 09:12:16+00:00,0,0,0,0,0,,,,,,,,Not queried; sample limited to top 20 MMSI by gaps
412328281,LIAOYU 8,LIAOYU 8,CHN,e5902ecf6-60e9-c542-f5aa-5316310c363d,1,1,2017-04-16 10:02:04+00:00,2017-04-16 10:02:04+00:00,0,0,0,0,0,,,,,,,,Not queried; sample limited to top 20 MMSI by gaps
412328779,NO.  ABC,NO.  ABC,CHN,d1223af7d-d70c-03f4-f35f-0c40e00ac030,1,1,2020-03-27 01:17:24+00:00,2020-03-27 01:17:24+00:00,0,0,0,0,0,,,,,,,,Not queried; sample limited to top 20 MMSI by gaps
412329288,6,6,CHN,f5c490bb7-7b08-cc9b-03f2-f2cded2e2317,1,1,2018-01-27 21:42:34+00:00,2018-01-27 21:42:34+00:00,0,0,0,0,0,,,,,,,,Not queried; sample limited to top 20 MMSI by gaps
412329463,CHANG SHUN 7,CHANG SHUN 7,CHN,ee1cebce3-321c-1c1f-94a3-4b6206015ea4,1,1,2017-02-15 20:31:54+00:00,2017-02-15 20:31:54+00:00,0,0,0,11,7,2017 | 2018 | 2020 | 2021 | 2022 | 2023 | 2025,2017-01,2025-05,,,,,Not queried; sample limited to top 20 MMSI by gaps
412329534,,,CHN,286fe92f3-3d8c-33d6-fd51-6b75364a8901,1,1,2018-01-20 07:05:37+00:00,2018-01-20 07:05:37+00:00,0,0,0,0,0,,,,,,,,Not queried; sample limited to top 20 MMSI by gaps
412329613,LU QING YUAN YU 211,LU QING YUAN YU 211,CHN,dfed7a3cf-f9f4-c388-383e-3599bf4e7ded,1,1,2020-04-05 01:32:01+00:00,2020-04-05 01:32:01+00:00,0,0,0,0,0,,,,,,,,Not queried; sample limited to top 20 MMSI by gaps
412329653,CHANG SHUN NO 2,CHANG SHUN NO 2,CHN,e57fade9b-b889-5414-5486-df9642741ac2,1,1,2023-05-22 10:48:11+00:00,2023-05-22 10:48:11+00:00,0,0,0,9,6,2018 | 2019 | 2020 | 2021 | 2022 | 2023,2018-05,2023-01,,,,,Not queried; sample limited to top 20 MMSI by gaps
412329681,LU QING YUAN YU 208,LU QING YUAN YU 208,CHN,212378eaf-fed3-98f1-b10c-82392cac8979,1,1,2020-02-23 04:38:45+00:00,2020-02-23 04:38:45+00:00,0,0,0,0,0,,,,,,,,Not queried; sample limited to top 20 MMSI by gaps
412330001,KUOENGWUAN 06,KUOENGWUAN 06,CHN,a15d49750-03e5-089b-00d8-c4809886ac8e,1,1,2019-02-24 18:28:47+00:00,2019-02-24 18:28:47+00:00,0,0,0,0,0,,,,,,,,Not queried; sample limited to top 20 MMSI by gaps
412330930,LU PENG YUAN YU 097,LU PENG YUAN YU 097,CHN,153e3f670-01ba-93f2-a8dc-5a8c9eebbc8a,1,1,2025-01-23 15:12:49+00:00,2025-01-23 15:12:49+00:00,0,0,0,0,0,,,,,,,,Not queried; sample limited to top 20 MMSI by gaps
412330961,SHUNZE689,SHUNZE689,CHN,c8453844e-e96c-4244-5f5f-eceb157ed706,1,1,2025-05-05 16:48:36+00:00,2025-05-05 16:48:36+00:00,0,0,0,7,5,2020 | 2022 | 2023 | 2024 | 2025,2020-05,2025-01,,,,,Not queried; sample limited to top 20 MMSI by gaps
412331029,LU RONG YUAN YU883,LU RONG YUAN YU883,CHN,b14a9acae-e169-50aa-c7c7-a6816a672b8e,1,1,2025-12-25 15:11:51+00:00,2025-12-25 15:11:51+00:00,0,0,0,0,0,,,,,,,,Not queried; sample limited to top 20 MMSI by gaps
412331037,LU YAN YUAN YU 009,LU YAN YUAN YU 009,CHN,ca90fe063-35e3-be68-7f06-bbdfcd2df2ac,1,1,2017-01-17 22:14:59+00:00,2017-01-17 22:14:59+00:00,0,0,0,10,6,2017 | 2018 | 2019 | 2020 | 2022 | 2023,2017-05,2023-04,,,,,Not queried; sample limited to top 20 MMSI by gaps
412331051,8,8,CHN,e61b071c0-030e-2eae-b7ef-ea1b098938de,1,1,2017-02-08 07:18:06+00:00,2017-02-08 07:18:06+00:00,0,0,0,0,0,,,,,,,,Not queried; sample limited to top 20 MMSI by gaps
412331135,LU YAN YUAN YU 518,LU YAN YUAN YU 518,CHN,94ec151d1-124f-08e5-a805-623a087cdf3e,1,1,2017-01-16 12:22:36+00:00,2017-01-16 12:22:36+00:00,0,0,0,0,0,,,,,,,,Not queried; sample limited to top 20 MMSI by gaps
412331139,LU WEI YUAN YU 979,LU WEI YUAN YU 979,CHN,3b886d71e-e248-bb2d-c505-0882facb620d,1,1,2017-12-31 04:55:50+00:00,2017-12-31 04:55:50+00:00,0,0,0,1,1,2018,2018-05,2018-05,,,,,Not queried; sample limited to top 20 MMSI by gaps
412331147,LUPENGYUANYU    088,LUPENGYUANYU    088,CHN,c7244a950-072a-4f07-0bb1-fbbc2fa00965,1,1,2019-03-19 23:07:22+00:00,2019-03-19 23:07:22+00:00,0,0,0,1,1,2026,2026-05,2026-05,,,,,Not queried; sample limited to top 20 MMSI by gaps
412331265,FUYUANYU9996,FUYUANYU9996,CHN,9578b367f-f1ee-5791-152a-a0be3e3facfc,1,1,2023-02-08 08:19:10+00:00,2023-02-08 08:19:10+00:00,0,0,0,0,0,,,,,,,,Not queried; sample limited to top 20 MMSI by gaps
412331283,LURONGYUANYU278,LURONGYUANYU278,CHN,9b1d8ad4a-a8d2-dcde-42df-713900ddbb75,1,1,2021-11-30 13:40:20+00:00,2021-11-30 13:40:20+00:00,0,0,0,1,1,2021,2021-11,2021-11,,,,,Not queried; sample limited to top 20 MMSI by gaps
412331688,L   ENG  UA  YU,L   ENG  UA  YU,CHN,bc56f755a-ae9e-51e4-8f76-49c2045625ff,1,1,2018-02-09 23:52:38+00:00,2018-02-09 23:52:38+00:00,0,0,0,0,0,,,,,,,,Not queried; sample limited to top 20 MMSI by gaps
412331689,LU PENG YUAN YU 089,LU PENG YUAN YU 089,CHN,54d35dc81-1555-4d3d-38f1-57e269fa9846,1,1,2018-02-10 13:24:42+00:00,2018-02-10 13:24:42+00:00,0,0,0,0,0,,,,,,,,Not queried; sample limited to top 20 MMSI by gaps
412331777,,,CHN,4f69539de-e648-2667-4306-7418d6aa2601,1,1,2019-04-08 13:58:37+00:00,2019-04-08 13:58:37+00:00,0,0,0,0,0,,,,,,,,Not queried; sample limited to top 20 MMSI by gaps
412331811,2018,2018,CHN,cd2ce3c71-1780-0e88-cb6b-781e35d31a80,1,1,2017-04-28 08:53:15+00:00,2017-04-28 08:53:15+00:00,0,0,0,0,0,,,,,,,,Not queried; sample limited to top 20 MMSI by gaps
412332061,LU PENG YUAN YU 079,LU PENG YUAN YU 079,CHN,d5b71c2cb-ba18-21a7-d5b6-4caf3a22fc8b,1,1,2022-02-06 22:32:57+00:00,2022-02-06 22:32:57+00:00,0,0,0,0,0,,,,,,,,Not queried; sample limited to top 20 MMSI by gaps
412333273,LU RONG YUAN YU 522,LU RONG YUAN YU 522,CHN,b205d73f2-2ac6-af62-0be2-3de4144f0a67,1,1,2018-02-03 19:34:46+00:00,2018-02-03 19:34:46+00:00,0,0,0,2,1,2018,2018-02,2018-05,,,,,Not queried; sample limited to top 20 MMSI by gaps
412333678,TYPICAL,TYPICAL,CHN,69d397c82-228f-9ab1-99a9-5b8ce10322db,1,1,2019-03-02 16:45:13+00:00,2019-03-02 16:45:13+00:00,0,0,0,0,0,,,,,,,,Not queried; sample limited to top 20 MMSI by gaps
412334077,LURONGYUANYU606,LURONGYUANYU606,CHN,ca78f6d14-44fa-f04b-5186-f1f8d0d20354,1,1,2022-12-19 13:28:58+00:00,2022-12-19 13:28:58+00:00,0,0,0,7,3,2018 | 2019 | 2020,2018-04,2020-12,,,,,Not queried; sample limited to top 20 MMSI by gaps
412334078,LURONGYUANYU607,LURONGYUANYU607,CHN,4e5f40d5c-cc25-19c8-b971-bb8a1e2e8319,1,1,2018-12-10 15:10:15+00:00,2018-12-10 15:10:15+00:00,0,0,0,8,5,2018 | 2019 | 2020 | 2021 | 2023,2018-12,2023-05,,,,,Not queried; sample limited to top 20 MMSI by gaps
412334081,LU RONG YUAN YU 609,LU RONG YUAN YU 609,CHN,b27f55a01-1915-9258-70b0-5f7b49fc417f,1,1,2023-05-26 13:29:28+00:00,2023-05-26 13:29:28+00:00,0,0,0,9,5,2018 | 2019 | 2020 | 2021 | 2023,2018-12,2023-05,,,,,Not queried; sample limited to top 20 MMSI by gaps
412334082,LURONGYUANYU610,LURONGYUANYU610,CHN,44dba2759-9b44-f8e6-0b44-c64ff91a8c26,1,1,2022-03-31 11:17:08+00:00,2022-03-31 11:17:08+00:00,0,0,0,10,5,2018 | 2019 | 2020 | 2021 | 2023,2018-12,2023-05,,,,,Not queried; sample limited to top 20 MMSI by gaps
412335966,FUYUANYU9990,FUYUANYU9990,CHN,f1bb9e12e-e23d-493e-8286-0420a685b1d9,1,1,2023-02-09 02:50:24+00:00,2023-02-09 02:50:24+00:00,0,0,0,0,0,,,,,,,,Not queried; sample limited to top 20 MMSI by gaps
412336789,LU RONG YUAN YU 127,LU RONG YUAN YU 127,CHN,9dcc06d1d-d363-c3a5-7bd8-dc0e03ad424e,1,1,2019-02-21 21:20:19+00:00,2019-02-21 21:20:19+00:00,0,0,0,0,0,,,,,,,,Not queried; sample limited to top 20 MMSI by gaps
412336966,FU  YUAN  YU  8889,FU  YUAN  YU  8889,CHN,871cea848-8695-6ab6-54c1-6072c727b3fb,1,1,2023-02-12 23:45:35+00:00,2023-02-12 23:45:35+00:00,0,0,0,0,0,,,,,,,,Not queried; sample limited to top 20 MMSI by gaps
412354091,SU YUAN YU 8,SU YUAN YU 8,CHN,77c2b0b91-187f-8ebe-c90c-d89a2b973883,1,1,2018-01-15 02:13:05+00:00,2018-01-15 02:13:05+00:00,0,0,0,3,2,2017 | 2018,2017-12,2018-04,,,,,Not queried; sample limited to top 20 MMSI by gaps
412368601,JING YUAN 601  &&&&&,JING YUAN 601  &&&&&,CHN,cff87aabf-fdf4-5988-2afa-1011c888044d,1,1,2017-02-11 14:44:09+00:00,2017-02-11 14:44:09+00:00,1,0,1,1,1,2017,2017-02,2017-02,,,,,Not queried; sample limited to top 20 MMSI by gaps
412401590,MING YUAN,MING YUAN,CHN,aff1c6d84-44e7-bf7c-5e2a-65ac9bf737f5,1,1,2022-12-16 19:41:59+00:00,2022-12-16 19:41:59+00:00,0,0,0,2,2,2023 | 2025,2023-04,2025-04,,,,,Not queried; sample limited to top 20 MMSI by gaps
412410028,HONGRUN76,HONGRUN76,CHN,8eac32510-09f3-4ee3-e427-4fd7c8d1b45f,1,1,2024-06-15 13:18:04+00:00,2024-06-15 13:18:04+00:00,0,0,0,4,2,2024 | 2025,2024-08,2025-04,,,,,Not queried; sample limited to top 20 MMSI by gaps
412412000,HAE101,HAE101,CHN,85d90a419-9050-38a7-8503-386b311c39bf,1,1,2020-04-13 22:04:39+00:00,2020-04-13 22:04:39+00:00,0,0,0,0,0,,,,,,,,Not queried; sample limited to top 20 MMSI by gaps
412420000,ADGJ,ADGJ,CHN,05a04883b-b08f-bc78-0607-f3280b68692a,1,1,2020-05-06 08:05:00+00:00,2020-05-06 08:05:00+00:00,0,0,0,0,0,,,,,,,,Not queried; sample limited to top 20 MMSI by gaps
412420002,TIANXIANG,TIANXIANG,CHN,2b4baefb4-41b5-f425-7a54-2828a5d488f5,1,1,2019-02-19 09:30:39+00:00,2019-02-19 09:30:39+00:00,0,0,0,3,2,2019 | 2021,2019-02,2021-04,,,,,Not queried; sample limited to top 20 MMSI by gaps
412420156,309YUAN YU 882=?A1=?,309YUAN YU 882=?A1=?,CHN,25f8c8959-9126-48c6-1cd5-f121f9566138,1,1,2017-12-03 03:53:13+00:00,2017-12-03 03:53:13+00:00,0,0,0,2,2,2017 | 2019,2017-01,2019-04,,,,,Not queried; sample limited to top 20 MMSI by gaps
412420221,XINJILI16,XINJILI16,CHN,200c85443-371e-6e4b-2c59-90a14fadfb5b,1,1,2018-03-23 22:06:22+00:00,2018-03-23 22:06:22+00:00,0,0,0,6,5,2017 | 2018 | 2019 | 2021 | 2022,2017-05,2022-04,,,,,Not queried; sample limited to top 20 MMSI by gaps
412420456,H0NGDA1,H0NGDA1,CHN,81d8671c4-462c-795f-d554-22ca0be27d2d,1,1,2018-04-07 17:46:57+00:00,2018-04-07 17:46:57+00:00,0,0,0,8,5,2017 | 2018 | 2020 | 2021 | 2022,2017-01,2022-05,,,,,Not queried; sample limited to top 20 MMSI by gaps
412420561,HAN YI 8,HAN YI 8,CHN,56bd947b0-00db-9638-bdc9-54a9e76d2816,1,1,2018-01-01 02:58:13+00:00,2018-01-01 02:58:13+00:00,0,1,1,8,5,2017 | 2018 | 2020 | 2021 | 2022,2017-01,2022-06,,,,,Not queried; sample limited to top 20 MMSI by gaps
412420573,JIADE11,JIADE11,CHN,d0e1fe195-5793-f51a-ef58-5f6300c88515,1,1,2021-03-22 18:47:54+00:00,2021-03-22 18:47:54+00:00,0,0,0,11,6,2018 | 2020 | 2021 | 2023 | 2024 | 2025,2018-12,2025-04,,,,,Not queried; sample limited to top 20 MMSI by gaps
412420659,SHUN HANG 6,SHUN HANG 6,CHN,6c1133000-0e1e-db0b-0001-2e0098739f24,1,1,2018-01-17 14:00:06+00:00,2018-01-17 14:00:06+00:00,0,0,0,1,1,2026,2026-05,2026-05,,,,,Not queried; sample limited to top 20 MMSI by gaps
412420788,MINGXIANG816,MINGXIANG816,CHN,331d4ffbb-b1a9-8c78-0d3d-07978026d0da,1,1,2018-01-03 12:59:18+00:00,2018-01-03 12:59:18+00:00,0,0,0,2,2,2017 | 2018,2017-12,2018-04,,,,,Not queried; sample limited to top 20 MMSI by gaps
412420799,HUA YING 209,HUA YING 209,CHN,b43e4fb03-31ab-129e-82d0-1b7111f05a95,1,1,2018-03-16 03:16:23+00:00,2018-03-16 03:16:23+00:00,0,0,0,10,5,2017 | 2018 | 2019 | 2021 | 2023,2017-05,2023-04,,,,,Not queried; sample limited to top 20 MMSI by gaps
412420936,ZHOU YU 10,ZHOU YU 10,CHN,902e43d16-6eb4-34b0-55d9-b2cc3fceafac,1,1,2018-03-14 00:10:49+00:00,2018-03-14 00:10:49+00:00,0,0,0,3,2,2017 | 2018,2017-05,2018-10,,,,,Not queried; sample limited to top 20 MMSI by gaps
412420956,NINGTAI56,NINGTAI56,CHN,7083be6ff-fbee-6002-8760-7dd7a8aee64e,1,1,2018-01-10 23:09:18+00:00,2018-01-10 23:09:18+00:00,0,0,0,2,1,2017,2017-05,2017-12,,,,,Not queried; sample limited to top 20 MMSI by gaps
412420992,NINGTAI727,NINGTAI727,CHN,d895b6028-8538-a3ba-0c12-cfe4083befee,1,1,2024-02-08 22:35:00+00:00,2024-02-08 22:35:00+00:00,0,0,0,7,3,2024 | 2025 | 2026,2024-06,2026-05,,,,,Not queried; sample limited to top 20 MMSI by gaps
412421114,NINGTAI52,NINGTAI52,CHN,36f08ad24-4d7f-93d9-1d16-2c927a102580,1,1,2019-03-16 18:34:07+00:00,2019-03-16 18:34:07+00:00,0,0,0,15,8,2018 | 2019 | 2021 | 2022 | 2023 | 2024 | 2025 | 2026,2018-12,2026-04,,,,,Not queried; sample limited to top 20 MMSI by gaps
412421174,HENG XIN 16,HENG XIN 16,CHN,4e1fbb838-8eb6-1936-ae68-37036a4be99a,1,1,2024-02-02 11:09:06+00:00,2024-02-02 11:09:06+00:00,0,0,0,10,7,2020 | 2021 | 2022 | 2023 | 2024 | 2025 | 2026,2020-12,2026-05,,,,,Not queried; sample limited to top 20 MMSI by gaps
412436693,LU LUAN YUAN  689,LU LUAN YUAN  689,CHN,61196731a-a281-73e8-a20b-aa3fa8010745,1,1,2019-02-13 15:11:07+00:00,2019-02-13 15:11:07+00:00,0,0,0,4,2,2018 | 2019,2018-03,2019-02,,,,,Not queried; sample limited to top 20 MMSI by gaps
412440668,FU YUAN YU7890,FU YUAN YU7890,CHN,ad76b1e72-265b-d3c7-30a3-d7d0d02fe8be,1,1,2021-12-08 20:04:11+00:00,2021-12-08 20:04:11+00:00,0,0,0,2,2,2021 | 2022,2021-12,2022-06,,,,,Not queried; sample limited to top 20 MMSI by gaps
412440763,FU YUAN YU7670,FU YUAN YU7670,CHN,a4ef67946-6d67-5e7c-cc1a-f395d1213d73,1,1,2023-02-08 13:25:37+00:00,2023-02-08 13:25:37+00:00,0,0,0,8,5,2021 | 2023 | 2024 | 2025 | 2026,2021-05,2026-07,,,,,Not queried; sample limited to top 20 MMSI by gaps
412440769,FU YAUN YU 7641,FU YAUN YU 7641,CHN,fcfd0b031-10e2-1238-2e76-52d794cebe4a,1,1,2025-04-22 12:16:01+00:00,2025-04-22 12:16:01+00:00,0,0,0,7,5,2020 | 2021 | 2023 | 2024 | 2025,2020-12,2025-05,,,,,Not queried; sample limited to top 20 MMSI by gaps
412440773,FU YUAN YU 7624,FU YUAN YU 7624,CHN,6e81d372b-ba5f-b52a-695a-77522bfa7aa1,1,1,2023-12-22 10:01:31+00:00,2023-12-22 10:01:31+00:00,1,1,1,7,4,2020 | 2021 | 2023 | 2026,2020-12,2026-04,,,,,Not queried; sample limited to top 20 MMSI by gaps
412440774,FU YUAN YU 7625,FU YUAN YU 7625,CHN,7ee0923f5-52b7-74fd-5c2b-4b33fbd9ac49,1,1,2024-03-21 20:13:24+00:00,2024-03-21 20:13:24+00:00,0,0,0,7,5,2020 | 2021 | 2023 | 2024 | 2026,2020-12,2026-05,,,,,Not queried; sample limited to top 20 MMSI by gaps
412440779,FU YUAN YU 7650,FU YUAN YU 7650,CHN,ac5a3f3c3-36d6-2f62-5bfd-276caa88a370,1,1,2022-02-20 11:14:07+00:00,2022-02-20 11:14:07+00:00,0,0,0,7,5,2020 | 2021 | 2023 | 2024 | 2026,2020-12,2026-05,,,,,Not queried; sample limited to top 20 MMSI by gaps
412445885,FU YUAN YU   7887,FU YUAN YU   7887,CHN,73bd7fb67-7b5e-c5fd-2bb9-dbb798c4a3e9,1,1,2021-02-26 20:27:56+00:00,2021-02-26 20:27:56+00:00,0,0,0,0,0,,,,,,,,Not queried; sample limited to top 20 MMSI by gaps
412549014,DONG YU 1538,DONG YU 1538,CHN,5063a2f21-1fbc-63c3-9ace-1a17c03b340b,1,1,2026-04-17 21:43:35+00:00,2026-04-17 21:43:35+00:00,0,0,0,3,3,2020 | 2024 | 2026,2020-02,2026-05,,,,,Not queried; sample limited to top 20 MMSI by gaps
412549016,ZHAN HAI 001,ZHAN HAI 001,CHN,70a864e28-86bd-aa6c-6619-29809ecc9661,1,1,2026-04-21 10:17:25+00:00,2026-04-21 10:17:25+00:00,0,0,0,0,0,,,,,,,,Not queried; sample limited to top 20 MMSI by gaps
412549112,ZHE PU YUAN 77,ZHE PU YUAN 77,CHN,ce929b778-88c0-1b56-38ab-941528b5d051,1,1,2025-03-04 13:42:01+00:00,2025-03-04 13:42:01+00:00,0,0,0,11,6,2021 | 2022 | 2023 | 2024 | 2025 | 2026,2021-01,2026-01,,,,,Not queried; sample limited to top 20 MMSI by gaps
412549115,HONG RUN 17,HONG RUN 17,CHN,fe44a78ac-c427-20cc-f0de-8ac6b7aacd91,1,1,2026-01-07 18:42:54+00:00,2026-01-07 18:42:54+00:00,0,0,0,10,6,2021 | 2022 | 2023 | 2024 | 2025 | 2026,2021-01,2026-05,,,,,Not queried; sample limited to top 20 MMSI by gaps
412549277,LU RONG YUAN YU 833,LU RONG YUAN YU 833,CHN,0611ce89c-c72c-9d47-c4e6-70da45b5bd0b,1,1,2023-05-07 07:36:06+00:00,2023-05-07 07:36:06+00:00,0,0,0,10,6,2020 | 2021 | 2022 | 2024 | 2025 | 2026,2020-12,2026-05,,,,,Not queried; sample limited to top 20 MMSI by gaps
412549298,LURONGYUANYU836,LURONGYUANYU836,CHN,3f31c6e24-424d-b6b0-d0ad-4a8fedf17365,1,1,2021-04-14 19:52:18+00:00,2021-04-14 19:52:18+00:00,0,0,0,11,6,2021 | 2022 | 2023 | 2024 | 2025 | 2026,2021-05,2026-05,,,,,Not queried; sample limited to top 20 MMSI by gaps
412549404,LUQINGYUANYU 018,LUQINGYUANYU 018,CHN,e034330e9-9881-96c2-a56b-1c7c4fe6c9d5,1,1,2024-02-26 22:48:46+00:00,2024-02-26 22:48:46+00:00,0,0,0,0,0,,,,,,,,Not queried; sample limited to top 20 MMSI by gaps
412550615,FUYUANYU7885,FUYUANYU7885,CHN,d6903cff8-8f72-0665-eaa4-348bef93494a,1,1,2022-02-17 14:52:27+00:00,2022-02-17 14:52:27+00:00,0,0,0,2,1,2021,2021-05,2021-12,,,,,Not queried; sample limited to top 20 MMSI by gaps
412581811,,,CHN,7c1abdc9c-c4c1-fb25-24f0-0d0df2b452ed,1,1,2017-03-27 22:45:46+00:00,2017-03-27 22:45:46+00:00,0,0,0,0,0,,,,,,,,Not queried; sample limited to top 20 MMSI by gaps
412588000,VONG EA NO.5,VONG EA NO.5,CHN,20eb65246-69df-ea00-4bfb-401dc6ff8d7b,1,1,2021-02-20 17:31:24+00:00,2021-02-20 17:31:24+00:00,0,0,0,0,0,,,,,,,,Not queried; sample limited to top 20 MMSI by gaps
412688888,,,CHN,6c41ffde9-91d7-82f0-ef15-9d737ada40b1,1,1,2017-02-03 23:53:35+00:00,2017-02-03 23:53:35+00:00,0,0,0,0,0,,,,,,,,Not queried; sample limited to top 20 MMSI by gaps
416004105,XING HUA SHENG 686,XING HUA SHENG 686,TWN,8e8b533d2-23a8-8604-330a-f108818ec326,1,1,2018-03-14 11:38:06+00:00,2018-03-14 11:38:06+00:00,0,0,0,1,1,2018,2018-03,2018-03,,,,,Not queried; sample limited to top 20 MMSI by gaps
416005506,FULL LOAD NO898,FULL LOAD NO898,TWN,500ad6048-80cc-41a6-8b7c-0611c9e1f702,1,1,2024-03-05 21:21:59+00:00,2024-03-05 21:21:59+00:00,0,0,0,0,0,,,,,,,,Not queried; sample limited to top 20 MMSI by gaps
416005510,JIA LONG,JIA LONG,TWN,26f0afda4-40a2-62cb-8bed-b409847fe88b,1,1,2021-02-19 10:58:12+00:00,2021-02-19 10:58:12+00:00,0,0,0,1,1,2021,2021-02,2021-02,,,,,Not queried; sample limited to top 20 MMSI by gaps
416005942,YUN MAO NO.8,YUN MAO NO.8,TWN,a6fb1eb8c-ce68-221b-8033-7fc256f5dd63,1,1,2020-10-12 20:52:45+00:00,2020-10-12 20:52:45+00:00,0,0,0,0,0,,,,,,,,Not queried; sample limited to top 20 MMSI by gaps
416029900,EAGLE NO.16,EAGLE NO.16,TWN,261a1974e-e7dc-b3e0-414b-ea9ae032c751,1,1,2018-03-26 14:16:41+00:00,2018-03-26 14:16:41+00:00,0,0,0,2,2,2018 | 2019,2018-01,2019-02,,,,,Not queried; sample limited to top 20 MMSI by gaps
416031800,YONG DAH MING,YONG DAH MING,TWN,3775cb801-1c9c-5caf-d01d-f51232890222,1,1,2019-02-08 18:44:00+00:00,2019-02-08 18:44:00+00:00,0,0,0,1,1,2019,2019-01,2019-01,,,,,Not queried; sample limited to top 20 MMSI by gaps
416108600,FULL   KU0   NO.101,FULL   KU0   NO.101,TWN,6bfd20f1d-d7d9-0e46-5ca9-687928929dcc,1,1,2021-03-18 19:43:02+00:00,2021-03-18 19:43:02+00:00,0,0,0,0,0,,,,,,,,Not queried; sample limited to top 20 MMSI by gaps
416137600,CHIN LIN,CHIN LIN,TWN,0864427b6-680f-91a0-2489-6ab4c01fab9c,1,1,2018-01-29 09:31:26+00:00,2018-01-29 09:31:26+00:00,0,0,0,0,0,,,,,,,,Not queried; sample limited to top 20 MMSI by gaps
416164900,FU KUO NO.1,FU KUO NO.1,TWN,9cd830040-0fe5-5ce4-5739-929d7f7eca3c,1,1,2018-02-28 20:25:08+00:00,2018-02-28 20:25:08+00:00,0,0,0,0,0,,,,,,,,Not queried; sample limited to top 20 MMSI by gaps
416176800,MAO HONG NO.8,MAO HONG NO.8,TWN,b01719bad-d790-511d-7248-f5b24aad0095,1,1,2019-05-20 01:59:52+00:00,2019-05-20 01:59:52+00:00,0,0,0,0,0,,,,,,,,Not queried; sample limited to top 20 MMSI by gaps
416191500,PEI SHENG NO.8,PEI SHENG NO.8,TWN,28bac92cd-d8fa-dd86-d5cc-b3e58cc4d202,1,1,2017-02-24 10:19:09+00:00,2017-02-24 10:19:09+00:00,0,0,0,0,0,,,,,,,,Not queried; sample limited to top 20 MMSI by gaps
416253600,HSIANG CHING TSAI,HSIANG CHING TSAI,TWN,1b05150f7-7272-a63f-3ef6-dcd9067b01ff,1,1,2019-04-29 12:39:12+00:00,2019-04-29 12:39:12+00:00,0,0,0,0,0,,,,,,,,Not queried; sample limited to top 20 MMSI by gaps
416350001,JIH DA YNG,JIH DA YNG,TWN,9b1301a01-116c-a43d-ea47-ddcecb55c38c,1,1,2020-02-27 08:44:51+00:00,2020-02-27 08:44:51+00:00,0,0,0,0,0,,,,,,,,Not queried; sample limited to top 20 MMSI by gaps
431650000,SHINSEI MARU NO.8,SHINSEI MARU NO.8,JPN,07dc71da9-9994-1249-c37e-108c745abc4f,1,1,2022-01-24 09:56:03+00:00,2022-01-24 09:56:03+00:00,0,0,0,9,6,2020 | 2021 | 2022 | 2023 | 2024 | 2025,2020-11,2025-02,,,,,Not queried; sample limited to top 20 MMSI by gaps
440101100,101 PENG LAN YU,101 PENG LAN YU,KOR,c342c8cdf-f56f-9ea9-2d13-7d63a5920158,1,1,2017-03-08 22:41:25+00:00,2017-03-08 22:41:25+00:00,1,0,1,1,1,2017,2017-03,2017-03,,,,,Not queried; sample limited to top 20 MMSI by gaps
440384000,NO.805 TONG YOUNG,NO.805 TONG YOUNG,KOR,163026045-513d-25f6-1130-b8dbdc78ef35,1,1,2023-04-03 16:39:41+00:00,2023-04-03 16:39:41+00:00,0,0,0,0,0,,,,,,,,Not queried; sample limited to top 20 MMSI by gaps
441082000,AGNES 1,AGNES 1,KOR,bf134e00c-cab3-f4b5-a0b8-00c21234d7c7,1,1,2018-03-03 03:51:46+00:00,2018-03-03 03:51:46+00:00,0,0,0,0,0,,,,,,,,Not queried; sample limited to top 20 MMSI by gaps
441430000,OYANG 88,OYANG 88,KOR,f6ff65db3-3a6d-5b13-4c96-d374ce813b1b,1,1,2023-08-17 12:44:06+00:00,2023-08-17 12:44:06+00:00,0,0,0,1,1,2026,2026-05,2026-05,,,,,Not queried; sample limited to top 20 MMSI by gaps
444002117,NO1 GLORIA,NO1 GLORIA,UNKNOWN,6cdeceb3e-edb3-c2ab-05b0-af02e91a312f,1,1,2018-12-10 00:35:04+00:00,2018-12-10 00:35:04+00:00,0,0,0,0,0,,,,,,,,Not queried; sample limited to top 20 MMSI by gaps
479967540,ALALUNGA 8,ALALUNGA 8,UNKNOWN,a8bd0e59d-d35a-f529-6ba5-dee6af6616d8,1,1,2025-12-30 23:08:30+00:00,2025-12-30 23:08:30+00:00,0,0,0,0,0,,,,,,,,Not queried; sample limited to top 20 MMSI by gaps
495700913,JOEL SANTOS2,JOEL SANTOS2,UNKNOWN,d7c463634-4168-fe0b-4d84-60df81909f88,1,1,2018-11-15 21:03:02+00:00,2018-11-15 21:03:02+00:00,0,0,0,0,0,,,,,,,,Not queried; sample limited to top 20 MMSI by gaps
505050505,,,UNKNOWN,b5fcf25a3-3094-ccd0-162b-f804b06d61fe,1,1,2021-01-08 23:00:18+00:00,2021-01-08 23:00:18+00:00,0,0,0,2,2,2020 | 2021,2020-05,2021-01,,,,,Not queried; sample limited to top 20 MMSI by gaps
541620034,MEGA NO.2,MEGA NO.2,UNKNOWN,578f5910b-b0c7-2c13-13ad-ff5fe595fda9,1,1,2018-08-06 14:00:39+00:00,2018-08-06 14:00:39+00:00,0,0,0,0,0,,,,,,,,Not queried; sample limited to top 20 MMSI by gaps
576990000,OCEAN VENTURE 6,OCEAN VENTURE 6,VUT,28c365e95-533c-41b2-e383-4fdd9541714d,1,1,2017-03-04 00:55:26+00:00,2017-03-04 00:55:26+00:00,0,0,0,0,0,,,,,,,,Not queried; sample limited to top 20 MMSI by gaps
577100000,FONG HAI NO.11,FONG HAI NO.11,VUT,2a8a815da-ae79-08ef-4eec-a448cf71b50b,1,1,2017-02-03 15:15:04+00:00,2017-02-03 15:15:04+00:00,0,0,0,0,0,,,,,,,,Not queried; sample limited to top 20 MMSI by gaps
577148000,SERENA 11,SERENA 11,VUT,829bd9ca6-6af7-b25e-7bd0-f431b6f3cd58,1,1,2024-12-13 00:05:58+00:00,2024-12-13 00:05:58+00:00,0,0,0,1,1,2026,2026-05,2026-05,,,,,Not queried; sample limited to top 20 MMSI by gaps
613721012,FRIOSUR VIII,FRIOSUR VIII,CMR,11d1be0ba-a778-5db2-7508-5d83292988b7,1,1,2023-03-16 10:31:46+00:00,2023-03-16 10:31:46+00:00,0,0,0,2,1,2023,2023-01,2023-02,,,,,Not queried; sample limited to top 20 MMSI by gaps
665111133,POLAR BAY,POLAR BAY,SHN,6e4808899-9977-33a4-8b2b-9c4a7b24b42d,1,1,2022-09-29 22:20:51+00:00,2022-09-29 22:20:51+00:00,0,0,0,0,0,,,,,,,,Not queried; sample limited to top 20 MMSI by gaps
668116267,SOFIA,SOFIA,STP,e9d55c3da-ab14-5b30-2cba-03a57dc16a4b,1,1,2024-10-11 05:51:30+00:00,2024-10-11 05:51:30+00:00,0,0,0,0,0,,,,,,,,Not queried; sample limited to top 20 MMSI by gaps
700000100,UNHAMAR I,UNHAMAR I,UNKNOWN,0cf85abcd-dd4d-be72-8d31-ec99d30799a3,1,1,2019-06-04 20:25:12+00:00,2019-06-04 20:25:12+00:00,0,0,0,0,0,,,,,,,,Not queried; sample limited to top 20 MMSI by gaps
701000000,SANT ANTONIO,SANT ANTONIO,ARG,1b9fc123e-e59a-b41a-046e-267f19b0d26f,1,1,2023-03-14 15:09:20+00:00,2023-03-14 15:09:20+00:00,1,0,1,11,6,2017 | 2021 | 2023 | 2024 | 2025 | 2026,2017-12,2026-08,,,,,Not queried; sample limited to top 20 MMSI by gaps
701000509,ARGENTINO,ARGENTINO,ARG,6d9dc3f30-0d7e-1b89-57a0-d16f1b072c86,1,1,2019-02-06 08:11:41+00:00,2019-02-06 08:11:41+00:00,1,1,1,99,9,2017 | 2018 | 2019 | 2020 | 2021 | 2022 | 2023 | 2024 | 2026,2017-04,2026-08,,,,,Not queried; sample limited to top 20 MMSI by gaps
701000511,UR ERTZA,UR ERTZA,ARG,b2bef8010-0490-0b2d-1a29-1d9e34b2c412,1,1,2022-08-25 01:00:07+00:00,2022-08-25 01:00:07+00:00,1,1,1,86,10,2017 | 2018 | 2019 | 2020 | 2021 | 2022 | 2023 | 2024 | 2025 | 2026,2017-01,2026-08,,,,,Not queried; sample limited to top 20 MMSI by gaps
701000539,PAKU,PAKU,ARG,35c6f0e5a-ac04-0a2d-9b38-792e1dd720e3,1,1,2017-04-30 02:39:04+00:00,2017-04-30 02:39:04+00:00,1,1,1,99,10,2017 | 2018 | 2019 | 2020 | 2021 | 2022 | 2023 | 2024 | 2025 | 2026,2017-01,2026-08,,,,,Not queried; sample limited to top 20 MMSI by gaps
701000549,ARGENOVA 4,ARGENOVA 4,ARG,b977de2bb-b32d-d7af-18c9-52d71868a6e3,1,1,2018-09-08 18:51:39+00:00,2018-09-08 18:51:39+00:00,1,1,1,92,10,2017 | 2018 | 2019 | 2020 | 2021 | 2022 | 2023 | 2024 | 2025 | 2026,2017-04,2026-08,,,,,Not queried; sample limited to top 20 MMSI by gaps
701000578,FRANCO,FRANCO,ARG,0dd2459bb-bd8d-f159-392a-980b6073a2a7,1,1,2025-12-02 22:00:15+00:00,2025-12-02 22:00:15+00:00,1,1,1,52,7,2017 | 2018 | 2022 | 2023 | 2024 | 2025 | 2026,2017-01,2026-08,,,,,Not queried; sample limited to top 20 MMSI by gaps
701000585,DON JOSE DI BONA,DON JOSE DI BONA,ARG,c1e7b0ec8-848f-b304-c383-11d070b70818,1,1,2019-10-03 02:11:44+00:00,2019-10-03 02:11:44+00:00,1,1,1,95,10,2017 | 2018 | 2019 | 2020 | 2021 | 2022 | 2023 | 2024 | 2025 | 2026,2017-01,2026-08,,,,,Not queried; sample limited to top 20 MMSI by gaps
701000621,821HUAFENG,821HUAFENG,ARG,04d52d7e2-2d82-27ee-61fd-a340bbe7f56b,1,1,2019-04-13 18:41:33+00:00,2019-04-13 18:41:33+00:00,0,0,0,70,8,2017 | 2018 | 2019 | 2020 | 2021 | 2022 | 2023 | 2024,2017-09,2024-09,,,,,Not queried; sample limited to top 20 MMSI by gaps
701000628,PESCARGEN IV,PESCARGEN IV,ARG,54e563020-0326-033d-9f54-5b5a39e8b8ab,1,1,2017-03-01 07:02:35+00:00,2017-03-01 07:02:35+00:00,1,1,1,54,6,2017 | 2018 | 2019 | 2020 | 2021 | 2022,2017-01,2022-08,,,,,Not queried; sample limited to top 20 MMSI by gaps
701000645,MARIA LILIANA,MARIA LILIANA,ARG,0daa94a5e-eb73-7aea-d2dc-2ffc33723dcd,1,1,2020-04-20 04:12:18+00:00,2020-04-20 04:12:18+00:00,1,1,1,98,10,2017 | 2018 | 2019 | 2020 | 2021 | 2022 | 2023 | 2024 | 2025 | 2026,2017-03,2026-08,,,,,Not queried; sample limited to top 20 MMSI by gaps
701000646,ALVER,ALVER,ARG,1c7d4236b-b2de-bcfd-63d1-c833b3ab9bb2,1,1,2019-06-14 13:14:08+00:00,2019-06-14 13:14:08+00:00,1,1,1,72,10,2017 | 2018 | 2019 | 2020 | 2021 | 2022 | 2023 | 2024 | 2025 | 2026,2017-01,2026-08,,,,,Not queried; sample limited to top 20 MMSI by gaps
701000652,MAR AUSTRAL,MAR AUSTRAL,ARG,4532afe5d-ddfc-1b6b-9a05-58f131186340,1,1,2024-08-22 15:36:10+00:00,2024-08-22 15:36:10+00:00,1,1,1,98,10,2017 | 2018 | 2019 | 2020 | 2021 | 2022 | 2023 | 2024 | 2025 | 2026,2017-01,2026-08,,,,,Not queried; sample limited to top 20 MMSI by gaps
701000681,XIN SHI JI 88,XIN SHI JI 88,ARG,7273f1c81-11ae-c75a-8db8-27db7b41c44d,1,1,2017-03-09 03:22:03+00:00,2017-03-09 03:22:03+00:00,1,1,1,81,9,2017 | 2018 | 2019 | 2021 | 2022 | 2023 | 2024 | 2025 | 2026,2017-01,2026-08,,,,,Not queried; sample limited to top 20 MMSI by gaps
701000684,VILLARINO,VILLARINO,ARG,323ea8407-751b-4551-3a93-1f596f31b0c2,1,1,2026-04-12 16:09:49+00:00,2026-04-12 16:09:49+00:00,1,1,1,110,10,2017 | 2018 | 2019 | 2020 | 2021 | 2022 | 2023 | 2024 | 2025 | 2026,2017-01,2026-08,,,,,Not queried; sample limited to top 20 MMSI by gaps
701000686,ARGENOVA I,ARGENOVA I,ARG,6ab1070c8-8d9a-88f9-3378-b5b47591d4f3,1,1,2019-06-27 19:54:17+00:00,2019-06-27 19:54:17+00:00,1,1,1,97,10,2017 | 2018 | 2019 | 2020 | 2021 | 2022 | 2023 | 2024 | 2025 | 2026,2017-05,2026-08,,,,,Not queried; sample limited to top 20 MMSI by gaps
701000711,VERAZ,VERAZ,ARG,f0b83bee1-1c67-525e-00af-7945d3363f87,1,1,2024-05-19 19:14:59+00:00,2024-05-19 19:14:59+00:00,1,1,1,84,8,2019 | 2020 | 2021 | 2022 | 2023 | 2024 | 2025 | 2026,2019-02,2026-08,,,,,Not queried; sample limited to top 20 MMSI by gaps
701000713,ARGENOVA XIV,ARGENOVA XIV,ARG,7a153bec1-1290-d4ea-2aab-511dcfc6ec7e,1,1,2022-11-27 13:56:10+00:00,2022-11-27 13:56:10+00:00,1,1,1,63,10,2017 | 2018 | 2019 | 2020 | 2021 | 2022 | 2023 | 2024 | 2025 | 2026,2017-10,2026-07,,,,,Not queried; sample limited to top 20 MMSI by gaps
701000720,ZHOU YU 1 HAO,ZHOU YU 1 HAO,ARG,5ac83e565-5e68-b7c2-d5cf-da99b1cecd1b,1,1,2019-01-19 18:35:58+00:00,2019-01-19 18:35:58+00:00,0,1,1,76,10,2017 | 2018 | 2019 | 2020 | 2021 | 2022 | 2023 | 2024 | 2025 | 2026,2017-01,2026-08,,,,,Not queried; sample limited to top 20 MMSI by gaps
701000745,CRISTO REDENTOR,CRISTO REDENTOR,ARG,b9873708e-e097-5b1a-8e2c-6f30736bcb9e,1,1,2025-08-09 09:16:27+00:00,2025-08-09 09:16:27+00:00,1,1,1,102,10,2017 | 2018 | 2019 | 2020 | 2021 | 2022 | 2023 | 2024 | 2025 | 2026,2017-01,2026-08,,,,,Not queried; sample limited to top 20 MMSI by gaps
701000753,CIUDAD DE HUELVA,CIUDAD DE HUELVA,ARG,9c0ea673a-affd-6596-ee11-35ce96f09e34,1,1,2021-08-03 12:28:29+00:00,2021-08-03 12:28:29+00:00,1,1,1,71,10,2017 | 2018 | 2019 | 2020 | 2021 | 2022 | 2023 | 2024 | 2025 | 2026,2017-03,2026-08,,,,,Not queried; sample limited to top 20 MMSI by gaps
701000756,PONTE CORUXO,PONTE CORUXO,ARG,485892d59-96ce-124d-4480-1303ccd5e501,1,1,2024-10-16 07:09:31+00:00,2024-10-16 07:09:31+00:00,1,1,1,89,10,2017 | 2018 | 2019 | 2020 | 2021 | 2022 | 2023 | 2024 | 2025 | 2026,2017-01,2026-01,,,,,Not queried; sample limited to top 20 MMSI by gaps
701000768,ESAMAR 4,ESAMAR 4,ARG,29f415e58-84c5-4925-1c68-164667669139,1,1,2017-03-09 03:22:04+00:00,2017-03-09 03:22:04+00:00,1,1,1,38,5,2017 | 2018 | 2019 | 2020 | 2021,2017-01,2021-06,,,,,Not queried; sample limited to top 20 MMSI by gaps
701000785,CODEPECA 3,CODEPECA 3,ARG,6671a3f47-708c-2757-0564-102610691d99,1,1,2018-05-29 17:49:28+00:00,2018-05-29 17:49:28+00:00,1,1,1,68,10,2017 | 2018 | 2019 | 2020 | 2021 | 2022 | 2023 | 2024 | 2025 | 2026,2017-08,2026-08,,,,,Not queried; sample limited to top 20 MMSI by gaps
701000793,MELLINO I,MELLINO I,ARG,5a4493bd5-575c-24fa-21f3-151d0258938b,1,1,2017-12-03 16:17:16+00:00,2017-12-03 16:17:16+00:00,1,1,1,67,7,2017 | 2019 | 2020 | 2021 | 2022 | 2023 | 2024,2017-08,2024-09,,,,,Not queried; sample limited to top 20 MMSI by gaps
701000800,VIERASA 16,VIERASA 16,ARG,d8a2a3548-8d8d-a27b-7126-c8523b7ede99,1,1,2019-08-20 00:15:06+00:00,2019-08-20 00:15:06+00:00,1,1,1,94,10,2017 | 2018 | 2019 | 2020 | 2021 | 2022 | 2023 | 2024 | 2025 | 2026,2017-03,2026-08,,,,,Not queried; sample limited to top 20 MMSI by gaps
701000814,VALIENTE 2,VALIENTE 2,ARG,6afdb51ef-f26e-7f3c-b02f-c2b13566f972,1,1,2017-04-12 11:53:18+00:00,2017-04-12 11:53:18+00:00,1,1,1,69,10,2017 | 2018 | 2019 | 2020 | 2021 | 2022 | 2023 | 2024 | 2025 | 2026,2017-04,2026-08,,,,,Not queried; sample limited to top 20 MMSI by gaps
701000835,ALTALENA,ALTALENA,ARG,c934fa8f0-03fb-586b-b324-9162338c610c,1,1,2017-11-24 03:52:21+00:00,2017-11-24 03:52:21+00:00,1,1,1,57,7,2017 | 2018 | 2019 | 2020 | 2021 | 2022 | 2024,2017-01,2024-04,,,,,Not queried; sample limited to top 20 MMSI by gaps
701000860,ANGELUS,ANGELUS,ARG,bc1eba9d3-3a8b-8ecd-5800-6e79e8e7c216,1,1,2020-01-18 04:07:56+00:00,2020-01-18 04:07:56+00:00,1,1,1,20,4,2017 | 2018 | 2019 | 2020,2017-09,2020-06,,,,,Not queried; sample limited to top 20 MMSI by gaps
701000882,FELIX AUGUSTO,FELIX AUGUSTO,ARG,7880ce135-52ea-eaa1-72f3-cd471b7a77a0,1,1,2017-08-06 22:46:01+00:00,2017-08-06 22:46:01+00:00,1,1,1,88,10,2017 | 2018 | 2019 | 2020 | 2021 | 2022 | 2023 | 2024 | 2025 | 2026,2017-01,2026-08,,,,,Not queried; sample limited to top 20 MMSI by gaps
701000892,TAISEI MARU N 8,TAISEI MARU N 8,ARG,6485c6f9f-fc2d-7291-97c9-d5a5a19b0ab0,1,1,2017-03-09 03:20:05+00:00,2017-03-09 03:20:05+00:00,1,1,1,44,8,2017 | 2018 | 2019 | 2022 | 2023 | 2024 | 2025 | 2026,2017-02,2026-04,,,,,Not queried; sample limited to top 20 MMSI by gaps
701000916,EMPESUR II,EMPESUR II,ARG,4c8e20af2-293b-5cb2-641d-88c84e156b3a,1,1,2026-06-29 19:48:21+00:00,2026-06-29 19:48:21+00:00,1,1,1,57,10,2017 | 2018 | 2019 | 2020 | 2021 | 2022 | 2023 | 2024 | 2025 | 2026,2017-05,2026-08,,,,,Not queried; sample limited to top 20 MMSI by gaps
701000919,EMPESUR 3,EMPESUR 3,ARG,6be0dca40-0ba2-47dd-e158-eb72ecaac65e,1,1,2017-05-21 12:38:01+00:00,2017-05-21 12:38:01+00:00,1,1,1,72,10,2017 | 2018 | 2019 | 2020 | 2021 | 2022 | 2023 | 2024 | 2025 | 2026,2017-01,2026-08,,,,,Not queried; sample limited to top 20 MMSI by gaps
701000927,PESCAPUERTA QUINTO,PESCAPUERTA QUINTO,ARG,a3537ba18-8757-d892-fe72-c98cd76c9aa9,1,1,2017-07-14 02:38:17+00:00,2017-07-14 02:38:17+00:00,1,1,1,18,2,2017 | 2018,2017-02,2018-09,,,,,Not queried; sample limited to top 20 MMSI by gaps
701000933,WIRON IV,WIRON IV,ARG,7784639f5-57ba-07d0-3c72-bd6471d1c4f4,1,1,2026-03-19 22:28:39+00:00,2026-03-19 22:28:39+00:00,1,1,1,62,8,2018 | 2019 | 2021 | 2022 | 2023 | 2024 | 2025 | 2026,2018-10,2026-08,,,,,Not queried; sample limited to top 20 MMSI by gaps
701000948,CLAUDINA,CLAUDINA,ARG,9b3e9019d-d67f-005a-9593-b66b997559e5,1,1,2017-03-09 03:22:20+00:00,2017-03-09 03:22:20+00:00,1,1,1,73,7,2017 | 2018 | 2019 | 2020 | 2021 | 2022 | 2023,2017-01,2023-04,,,,,Not queried; sample limited to top 20 MMSI by gaps
701000950,ARGENOVA X,ARGENOVA X,ARG,a665db779-9536-53d1-836d-0d1df7630434,1,1,2023-08-08 04:00:08+00:00,2023-08-08 04:00:08+00:00,1,1,1,110,10,2017 | 2018 | 2019 | 2020 | 2021 | 2022 | 2023 | 2024 | 2025 | 2026,2017-03,2026-08,,,,,Not queried; sample limited to top 20 MMSI by gaps
701001048,API VIII,API VIII,ARG,482f49a02-25ae-94c5-5015-657e70dda4f2,1,1,2024-07-01 17:30:08+00:00,2024-07-01 17:30:08+00:00,1,1,1,45,6,2021 | 2022 | 2023 | 2024 | 2025 | 2026,2021-04,2026-08,,,,,Not queried; sample limited to top 20 MMSI by gaps
701001230,LU QING YUAN YU 277,LU QING YUAN YU 277,ARG,9e263ee1b-bd12-b769-a7eb-088e4f234563,1,1,2024-09-14 22:38:04+00:00,2024-09-14 22:38:04+00:00,1,1,1,44,5,2022 | 2023 | 2024 | 2025 | 2026,2022-11,2026-08,,,,,Not queried; sample limited to top 20 MMSI by gaps
701001728,TOZUDO,TOZUDO,ARG,bfed5fab3-38b8-433d-2915-31d3d2ea44d7,1,1,2023-08-22 10:59:25+00:00,2023-08-22 10:59:25+00:00,1,1,1,2,1,2023,2023-08,2023-09,,,,,Not queried; sample limited to top 20 MMSI by gaps
701003800,DON NICOLA,DON NICOLA,ARG,62f06ea3b-be4e-005d-8428-e35b194172e1,1,1,2026-01-25 01:33:00+00:00,2026-01-25 01:33:00+00:00,1,1,1,9,2,2025 | 2026,2025-12,2026-08,,,,,Not queried; sample limited to top 20 MMSI by gaps
701006005,BAHIA DESVELOS,BAHIA DESVELOS,ARG,866c7cb14-4f52-59cb-21ec-10828849086e,1,1,2023-09-15 14:21:21+00:00,2023-09-15 14:21:21+00:00,1,1,1,101,10,2017 | 2018 | 2019 | 2020 | 2021 | 2022 | 2023 | 2024 | 2025 | 2026,2017-03,2026-08,,,,,Not queried; sample limited to top 20 MMSI by gaps
701006046,VENTARRON I,VENTARRON I,ARG,58987e136-6bb3-874e-fc04-b64c6dd1b524,1,1,2017-03-09 03:22:58+00:00,2017-03-09 03:22:58+00:00,1,1,1,108,10,2017 | 2018 | 2019 | 2020 | 2021 | 2022 | 2023 | 2024 | 2025 | 2026,2017-01,2026-08,,,,,Not queried; sample limited to top 20 MMSI by gaps
701006055,SIEMPRE STA ROSA,SIEMPRE STA ROSA,ARG,00e9c4e32-25c6-4d7f-2fe1-7d11dd4e156f,1,1,2017-06-07 14:46:41+00:00,2017-06-07 14:46:41+00:00,1,1,1,75,10,2017 | 2018 | 2019 | 2020 | 2021 | 2022 | 2023 | 2024 | 2025 | 2026,2017-04,2026-05,,,,,Not queried; sample limited to top 20 MMSI by gaps
701006060,VIERASA QUINCE,VIERASA QUINCE,ARG,92db74d7f-f5d7-1a63-18c6-1da9bf13afc5,1,1,2024-05-14 04:09:54+00:00,2024-05-14 04:09:54+00:00,1,1,1,99,10,2017 | 2018 | 2019 | 2020 | 2021 | 2022 | 2023 | 2024 | 2025 | 2026,2017-01,2026-08,,,,,Not queried; sample limited to top 20 MMSI by gaps
701006063,SIRIUS,SIRIUS,ARG,bcc854f94-41bb-fcd4-a8ea-dbaaae3ab4a7,1,1,2017-07-08 19:33:30+00:00,2017-07-08 19:33:30+00:00,1,1,1,16,2,2017 | 2018,2017-01,2018-04,,,,,Not queried; sample limited to top 20 MMSI by gaps
701006073,PONTE DE RANDE,PONTE DE RANDE,ARG,fca30d17a-a8fa-58b7-007d-6a0b09a55ef9,1,1,2021-09-17 23:14:02+00:00,2021-09-17 23:14:02+00:00,1,1,1,105,10,2017 | 2018 | 2019 | 2020 | 2021 | 2022 | 2023 | 2024 | 2025 | 2026,2017-01,2026-08,,,,,Not queried; sample limited to top 20 MMSI by gaps
701006074,ARBUMASA XIV,ARBUMASA XIV,ARG,0e27444ae-e954-61ce-7302-dc72c6aea1ee,1,1,2018-09-08 20:01:46+00:00,2018-09-08 20:01:46+00:00,1,1,1,79,10,2017 | 2018 | 2019 | 2020 | 2021 | 2022 | 2023 | 2024 | 2025 | 2026,2017-04,2026-08,,,,,Not queried; sample limited to top 20 MMSI by gaps
701006083,MARIA EUGENIA,MARIA EUGENIA,ARG,ad503f68d-dbe5-e1d8-ca3c-33d0a29b662b,1,1,2017-04-01 10:31:08+00:00,2017-04-01 10:31:08+00:00,1,1,1,85,10,2017 | 2018 | 2019 | 2020 | 2021 | 2022 | 2023 | 2024 | 2025 | 2026,2017-03,2026-08,,,,,Not queried; sample limited to top 20 MMSI by gaps
701006085,NAVEGANTES III,NAVEGANTES III,ARG,55bfec4a7-7fc9-8fb9-c6c8-4e194131b3c6,1,1,2017-03-09 03:21:05+00:00,2017-03-09 03:21:05+00:00,1,1,1,106,10,2017 | 2018 | 2019 | 2020 | 2021 | 2022 | 2023 | 2024 | 2025 | 2026,2017-01,2026-05,,,,,Not queried; sample limited to top 20 MMSI by gaps
701006139,ESTRELLA N`11,ESTRELLA N`11,ARG,ebf4715f1-1d2c-e1c1-e0d0-a8d340ebea06,1,1,2017-03-09 03:19:18+00:00,2017-03-09 03:19:18+00:00,1,1,1,79,10,2017 | 2018 | 2019 | 2020 | 2021 | 2022 | 2023 | 2024 | 2025 | 2026,2017-01,2026-04,,,,,Not queried; sample limited to top 20 MMSI by gaps
701006145,CHOKYU MARU 18,CHOKYU MARU 18,ARG,81f23b51d-d78c-fde9-da55-1921ffce4dce,1,1,2017-03-09 03:22:11+00:00,2017-03-09 03:22:11+00:00,1,1,1,84,10,2017 | 2018 | 2019 | 2020 | 2021 | 2022 | 2023 | 2024 | 2025 | 2026,2017-01,2026-05,,,,,Not queried; sample limited to top 20 MMSI by gaps
701006174,BAFFETTA,BAFFETTA,ARG,321c8463f-f2f8-e3f0-d9d5-d3f7bbe65e4f,1,1,2025-03-12 11:44:03+00:00,2025-03-12 11:44:03+00:00,1,1,1,66,7,2019 | 2020 | 2021 | 2022 | 2023 | 2025 | 2026,2019-08,2026-08,,,,,Not queried; sample limited to top 20 MMSI by gaps
701006236,ALVAREZ ENTRENA IV,ALVAREZ ENTRENA IV,ARG,5d679e84d-df7e-3144-f5dd-016eb0ee476e,1,1,2017-08-02 00:20:12+00:00,2017-08-02 00:20:12+00:00,1,1,1,72,10,2017 | 2018 | 2019 | 2020 | 2021 | 2022 | 2023 | 2024 | 2025 | 2026,2017-06,2026-08,,,,,Not queried; sample limited to top 20 MMSI by gaps
701006377,ARGENOVA XXIII,ARGENOVA XXIII,ARG,4fdb92d0d-de53-adcf-3017-d3a1a8a25c5f,1,1,2018-07-22 22:43:48+00:00,2018-07-22 22:43:48+00:00,1,1,1,97,10,2017 | 2018 | 2019 | 2020 | 2021 | 2022 | 2023 | 2024 | 2025 | 2026,2017-01,2026-08,,,,,Not queried; sample limited to top 20 MMSI by gaps
701006385,TANGO I,TANGO I,ARG,e6a870152-2883-10bf-8d72-6a23f1e5726a,1,1,2021-09-17 20:04:15+00:00,2021-09-17 20:04:15+00:00,1,1,1,90,10,2017 | 2018 | 2019 | 2020 | 2021 | 2022 | 2023 | 2024 | 2025 | 2026,2017-01,2026-05,,,,,Not queried; sample limited to top 20 MMSI by gaps
701006390,MADRE MARGARITA,MADRE MARGARITA,ARG,01d66804a-aef7-3fc8-1253-8af715526fa3,1,1,2022-08-04 13:13:03+00:00,2022-08-04 13:13:03+00:00,1,1,1,81,9,2018 | 2019 | 2020 | 2021 | 2022 | 2023 | 2024 | 2025 | 2026,2018-05,2026-08,,,,,Not queried; sample limited to top 20 MMSI by gaps
701006582,ALTAR,ALTAR,ARG,48e9cb8ec-cf7e-c967-1259-cf7e78fcbbf4,1,1,2022-09-04 08:39:01+00:00,2022-09-04 08:39:01+00:00,1,1,1,80,10,2017 | 2018 | 2019 | 2020 | 2021 | 2022 | 2023 | 2024 | 2025 | 2026,2017-01,2026-08,,,,,Not queried; sample limited to top 20 MMSI by gaps
701006603,DON BOCHA,DON BOCHA,ARG,1b09e1980-0340-a594-52d7-4937d07661a5,1,1,2024-08-04 13:32:26+00:00,2024-08-04 13:32:26+00:00,1,1,1,85,10,2017 | 2018 | 2019 | 2020 | 2021 | 2022 | 2023 | 2024 | 2025 | 2026,2017-02,2026-08,,,,,Not queried; sample limited to top 20 MMSI by gaps
701006687,FRANCO JOSE,FRANCO JOSE,ARG,37dc2e074-487b-3d8a-e41b-fb60b715c73b,1,1,2023-09-13 21:38:18+00:00,2023-09-13 21:38:18+00:00,1,1,1,104,10,2017 | 2018 | 2019 | 2020 | 2021 | 2022 | 2023 | 2024 | 2025 | 2026,2017-02,2026-08,,,,,Not queried; sample limited to top 20 MMSI by gaps
701006735,XIN SHI JI 98,XIN SHI JI 98,ARG,22eaa7210-0908-9867-edf1-da09c50decf1,1,1,2018-04-15 13:20:27+00:00,2018-04-15 13:20:27+00:00,1,1,1,60,7,2017 | 2018 | 2019 | 2023 | 2024 | 2025 | 2026,2017-01,2026-08,,,,,Not queried; sample limited to top 20 MMSI by gaps
701006744,EMPESUR 7,EMPESUR 7,ARG,f82b406e8-8d57-92e0-eb22-230581f013f1,1,1,2017-08-02 21:04:14+00:00,2017-08-02 21:04:14+00:00,1,1,1,61,10,2017 | 2018 | 2019 | 2020 | 2021 | 2022 | 2023 | 2024 | 2025 | 2026,2017-06,2026-08,,,,,Not queried; sample limited to top 20 MMSI by gaps
701006757,PUNTA PARDELAS,PUNTA PARDELAS,ARG,4b6608509-95c6-9b20-bdf0-8638055ce972,1,1,2018-06-05 00:37:28+00:00,2018-06-05 00:37:28+00:00,1,1,1,86,9,2018 | 2019 | 2020 | 2021 | 2022 | 2023 | 2024 | 2025 | 2026,2018-03,2026-08,,,,,Not queried; sample limited to top 20 MMSI by gaps
701006804,MADRE MARIA,MADRE MARIA,ARG,68c4c627d-d817-f465-e03e-e98927062afe,1,1,2024-07-22 12:17:37+00:00,2024-07-22 12:17:37+00:00,1,1,1,67,9,2018 | 2019 | 2020 | 2021 | 2022 | 2023 | 2024 | 2025 | 2026,2018-12,2026-07,,,,,Not queried; sample limited to top 20 MMSI by gaps
701007014,SANTA BARBARA,SANTA BARBARA,ARG,4a45027fd-d161-7fd2-5caa-b02e4c3012d5,1,1,2018-10-11 14:38:49+00:00,2018-10-11 14:38:49+00:00,1,1,1,77,8,2017 | 2018 | 2019 | 2020 | 2021 | 2022 | 2023 | 2024,2017-03,2024-05,,,,,Not queried; sample limited to top 20 MMSI by gaps
701007017,HUAFENG 822,HUAFENG 822,ARG,0cc90d4ff-f874-7fcd-1256-3cf79958db12,1,1,2020-03-09 15:35:08+00:00,2020-03-09 15:35:08+00:00,1,1,1,93,10,2017 | 2018 | 2019 | 2020 | 2021 | 2022 | 2023 | 2024 | 2025 | 2026,2017-09,2026-08,,,,,Not queried; sample limited to top 20 MMSI by gaps
701023000,CAROLINA P,CAROLINA P,ARG,c0f428d41-1817-70a6-ce4b-11cb6433b657,1,1,2026-04-04 15:00:54+00:00,2026-04-04 15:00:54+00:00,1,1,1,80,10,2017 | 2018 | 2019 | 2020 | 2021 | 2022 | 2023 | 2024 | 2025 | 2026,2017-01,2026-04,,,,,Not queried; sample limited to top 20 MMSI by gaps
701070000,LUCIA LUISA,LUCIA LUISA,ARG,e18041fbb-b227-a85f-a019-802fae424ca8,1,1,2019-05-30 07:10:11+00:00,2019-05-30 07:10:11+00:00,1,1,1,60,10,2017 | 2018 | 2019 | 2020 | 2021 | 2022 | 2023 | 2024 | 2025 | 2026,2017-05,2026-08,,,,,Not queried; sample limited to top 20 MMSI by gaps
701094000,ARGENOVA 22,ARGENOVA 22,ARG,52d8e2a1a-a174-dee0-55e4-d2324084af68,1,1,2019-05-14 20:21:35+00:00,2019-05-14 20:21:35+00:00,1,1,1,105,10,2017 | 2018 | 2019 | 2020 | 2021 | 2022 | 2023 | 2024 | 2025 | 2026,2017-01,2026-08,,,,,Not queried; sample limited to top 20 MMSI by gaps
701100000,ARGENOVA 26,ARGENOVA 26,ARG,6caaba333-394f-4e88-7843-a4fd9cc77c18,1,1,2024-07-02 06:48:03+00:00,2024-07-02 06:48:03+00:00,1,1,1,102,10,2017 | 2018 | 2019 | 2020 | 2021 | 2022 | 2023 | 2024 | 2025 | 2026,2017-04,2026-08,,,,,Not queried; sample limited to top 20 MMSI by gaps
701100794,,,ARG,f267f1af1-1f30-b38b-871c-7e2be3bcc83e,1,1,2025-07-31 11:58:05+00:00,2025-07-31 11:58:05+00:00,1,1,1,3,2,2025 | 2026,2025-06,2026-03,,,,,Not queried; sample limited to top 20 MMSI by gaps
701133000,XIN SHI JI 26,XIN SHI JI 26,ARG,1b08c8713-3112-513b-d03c-8ff3b6fb1a24,1,1,2024-04-07 20:00:41+00:00,2024-04-07 20:00:41+00:00,1,1,1,49,7,2020 | 2021 | 2022 | 2023 | 2024 | 2025 | 2026,2020-01,2026-04,,,,,Not queried; sample limited to top 20 MMSI by gaps
701136000,XIN SHI JI 28,XIN SHI JI 28,ARG,f56132072-2022-0da0-252e-45476871ca62,1,1,2023-01-09 19:20:24+00:00,2023-01-09 19:20:24+00:00,1,1,1,48,7,2020 | 2021 | 2022 | 2023 | 2024 | 2025 | 2026,2020-01,2026-05,,,,,Not queried; sample limited to top 20 MMSI by gaps
701139000,LU QING YUAN YU 288,LU QING YUAN YU 288,ARG,cf3cabd03-36da-2638-76d6-c9cf6d16625b,1,1,2022-03-04 16:05:58+00:00,2022-03-04 16:05:58+00:00,1,1,1,78,8,2019 | 2020 | 2021 | 2022 | 2023 | 2024 | 2025 | 2026,2019-12,2026-08,,,,,Not queried; sample limited to top 20 MMSI by gaps
701144000,LU QING YUAN YU 287,LU QING YUAN YU 287,ARG,efe4f4f04-41c6-b56c-698c-247a1c9eb36a,1,1,2023-01-18 14:04:17+00:00,2023-01-18 14:04:17+00:00,1,1,1,59,7,2020 | 2021 | 2022 | 2023 | 2024 | 2025 | 2026,2020-12,2026-08,,,,,Not queried; sample limited to top 20 MMSI by gaps
701157000,LU QING YUAN YU 275,LU QING YUAN YU 275,ARG,431e6ef90-0504-1e1a-788e-2cd60a1dc273,1,1,2025-06-02 04:34:56+00:00,2025-06-02 04:34:56+00:00,1,1,1,29,3,2024 | 2025 | 2026,2024-04,2026-08,,,,,Not queried; sample limited to top 20 MMSI by gaps
710000024,GRACA E PAZ 4,GRACA E PAZ 4,BRA,b77d35a36-6ed0-a348-3235-5063ed5d3751,1,1,2022-02-15 03:53:36+00:00,2022-02-15 03:53:36+00:00,0,0,0,0,0,,,,,,,,Not queried; sample limited to top 20 MMSI by gaps
710000849,VIRGEN MARIA,VIRGEN MARIA,BRA,87d7858e4-4c2b-b3e5-b567-b31831ca2438,1,1,2024-10-18 11:09:23+00:00,2024-10-18 11:09:23+00:00,1,0,1,1,1,2024,2024-10,2024-10,,,,,Not queried; sample limited to top 20 MMSI by gaps
710001123,ULUWATU  II,ULUWATU  II,BRA,114573bab-b6ad-a5ff-f501-740d5b2872a6,1,1,2020-10-10 04:07:15+00:00,2020-10-10 04:07:15+00:00,0,0,0,0,0,,,,,,,,Not queried; sample limited to top 20 MMSI by gaps
710001511,NAF,NAF,BRA,36baeea76-673c-5ad6-c294-ebae1ada5d76,1,1,2020-03-25 15:11:07+00:00,2020-03-25 15:11:07+00:00,0,0,0,0,0,,,,,,,,Not queried; sample limited to top 20 MMSI by gaps
710002698,DONA CLEIA F,DONA CLEIA F,BRA,a9d2360a1-1eba-13c0-dbc4-da4a0186fd4f,1,1,2026-07-31 22:58:20+00:00,2026-07-31 22:58:20+00:00,0,0,0,0,0,,,,,,,,Not queried; sample limited to top 20 MMSI by gaps
710006415,NAF,NAF,BRA,b276e9061-1d9e-657c-a23c-e1231dc7638d,1,1,2020-09-04 20:05:04+00:00,2020-09-04 20:05:04+00:00,0,0,0,0,0,,,,,,,,Not queried; sample limited to top 20 MMSI by gaps
710006991,COLUMBUS I,COLUMBUS I,BRA,8d1fac3f4-4246-c8fc-8f78-924b1a19a612,1,1,2023-06-02 20:06:17+00:00,2023-06-02 20:06:17+00:00,0,0,0,0,0,,,,,,,,Not queried; sample limited to top 20 MMSI by gaps
710023232,CRISTO REI C,CRISTO REI C,BRA,4d38d6659-98b8-6650-f696-d092d88f0beb,1,1,2018-01-15 01:00:02+00:00,2018-01-15 01:00:02+00:00,0,0,0,0,0,,,,,,,,Not queried; sample limited to top 20 MMSI by gaps
710033333,BRISA DO MAR II,BRISA DO MAR II,BRA,5bc4f4508-8ddd-72dd-8f39-01504c5ae889,1,1,2025-01-23 01:45:18+00:00,2025-01-23 01:45:18+00:00,0,0,0,0,0,,,,,,,,Not queried; sample limited to top 20 MMSI by gaps
710054321,CAPITAO LUCAS,CAPITAO LUCAS,BRA,d3959c07d-d720-1bbb-9e29-92155cfa6040,1,1,2022-07-21 22:56:16+00:00,2022-07-21 22:56:16+00:00,0,0,0,0,0,,,,,,,,Not queried; sample limited to top 20 MMSI by gaps
710090011,FRUTO DA FE,FRUTO DA FE,BRA,5dcbe4275-5fd8-58bc-8b2c-222abaa7492f,1,1,2024-07-12 00:35:08+00:00,2024-07-12 00:35:08+00:00,0,0,0,0,0,,,,,,,,Not queried; sample limited to top 20 MMSI by gaps
710092446,PROMESSA JC,PROMESSA JC,BRA,d0c2269e9-9d4d-8526-1459-15d174f84fd3,1,1,2025-04-27 01:46:13+00:00,2025-04-27 01:46:13+00:00,0,0,0,0,0,,,,,,,,Not queried; sample limited to top 20 MMSI by gaps
710100030,POLACO M ROBNHO,POLACO M ROBNHO,BRA,7c975872c-c7f1-253a-95ae-f3bfce032b18,1,1,2024-02-01 16:28:16+00:00,2024-02-01 16:28:16+00:00,0,0,0,0,0,,,,,,,,Not queried; sample limited to top 20 MMSI by gaps
710104800,LEIXOES I,LEIXOES I,BRA,5225f54bb-b636-85e3-78a6-c5da31352a55,1,1,2021-08-12 19:25:27+00:00,2021-08-12 19:25:27+00:00,0,0,0,0,0,,,,,,,,Not queried; sample limited to top 20 MMSI by gaps
710111561,ANA AMARAL I,ANA AMARAL I,BRA,0c741f1c7-7c33-c897-58a3-6e99c8bb82b0,1,1,2025-01-25 03:07:43+00:00,2025-01-25 03:07:43+00:00,0,0,0,0,0,,,,,,,,Not queried; sample limited to top 20 MMSI by gaps
710112239,ZENN,ZENN,BRA,a5ca2ed7b-be52-71d1-9c46-1b2e84888fd4,1,1,2024-06-23 00:55:15+00:00,2024-06-23 00:55:15+00:00,0,0,0,0,0,,,,,,,,Not queried; sample limited to top 20 MMSI by gaps
710112277,BOA FE M,BOA FE M,BRA,0ffc88490-0e4f-3981-dcf7-1bb892fc78e5,1,1,2023-06-12 11:26:08+00:00,2023-06-12 11:26:08+00:00,0,0,0,0,0,,,,,,,,Not queried; sample limited to top 20 MMSI by gaps
710116652,VO MAEL,VO MAEL,BRA,f22dd2650-096c-2825-e8b8-787c5867fb61,1,1,2025-01-23 15:26:51+00:00,2025-01-23 15:26:51+00:00,0,0,0,0,0,,,,,,,,Not queried; sample limited to top 20 MMSI by gaps
710117712,SOBRE AS ONDAS,SOBRE AS ONDAS,BRA,3fd9ccc50-0ddf-efe9-3ed3-7ed37d55a6dd,1,1,2023-01-23 12:11:05+00:00,2023-01-23 12:11:05+00:00,0,0,0,0,0,,,,,,,,Not queried; sample limited to top 20 MMSI by gaps
710118362,VO CICINHO,VO CICINHO,BRA,acf55c4d2-2719-09e2-21ca-ad526516f893,1,1,2023-04-15 14:11:21+00:00,2023-04-15 14:11:21+00:00,0,0,0,0,0,,,,,,,,Not queried; sample limited to top 20 MMSI by gaps
710164015,VO MINGO,VO MINGO,BRA,6c947a7c3-32c5-91cb-2988-2a16375aa6bb,1,1,2023-01-31 01:17:58+00:00,2023-01-31 01:17:58+00:00,0,0,0,0,0,,,,,,,,Not queried; sample limited to top 20 MMSI by gaps
710228880,GABRIEL G,GABRIEL G,BRA,089c62fae-ef75-3834-e719-794028efd266,1,1,2025-11-12 05:11:25+00:00,2025-11-12 05:11:25+00:00,0,0,0,0,0,,,,,,,,Not queried; sample limited to top 20 MMSI by gaps
710246812,MAR CRISTALINO VP,MAR CRISTALINO VP,BRA,3f234f5d1-1e0b-814e-e801-d04cc79c98f2,1,1,2023-07-13 09:49:07+00:00,2023-07-13 09:49:07+00:00,0,0,0,0,0,,,,,,,,Not queried; sample limited to top 20 MMSI by gaps
710251934,ANJ R,ANJ R,BRA,69d385acf-f1c7-cb0b-9dc7-99016c976ce2,1,1,2025-12-03 14:48:20+00:00,2025-12-03 14:48:20+00:00,0,0,0,0,0,,,,,,,,Not queried; sample limited to top 20 MMSI by gaps
710284750,VENEZA F,VENEZA F,BRA,ecc0fed4b-b8a8-8291-ca6e-794638cacbc0,1,1,2023-11-12 00:06:55+00:00,2023-11-12 00:06:55+00:00,0,0,0,0,0,,,,,,,,Not queried; sample limited to top 20 MMSI by gaps
710382763,BARCO PESCA ARRASTO,BARCO PESCA ARRASTO,BRA,262d9f83e-ec80-1d35-5606-5e1e5d2eeaa1,1,1,2025-05-06 15:49:37+00:00,2025-05-06 15:49:37+00:00,0,0,0,0,0,,,,,,,,Not queried; sample limited to top 20 MMSI by gaps
710457410,VO DAVID,VO DAVID,BRA,ea6f31f30-0d48-4238-c97b-3be5523213b0,1,1,2025-02-18 00:42:31+00:00,2025-02-18 00:42:31+00:00,0,0,0,0,0,,,,,,,,Not queried; sample limited to top 20 MMSI by gaps
710490660,J0A0>VICT0R IV,J0A0>VICT0R IV,BRA,ec3909de6-6041-2b86-41c1-793152f0661f,1,1,2019-03-24 00:40:54+00:00,2019-03-24 00:40:54+00:00,0,0,0,0,0,,,,,,,,Not queried; sample limited to top 20 MMSI by gaps
710515559,BERNARDO XVII,BERNARDO XVII,BRA,53a0a3d9c-c04e-fde7-e2bb-2df1bb185377,1,1,2021-09-08 14:01:05+00:00,2021-09-08 14:01:05+00:00,0,0,0,0,0,,,,,,,,Not queried; sample limited to top 20 MMSI by gaps
710522742,VO VINAGRE,VO VINAGRE,BRA,67ad7bbb7-73c2-436c-db59-c890c16da41e,1,1,2023-04-24 19:47:58+00:00,2023-04-24 19:47:58+00:00,0,0,0,0,0,,,,,,,,Not queried; sample limited to top 20 MMSI by gaps
710542016,GUNNAR VINGREN,GUNNAR VINGREN,BRA,76d6a2580-0f79-c909-b8c8-16c52e7c887b,1,1,2018-01-15 23:17:44+00:00,2018-01-15 23:17:44+00:00,0,0,0,0,0,,,,,,,,Not queried; sample limited to top 20 MMSI by gaps
710555014,ROTA DO MAR III,ROTA DO MAR III,BRA,1a750d28c-c9fe-fd5d-80b7-7be45120bfea,1,1,2021-09-12 00:17:33+00:00,2021-09-12 00:17:33+00:00,0,0,0,0,0,,,,,,,,Not queried; sample limited to top 20 MMSI by gaps
710555017,ROTA DO MAR I,ROTA DO MAR I,BRA,0b15f3de2-210b-72b5-6806-06542e1324ac,1,1,2018-09-30 18:47:18+00:00,2018-09-30 18:47:18+00:00,0,0,0,0,0,,,,,,,,Not queried; sample limited to top 20 MMSI by gaps
710616282,ALALUNGA VIII,ALALUNGA VIII,BRA,9c810f3b5-5634-1624-e9bd-5f345b5bf68a,1,1,2019-01-30 20:51:36+00:00,2019-01-30 20:51:36+00:00,0,0,0,0,0,,,,,,,,Not queried; sample limited to top 20 MMSI by gaps
710784453,OLIVEIRA R - B4 100%,OLIVEIRA R - B4 100%,BRA,08c7d3f38-83ac-663b-1686-1f380b1af905,1,1,2024-07-12 14:15:31+00:00,2024-07-12 14:15:31+00:00,0,0,0,0,0,,,,,,,,Not queried; sample limited to top 20 MMSI by gaps
710786361,AQUARIUS S,AQUARIUS S,BRA,3503e5ca3-3a35-afdf-2fe0-6beeb711cd10,1,1,2019-10-23 18:09:58+00:00,2019-10-23 18:09:58+00:00,0,0,0,0,0,,,,,,,,Not queried; sample limited to top 20 MMSI by gaps
710905200,ULUWATU I,ULUWATU I,BRA,4f388bd88-865c-23bb-6231-2ac5026986d0,1,1,2024-09-05 23:44:03+00:00,2024-09-05 23:44:03+00:00,0,0,0,0,0,,,,,,,,Not queried; sample limited to top 20 MMSI by gaps
710915169,C0LUMBUS I-II,C0LUMBUS I-II,BRA,cde126f37-77a7-7348-f057-2fd7f45fadcf,1,1,2019-04-11 14:23:14+00:00,2019-04-11 14:23:14+00:00,0,0,0,0,0,,,,,,,,Not queried; sample limited to top 20 MMSI by gaps
710984685,CUNHAMAR II,CUNHAMAR II,BRA,9fe6ca133-3db4-aa5f-185d-a5b423b7088f,1,1,2023-09-04 14:34:39+00:00,2023-09-04 14:34:39+00:00,0,0,0,0,0,,,,,,,,Not queried; sample limited to top 20 MMSI by gaps
710985568,FLORIPA  EJ I,FLORIPA  EJ I,BRA,af9fc3175-5de1-654b-740a-60bd07d441ff,1,1,2024-08-09 12:50:06+00:00,2024-08-09 12:50:06+00:00,0,0,0,0,0,,,,,,,,Not queried; sample limited to top 20 MMSI by gaps
713192900,P0TA DA PRAINHA,P0TA DA PRAINHA,UNKNOWN,293081136-6706-953f-8d3b-a9281a4dd34f,1,1,2019-01-11 01:39:36+00:00,2019-01-11 01:39:36+00:00,0,0,0,0,0,,,,,,,,Not queried; sample limited to top 20 MMSI by gaps
713346809,PRIMAVERA XVII,PRIMAVERA XVII,UNKNOWN,9462de91f-ff12-f090-cce7-7c2639c941a9,1,1,2018-09-19 18:57:30+00:00,2018-09-19 18:57:30+00:00,0,0,0,0,0,,,,,,,,Not queried; sample limited to top 20 MMSI by gaps
714430086,ARVOREDO(1),ARVOREDO(1),UNKNOWN,ccdf9b990-0be9-925c-56b1-b992426e5dba,1,1,2023-01-23 12:10:39+00:00,2023-01-23 12:10:39+00:00,0,0,0,0,0,,,,,,,,Not queried; sample limited to top 20 MMSI by gaps
715228543,AGUIA DO MAR V,AGUIA DO MAR V,UNKNOWN,8d3ca500b-b0b1-7208-e934-706e8dfd45a8,1,1,2019-01-14 01:05:08+00:00,2019-01-14 01:05:08+00:00,0,0,0,0,0,,,,,,,,Not queried; sample limited to top 20 MMSI by gaps
716353264,VITORIA FILHA II,VITORIA FILHA II,UNKNOWN,57b376346-6efb-84a7-6ea9-4b144e3c1610,1,1,2018-04-07 19:39:41+00:00,2018-04-07 19:39:41+00:00,0,0,0,0,0,,,,,,,,Not queried; sample limited to top 20 MMSI by gaps
719118344,DONA SANTINA,DONA SANTINA,UNKNOWN,20f114d2e-e94c-d317-2a06-c62322822dbd,1,1,2021-04-29 18:57:06+00:00,2021-04-29 18:57:06+00:00,0,0,0,0,0,,,,,,,,Not queried; sample limited to top 20 MMSI by gaps
719253501,VO SILVESTRE I,VO SILVESTRE I,UNKNOWN,3872f3507-72d8-5b7d-ce4f-98da9f782969,1,1,2018-09-08 20:55:32+00:00,2018-09-08 20:55:32+00:00,0,0,0,0,0,,,,,,,,Not queried; sample limited to top 20 MMSI by gaps
719673758,MANOEL LESSA,MANOEL LESSA,UNKNOWN,dfd142803-32e0-9122-efa7-0d317c01e35d,1,1,2023-01-22 22:21:01+00:00,2023-01-22 22:21:01+00:00,0,0,0,0,0,,,,,,,,Not queried; sample limited to top 20 MMSI by gaps
725000357,PUERTO BALLENA,PUERTO BALLENA,CHL,428d3868d-d961-c8ed-2677-fd10e8e0a2d5,1,1,2024-08-18 03:14:58+00:00,2024-08-18 03:14:58+00:00,0,0,0,34,8,2017 | 2020 | 2021 | 2022 | 2023 | 2024 | 2025 | 2026,2017-02,2026-08,,,,,Not queried; sample limited to top 20 MMSI by gaps
725015600,DIEGO RAMIREZ,DIEGO RAMIREZ,CHL,0890a64db-bc14-66a0-2579-5d67aa5a1528,1,1,2020-08-27 14:54:24+00:00,2020-08-27 14:54:24+00:00,0,0,0,15,4,2017 | 2018 | 2020 | 2021,2017-02,2021-05,,,,,Not queried; sample limited to top 20 MMSI by gaps
740333000,PETREL,PETREL,FLK,d150740ac-c4b5-cdd4-93ed-77b9be7475df,1,1,2020-10-07 13:39:11+00:00,2020-10-07 13:39:11+00:00,0,0,0,0,0,,,,,,,,Not queried; sample limited to top 20 MMSI by gaps
740402000,MONTEFERRO,MONTEFERRO,FLK,ec0ccfb40-0a5f-0713-6195-8e6cc6ec116e,1,1,2018-01-22 03:07:03+00:00,2018-01-22 03:07:03+00:00,0,0,0,0,0,,,,,,,,Not queried; sample limited to top 20 MMSI by gaps
770576059,ATLANTIC RUTHANN,ATLANTIC RUTHANN,URY,1cac4da5f-fdf4-1880-03a3-8b78c23d6604,1,1,2020-01-27 00:23:14+00:00,2020-01-27 00:23:14+00:00,1,1,1,54,7,2018 | 2019 | 2020 | 2021 | 2022 | 2023 | 2024,2018-06,2024-12,,,,,Not queried; sample limited to top 20 MMSI by gaps
770576063,ZURITA,ZURITA,URY,2ccaebd25-54d2-41fa-4f31-d1a1ac4f5583,1,1,2019-09-06 16:31:23+00:00,2019-09-06 16:31:23+00:00,0,1,1,52,8,2017 | 2018 | 2019 | 2020 | 2021 | 2022 | 2023 | 2024,2017-02,2024-10,,,,,Not queried; sample limited to top 20 MMSI by gaps
770576071,TORRES DEL PAINE,TORRES DEL PAINE,URY,4b2e50282-277e-2e10-51ef-602794e0bf39,1,1,2017-06-05 22:11:24+00:00,2017-06-05 22:11:24+00:00,0,0,0,18,2,2017 | 2018,2017-04,2018-12,,,,,Not queried; sample limited to top 20 MMSI by gaps
770576102,NONI II,NONI II,URY,05788b3d7-7e2f-1875-e05c-b7ad6269e165,1,1,2020-03-05 23:54:16+00:00,2020-03-05 23:54:16+00:00,1,1,1,74,10,2017 | 2018 | 2019 | 2020 | 2021 | 2022 | 2023 | 2024 | 2025 | 2026,2017-02,2026-08,,,,,Not queried; sample limited to top 20 MMSI by gaps
770576117,FLORIDA,FLORIDA,URY,b9d88fad0-0056-6cff-d312-fc8cf8c6be4b,1,1,2017-11-03 13:30:36+00:00,2017-11-03 13:30:36+00:00,1,0,1,44,10,2017 | 2018 | 2019 | 2020 | 2021 | 2022 | 2023 | 2024 | 2025 | 2026,2017-01,2026-07,,,,,Not queried; sample limited to top 20 MMSI by gaps
770576118,TACUAREMBO,TACUAREMBO,URY,bd9d88d88-892d-2f39-c034-f754db82a88f,1,1,2017-11-03 13:27:26+00:00,2017-11-03 13:27:26+00:00,1,0,1,50,10,2017 | 2018 | 2019 | 2020 | 2021 | 2022 | 2023 | 2024 | 2025 | 2026,2017-01,2026-08,,,,,Not queried; sample limited to top 20 MMSI by gaps
770576122,PROMAR XXII,PROMAR XXII,URY,8c43f13cc-cd19-8ad2-23a1-2ebef2eefddf,1,1,2017-10-12 16:57:14+00:00,2017-10-12 16:57:14+00:00,0,0,0,57,10,2017 | 2018 | 2019 | 2020 | 2021 | 2022 | 2023 | 2024 | 2025 | 2026,2017-01,2026-07,,,,,Not queried; sample limited to top 20 MMSI by gaps
770576321,RAMBLA,RAMBLA,URY,3b48c1be5-5776-0f02-7ca4-b0fcbd012497,1,1,2017-04-13 00:04:00+00:00,2017-04-13 00:04:00+00:00,0,0,0,3,2,2018 | 2019,2018-12,2019-05,,,,,Not queried; sample limited to top 20 MMSI by gaps
770576439,ALTAMAR,ALTAMAR,URY,715ab7dce-e45b-b4f0-6452-b1ae062efdec,1,1,2018-11-15 11:23:07+00:00,2018-11-15 11:23:07+00:00,0,0,0,7,3,2018 | 2019 | 2021,2018-05,2021-07,,,,,Not queried; sample limited to top 20 MMSI by gaps
770576483,OCEAN AZUL,OCEAN AZUL,URY,861217132-217b-21f8-2244-0a08f18a5d60,1,1,2021-11-13 17:10:00+00:00,2021-11-13 17:10:00+00:00,0,0,0,8,3,2021 | 2022 | 2024,2021-02,2024-03,,,,,Not queried; sample limited to top 20 MMSI by gaps
800366789,,,UNKNOWN,89b4bcd88-8ae2-fcbf-cdac-e22fd7e5fedf,1,1,2017-12-24 00:45:44+00:00,2017-12-24 00:45:44+00:00,0,0,0,2,1,2018,2018-03,2018-04,,,,,Not queried; sample limited to top 20 MMSI by gaps
9126869,ABC8,ABC8,UNKNOWN,b73d6398f-fffe-e45d-280e-60c38cab3644,1,1,2023-11-12 11:11:50+00:00,2023-11-12 11:11:50+00:00,0,0,0,0,0,,,,,,,,Not queried; sample limited to top 20 MMSI by gaps
9126896,DOM MANOEL XX,DOM MANOEL XX,UNKNOWN,821de643a-a47d-bd89-8f30-53d477a27a23,1,1,2023-09-11 14:07:39+00:00,2023-09-11 14:07:39+00:00,0,0,0,0,0,,,,,,,,Not queried; sample limited to top 20 MMSI by gaps
982091089,DCH WORKBOAT 108,DCH WORKBOAT 108,UNKNOWN,457148cfb-becf-a05f-f066-17f8d8ed4edb,1,1,2024-06-15 20:03:53+00:00,2024-06-15 20:03:53+00:00,0,0,0,0,0,,,,,,,,Not queried; sample limited to top 20 MMSI by gaps
982579080,EMPRESS WB1617,EMPRESS WB1617,UNKNOWN,c3a849f99-9276-0f30-c1a8-69017e7b4798,1,1,2020-01-14 07:36:17+00:00,2020-01-14 07:36:17+00:00,0,1,1,2,1,2020,2020-01,2020-02,,,,,Not queried; sample limited to top 20 MMSI by gaps
991477014,BRISA C,BRISA C,UNKNOWN,75b1d54c4-41f3-68f9-0041-63099a02a374,1,1,2023-09-11 23:13:00+00:00,2023-09-11 23:13:00+00:00,0,0,0,0,0,,,,,,,,Not queried; sample limited to top 20 MMSI by gaps
996278653,D ARMAN,D ARMAN,UNKNOWN,90ce49d84-4b57-4432-a86c-28014bfe07e7,1,1,2018-08-20 14:56:29+00:00,2018-08-20 14:56:29+00:00,0,0,0,0,0,,,,,,,,Not queried; sample limited to top 20 MMSI by gaps
996332016,FLORIPA LM,FLORIPA LM,UNKNOWN,00e50b75d-dde4-0528-3061-1bfe0eba42e8,1,1,2023-07-30 13:31:05+00:00,2023-07-30 13:31:05+00:00,0,0,0,0,0,,,,,,,,Not queried; sample limited to top 20 MMSI by gaps
996754290,ALALUNGA 8,ALALUNGA 8,UNKNOWN,47767ae37-7bc9-3507-1748-badc1a8baa0f,1,1,2024-12-30 00:30:21+00:00,2024-12-30 00:30:21+00:00,0,0,0,0,0,,,,,,,,Not queried; sample limited to top 20 MMSI by gaps
997102030,ANA CLARA BOIA 7,ANA CLARA BOIA 7,UNKNOWN,fdd087320-0f10-2535-4df0-28715bff3acf,1,1,2025-06-28 12:12:29+00:00,2025-06-28 12:12:29+00:00,0,0,0,0,0,,,,,,,,Not queried; sample limited to top 20 MMSI by gaps
999050886,DONA_CATARINA  2,DONA_CATARINA  2,UNKNOWN,4047f890b-b972-49ea-711b-3f14dceb2a93,1,1,2024-01-07 18:12:19+00:00,2024-01-07 18:12:19+00:00,0,0,0,0,0,,,,,,,,Not queried; sample limited to top 20 MMSI by gaps
