mmsi,name,year,gaps,flags,either_endpoint_inside_eez
412326888,HAI XING 1,2017,8,CHN,0
412326888,HAI XING 1,2018,2,CHN,0
412326888,HAI XING 1,2019,3,CHN,0
412326888,HAI XING 1,2020,12,CHN,0
412329689,LU QING YUAN YU 208,2017,43,CHN,0
412329689,LU QING YUAN YU 208,2018,45,CHN,0
412329689,LU QING YUAN YU 208,2019,93,CHN,0
412329689,LU QING YUAN YU 208,2020,17,CHN,0
412329689,LU QING YUAN YU 208,2021,1,CHN,0
412329689,LU QING YUAN YU 208,2022,1,CHN,0
224754000,PLAYA DE GALICIA,2017,18,ESP,0
224754000,PLAYA DE GALICIA,2018,25,ESP,0
224754000,PLAYA DE GALICIA,2019,27,ESP,0
224754000,PLAYA DE GALICIA,2020,40,ESP,0
224754000,PLAYA DE GALICIA,2021,14,ESP,0
224754000,PLAYA DE GALICIA,2022,33,ESP,0
224754000,PLAYA DE GALICIA,2023,17,ESP,0
224754000,PLAYA DE GALICIA,2024,4,ESP,0
224754000,PLAYA DE GALICIA,2025,1,ESP,0
224754000,PLAYA DE GALICIA,2026,9,ESP,0
224567000,PATRICIA NORES,2017,28,ESP,0
224567000,PATRICIA NORES,2018,10,ESP,0
224567000,PATRICIA NORES,2019,32,ESP,0
224567000,PATRICIA NORES,2020,16,ESP,0
224567000,PATRICIA NORES,2021,50,ESP,0
224567000,PATRICIA NORES,2022,21,ESP,0
224567000,PATRICIA NORES,2023,3,ESP,0
412331174,LURONGYUANYU178,2017,4,CHN,0
412331174,LURONGYUANYU178,2018,2,CHN,0
412331174,LURONGYUANYU178,2019,6,CHN,0
412331035,LU YAN YUAN YU 007,2017,2,CHN,0
412331035,LU YAN YUAN YU 007,2018,1,CHN,0
412331035,LU YAN YUAN YU 007,2021,1,CHN,0
440528000,PRATIDINA NO.28,2017,7,KOR,0
440528000,PRATIDINA NO.28,2018,21,KOR,0
440528000,PRATIDINA NO.28,2019,54,KOR,0
440528000,PRATIDINA NO.28,2020,30,KOR,0
440528000,PRATIDINA NO.28,2026,1,KOR,0
224820000,VILLA NORES,2017,24,ESP,0
224820000,VILLA NORES,2018,18,ESP,0
224820000,VILLA NORES,2019,69,ESP,0
224820000,VILLA NORES,2020,37,ESP,0
224820000,VILLA NORES,2021,20,ESP,0
440191000,AGNES5,2017,38,KOR,0
440191000,AGNES5,2018,37,KOR,0
440191000,AGNES5,2019,58,KOR,0
440191000,AGNES5,2020,27,KOR,0
440191000,AGNES5,2021,3,KOR,0
440191000,AGNES5,2024,1,KOR,0
412440452,FU YUAN YU7880,2017,8,CHN,0
412440452,FU YUAN YU7880,2018,2,CHN,0
412440452,FU YUAN YU7880,2019,1,CHN,0
412440452,FU YUAN YU7880,2023,1,CHN,1
441050000,COSECHA,2017,34,KOR,2
441050000,COSECHA,2018,53,KOR,0
441050000,COSECHA,2019,78,KOR,0
441050000,COSECHA,2020,26,KOR,0
441050000,COSECHA,2021,1,KOR,0
441050000,COSECHA,2022,1,KOR,0
412329691,LU QING-YUAN YU 209,2017,55,CHN,0
412329691,LU QING-YUAN YU 209,2018,91,CHN,0
412329691,LU QING-YUAN YU 209,2019,129,CHN,0
412329691,LU QING-YUAN YU 209,2020,10,CHN,0
412329691,LU QING-YUAN YU 209,2021,5,CHN,0
412329691,LU QING-YUAN YU 209,2022,2,CHN,0
412329691,LU QING-YUAN YU 209,2023,1,CHN,0
412329685,LU QING YUAN YU 202,2017,70,CHN,0
412329685,LU QING YUAN YU 202,2018,66,CHN,0
412329685,LU QING YUAN YU 202,2019,41,CHN,0
412329685,LU QING YUAN YU 202,2020,7,CHN,0
412329686,LU QING YUAN YU 205,2017,65,CHN,0
412329686,LU QING YUAN YU 205,2018,66,CHN,1
412329686,LU QING YUAN YU 205,2019,129,CHN,0
412329686,LU QING YUAN YU 205,2020,16,CHN,0
412329686,LU QING YUAN YU 205,2023,1,CHN,0
412329693,LU QING YUAN YU 211,2017,74,CHN,0
412329693,LU QING YUAN YU 211,2018,61,CHN,0
412329693,LU QING YUAN YU 211,2019,108,CHN,0
412329693,LU QING YUAN YU 211,2020,19,CHN,0
224388201,,2017,13,ESP,0
412326889,YONG XING 1,2017,21,CHN,0
412326889,YONG XING 1,2018,2,CHN,0
412326889,YONG XING 1,2019,6,CHN,0
412326889,YONG XING 1,2020,1,CHN,0
412328786,WEIYU16,2017,5,CHN,0
412328786,WEIYU16,2018,18,CHN,0
412328786,WEIYU16,2019,13,CHN,0
412331034,LUYANYUANYU006,2017,17,CHN,0
412331034,LUYANYUANYU006,2024,1,CHN,0
412328764,HAIYANG 6,2017,6,CHN,0
412328764,HAIYANG 6,2018,13,CHN,0
412328764,HAIYANG 6,2019,13,CHN,0
412328764,HAIYANG 6,2020,1,CHN,0
412328764,HAIYANG 6,2021,1,CHN,0
412328764,HAIYANG 6,2022,1,CHN,0
412328764,HAIYANG 6,2023,5,CHN,0
412328764,HAIYANG 6,2024,4,CHN,0
412331089,JING YUAN 626,2017,2,CHN,0
412331089,JING YUAN 626,2018,2,CHN,0
412329694,LU QING YUAN YU 212,2017,49,CHN,0
412329694,LU QING YUAN YU 212,2018,73,CHN,0
412329694,LU QING YUAN YU 212,2019,92,CHN,0
412329694,LU QING YUAN YU 212,2020,14,CHN,0
412329694,LU QING YUAN YU 212,2021,1,CHN,0
412329692,LU QING YUAN YU 210,2017,44,CHN,0
412329692,LU QING YUAN YU 210,2018,39,CHN,0
412329692,LU QING YUAN YU 210,2019,12,CHN,0
412329692,LU QING YUAN YU 210,2020,14,CHN,0
412329692,LU QING YUAN YU 210,2021,3,CHN,0
224004000,PLAYA DA CATIVA,2017,26,ESP,0
224004000,PLAYA DA CATIVA,2018,27,ESP,0
224004000,PLAYA DA CATIVA,2019,23,ESP,0
224004000,PLAYA DA CATIVA,2020,44,ESP,1
224004000,PLAYA DA CATIVA,2021,25,ESP,0
224004000,PLAYA DA CATIVA,2022,24,ESP,0
224004000,PLAYA DA CATIVA,2023,50,ESP,0
224004000,PLAYA DA CATIVA,2024,29,ESP,0
224004000,PLAYA DA CATIVA,2025,26,ESP,0
224004000,PLAYA DA CATIVA,2026,44,ESP,0
412331068,LURONGYUANYU802,2017,3,CHN,0
412331068,LURONGYUANYU802,2022,1,CHN,0
412331068,LURONGYUANYU802,2023,1,CHN,0
412331068,LURONGYUANYU802,2025,1,CHN,0
440899000,F/V SAE IN CHAMPION,2017,5,KOR,0
440899000,F/V SAE IN CHAMPION,2018,8,KOR,0
224732000,PLAYA DE SARTAXENS,2017,46,ESP,0
224732000,PLAYA DE SARTAXENS,2018,46,ESP,0
224732000,PLAYA DE SARTAXENS,2019,31,ESP,0
224732000,PLAYA DE SARTAXENS,2020,16,ESP,0
224732000,PLAYA DE SARTAXENS,2021,34,ESP,0
224732000,PLAYA DE SARTAXENS,2022,3,ESP,0
224732000,PLAYA DE SARTAXENS,2023,1,ESP,0
224732000,PLAYA DE SARTAXENS,2025,1,ESP,0
224526000,FAKIR,2017,15,ESP,0
224526000,FAKIR,2018,9,ESP,0
224526000,FAKIR,2019,26,ESP,0
224526000,FAKIR,2020,13,ESP,0
224526000,FAKIR,2021,6,ESP,0
224526000,FAKIR,2022,2,ESP,0
224526000,FAKIR,2023,4,ESP,0
224526000,FAKIR,2026,1,ESP,0
224770000,PLAYA PESMAR DOS,2017,25,ESP,2
224770000,PLAYA PESMAR DOS,2018,46,ESP,2
224770000,PLAYA PESMAR DOS,2019,27,ESP,1
224770000,PLAYA PESMAR DOS,2020,35,ESP,0
224770000,PLAYA PESMAR DOS,2021,33,ESP,0
224770000,PLAYA PESMAR DOS,2022,27,ESP,0
224770000,PLAYA PESMAR DOS,2023,34,ESP,1
224770000,PLAYA PESMAR DOS,2024,24,ESP,0
224770000,PLAYA PESMAR DOS,2025,4,ESP,0
224770000,PLAYA PESMAR DOS,2026,12,ESP,0
441784000,SAE IN MASTER,2017,2,KOR,0
441784000,SAE IN MASTER,2020,5,KOR,0
441784000,SAE IN MASTER,2021,10,KOR,1
441784000,SAE IN MASTER,2022,1,KOR,0
440216000,102KUMYANG,2017,3,KOR,0
440216000,102KUMYANG,2018,2,KOR,0
440216000,102KUMYANG,2019,4,KOR,0
440216000,102KUMYANG,2020,1,KOR,0
412331052,JING YUAN 616,2017,5,CHN,0
412331052,JING YUAN 616,2018,3,CHN,0
412331052,JING YUAN 616,2019,3,CHN,0
412331052,JING YUAN 616,2022,4,CHN,0
412331052,JING YUAN 616,2023,6,CHN,0
412331052,JING YUAN 616,2024,10,CHN,0
412331052,JING YUAN 616,2025,3,CHN,0
412331052,JING YUAN 616,2026,9,CHN,0
441769000,OYANG75,2017,53,KOR,1
441769000,OYANG75,2018,76,KOR,0
441769000,OYANG75,2019,47,KOR,1
412331067,LURONGYUANYU801,2017,12,CHN,0
412331067,LURONGYUANYU801,2018,19,CHN,0
412331067,LURONGYUANYU801,2019,47,CHN,0
412331067,LURONGYUANYU801,2020,19,CHN,0
412331053,JING YUAN 618,2017,4,CHN,0
412331053,JING YUAN 618,2018,1,CHN,0
412331053,JING YUAN 618,2023,10,CHN,0
412331053,JING YUAN 618,2025,1,CHN,0
412331053,JING YUAN 618,2026,3,CHN,0
412331091,JING YUAN628,2017,16,CHN,0
412331091,JING YUAN628,2018,1,CHN,0
412331091,JING YUAN628,2021,1,CHN,0
412331091,JING YUAN628,2023,1,CHN,0
412331091,JING YUAN628,2026,1,CHN,0
440652000,808TONGYOUNG,2017,9,KOR,1
440652000,808TONGYOUNG,2018,1,KOR,0
440652000,808TONGYOUNG,2019,1,KOR,0
224540000,PESCA VAQUEIRO,2017,6,ESP,0
224540000,PESCA VAQUEIRO,2018,20,ESP,0
224540000,PESCA VAQUEIRO,2019,13,ESP,0
224540000,PESCA VAQUEIRO,2020,39,ESP,0
224540000,PESCA VAQUEIRO,2021,3,ESP,0
224540000,PESCA VAQUEIRO,2022,4,ESP,0
224540000,PESCA VAQUEIRO,2023,5,ESP,0
412331135,LU YAN YUAN YU 518,2017,1,CHN,0
224888000,SANTA MARINA,2017,20,ESP,0
224888000,SANTA MARINA,2018,45,ESP,0
224888000,SANTA MARINA,2019,13,ESP,0
224888000,SANTA MARINA,2020,26,ESP,0
224888000,SANTA MARINA,2021,41,ESP,0
224888000,SANTA MARINA,2022,30,ESP,0
224888000,SANTA MARINA,2023,20,ESP,0
224888000,SANTA MARINA,2024,15,ESP,0
224888000,SANTA MARINA,2025,1,ESP,0
224888000,SANTA MARINA,2026,4,ESP,0
441412000,AGNES109,2017,4,KOR,0
412331037,LU YAN YUAN YU 009,2017,1,CHN,0
701045000,VERDEL,2017,26,ARG,23
701045000,VERDEL,2018,13,ARG,12
701045000,VERDEL,2020,1,ARG,1
701045000,VERDEL,2021,1,ARG,1
701045000,VERDEL,2025,2,ARG,2
412328785,WEIYU18,2017,1,CHN,0
412328785,WEIYU18,2018,19,CHN,0
412328785,WEIYU18,2019,11,CHN,0
412328785,WEIYU18,2025,1,CHN,0
412328785,WEIYU18,2026,1,CHN,0
740375000,PROTEGAT,2017,10,FLK,0
740375000,PROTEGAT,2018,4,FLK,0
740375000,PROTEGAT,2019,13,FLK,0
740375000,PROTEGAT,2020,4,FLK,0
740375000,PROTEGAT,2021,7,FLK,0
740375000,PROTEGAT,2022,11,FLK,0
740375000,PROTEGAT,2023,1,FLK,0
440256000,OYANG77,2017,41,KOR,0
440256000,OYANG77,2018,44,KOR,0
440256000,OYANG77,2019,28,KOR,1
440256000,OYANG77,2020,12,KOR,0
440256000,OYANG77,2021,2,KOR,0
440256000,OYANG77,2023,1,KOR,0
440256000,OYANG77,2024,1,KOR,0
416004903,SHIN DAR,2017,8,TWN,0
416004903,SHIN DAR,2018,9,TWN,0
416004903,SHIN DAR,2019,10,TWN,0
416004903,SHIN DAR,2020,8,TWN,0
416004903,SHIN DAR,2021,9,TWN,0
416004903,SHIN DAR,2024,1,TWN,0
212333033,J,2017,2,CYP,0
440288201,,2017,5,KOR,0
412328766,HAI YANG 2,2017,3,CHN,0
412328766,HAI YANG 2,2018,12,CHN,0
412328766,HAI YANG 2,2019,23,CHN,1
412328766,HAI YANG 2,2020,18,CHN,0
412328766,HAI YANG 2,2021,1,CHN,0
412328766,HAI YANG 2,2022,23,CHN,0
412328766,HAI YANG 2,2023,15,CHN,0
412328766,HAI YANG 2,2024,12,CHN,0
440854000,NO.707HONGJIN,2017,8,KOR,0
440854000,NO.707HONGJIN,2020,14,KOR,0
440854000,NO.707HONGJIN,2022,1,KOR,0
412217993,LIAO YU 9,2017,11,CHN,0
412217993,LIAO YU 9,2018,2,CHN,0
412217993,LIAO YU 9,2019,9,CHN,0
412217993,LIAO YU 9,2020,11,CHN,0
412217993,LIAO YU 9,2023,1,CHN,0
412217992,ZHAN HAI 008,2017,8,CHN,0
412217992,ZHAN HAI 008,2018,9,CHN,0
412217992,ZHAN HAI 008,2019,10,CHN,1
412217992,ZHAN HAI 008,2020,7,CHN,0
412217992,ZHAN HAI 008,2021,1,CHN,0
412217992,ZHAN HAI 008,2026,1,CHN,0
412439576,LUWEIYUANYU909,2017,1,CHN,0
412439576,LUWEIYUANYU909,2018,1,CHN,0
412326887,TAI XING  1,2017,4,CHN,0
412326887,TAI XING  1,2018,12,CHN,0
412326887,TAI XING  1,2019,5,CHN,0
412326887,TAI XING  1,2020,12,CHN,0
416246900,SHUENN MAN NO.273,2017,4,TWN,0
416246900,SHUENN MAN NO.273,2018,1,TWN,0
416246900,SHUENN MAN NO.273,2019,4,TWN,0
441559000,21.HAE IN,2017,4,KOR,0
412329684,LU QING YUAN YU 201,2017,17,CHN,0
412329684,LU QING YUAN YU 201,2018,58,CHN,0
412329684,LU QING YUAN YU 201,2019,115,CHN,0
412329684,LU QING YUAN YU 201,2020,22,CHN,0
740337000,BEAGLE FI,2017,5,FLK,0
740337000,BEAGLE FI,2018,2,FLK,0
740337000,BEAGLE FI,2019,8,FLK,0
740337000,BEAGLE FI,2020,1,FLK,0
740337000,BEAGLE FI,2021,3,FLK,0
740337000,BEAGLE FI,2022,1,FLK,0
224378000,PARADANTA PRIMERO,2017,15,ESP,0
224378000,PARADANTA PRIMERO,2018,13,ESP,0
224378000,PARADANTA PRIMERO,2019,9,ESP,0
224378000,PARADANTA PRIMERO,2020,13,ESP,0
224378000,PARADANTA PRIMERO,2021,17,ESP,1
224378000,PARADANTA PRIMERO,2022,2,ESP,0
740335000,CAPRICORN,2017,5,FLK,0
740335000,CAPRICORN,2019,11,FLK,0
740335000,CAPRICORN,2020,2,FLK,0
740335000,CAPRICORN,2021,2,FLK,0
412440155,FUYUANYU879,2017,1,CHN,0
412440155,FUYUANYU879,2018,3,CHN,0
412440155,FUYUANYU879,2019,1,CHN,0
416243800,JAI FA NO.2,2017,9,TWN,0
416243800,JAI FA NO.2,2018,1,TWN,0
416243800,JAI FA NO.2,2019,1,TWN,0
412328762,LU RONG YUAN YU 779,2017,18,CHN,0
412328762,LU RONG YUAN YU 779,2018,14,CHN,0
412328762,LU RONG YUAN YU 779,2019,9,CHN,0
412328762,LU RONG YUAN YU 779,2020,16,CHN,0
412328762,LU RONG YUAN YU 779,2022,1,CHN,0
412328762,LU RONG YUAN YU 779,2026,1,CHN,0
416004853,HER HUNG NO.168,2017,6,TWN,0
416004853,HER HUNG NO.168,2018,3,TWN,0
412206009,LIAO YU 6,2017,1,CHN,0
412206009,LIAO YU 6,2018,2,CHN,0
412206009,LIAO YU 6,2019,5,CHN,0
412206009,LIAO YU 6,2020,1,CHN,0
412206009,LIAO YU 6,2023,1,CHN,0
441051000,SUR ESTE 707,2017,14,KOR,1
441051000,SUR ESTE 707,2018,43,KOR,2
441051000,SUR ESTE 707,2019,36,KOR,0
441051000,SUR ESTE 707,2020,21,KOR,0
441051000,SUR ESTE 707,2021,1,KOR,0
441051000,SUR ESTE 707,2024,1,KOR,0
412420574,JIA DA 12,2017,1,CHN,0
412420574,JIA DA 12,2018,9,CHN,0
412420574,JIA DA 12,2019,6,CHN,0
412420574,JIA DA 12,2020,8,CHN,0
412420574,JIA DA 12,2021,1,CHN,0
416004775,GUO TONG NO.3,2017,5,TWN,0
416004775,GUO TONG NO.3,2018,3,TWN,0
416004775,GUO TONG NO.3,2019,1,TWN,0
416242500,FU SHEN NO.212,2017,19,TWN,0
416242500,FU SHEN NO.212,2018,5,TWN,0
441239687,LU QING YUAN YU 206,2017,24,KOR,0
412440556,FU YUAN YU 7883,2017,5,CHN,0
412440556,FU YUAN YU 7883,2018,2,CHN,0
412440556,FU YUAN YU 7883,2019,24,CHN,0
412440556,FU YUAN YU 7883,2021,5,CHN,1
412440556,FU YUAN YU 7883,2022,6,CHN,0
412440556,FU YUAN YU 7883,2023,2,CHN,0
412440556,FU YUAN YU 7883,2024,1,CHN,0
412329654,LUPENGYUANYU027,2017,1,CHN,0
412329654,LUPENGYUANYU027,2018,7,CHN,0
412329654,LUPENGYUANYU027,2019,1,CHN,0
412329654,LUPENGYUANYU027,2021,3,CHN,0
412329654,LUPENGYUANYU027,2024,2,CHN,0
701536000,GC 27 PREFECTO FIQUE,2017,3,ARG,3
701536000,GC 27 PREFECTO FIQUE,2018,5,ARG,5
701536000,GC 27 PREFECTO FIQUE,2019,2,ARG,2
701536000,GC 27 PREFECTO FIQUE,2020,2,ARG,1
701536000,GC 27 PREFECTO FIQUE,2021,3,ARG,3
416037500,FA CHUN 6,2017,6,TWN,0
416037500,FA CHUN 6,2018,2,TWN,0
416004857,JAI FA NO.8,2017,4,TWN,0
416004857,JAI FA NO.8,2018,1,TWN,0
416004857,JAI FA NO.8,2024,1,TWN,0
412420581,RUNDA618,2017,2,CHN,0
412420581,RUNDA618,2018,19,CHN,0
412420581,RUNDA618,2022,1,CHN,0
412420581,RUNDA618,2024,3,CHN,0
224701000,JOSE A NORES,2017,22,ESP,0
224701000,JOSE A NORES,2018,6,ESP,0
224701000,JOSE A NORES,2019,10,ESP,0
224701000,JOSE A NORES,2020,7,ESP,0
740359000,ARGOS VIGO,2017,3,FLK,0
740359000,ARGOS VIGO,2018,5,FLK,0
740359000,ARGOS VIGO,2019,4,FLK,0
740359000,ARGOS VIGO,2021,2,FLK,0
740359000,ARGOS VIGO,2023,1,FLK,0
740359000,ARGOS VIGO,2025,1,FLK,0
740368000,KALATXORI,2017,4,FLK,0
740368000,KALATXORI,2018,2,FLK,0
577100000,FONG HAI NO.11,2017,1,VUT,0
416238600,JIN YI,2017,2,TWN,0
416238600,JIN YI,2018,1,TWN,0
416238600,JIN YI,2019,2,TWN,0
412420383,MING XIANG 802,2017,1,CHN,0
412420383,MING XIANG 802,2018,2,CHN,0
412420383,MING XIANG 802,2021,1,CHN,0
416004681,WIN FAR HUI 6,2017,5,TWN,0
416004681,WIN FAR HUI 6,2018,2,TWN,0
416004681,WIN FAR HUI 6,2019,1,TWN,0
412688888,,2017,1,CHN,0
416701000,JUI YING,2017,2,TWN,0
412329434,LURONGYUANYU976,2017,1,CHN,0
412329434,LURONGYUANYU976,2018,2,CHN,0
412329434,LURONGYUANYU976,2020,1,CHN,0
412329434,LURONGYUANYU976,2021,1,CHN,0
412329434,LURONGYUANYU976,2022,1,CHN,0
412329434,LURONGYUANYU976,2024,1,CHN,0
412329434,LURONGYUANYU976,2025,1,CHN,0
416004981,CHUN FU FA NO.6,2017,2,TWN,0
416004981,CHUN FU FA NO.6,2018,2,TWN,0
740338000,IGUELDO,2017,1,FLK,0
740338000,IGUELDO,2018,1,FLK,0
740338000,IGUELDO,2019,1,FLK,0
740338000,IGUELDO,2020,1,FLK,0
740338000,IGUELDO,2022,1,FLK,0
233659000,BAFFIN BAY,2017,4,GBR,0
233659000,BAFFIN BAY,2019,2,GBR,0
233659000,BAFFIN BAY,2020,1,GBR,0
416171800,FU KUO NO.6,2017,8,TWN,0
416171800,FU KUO NO.6,2018,1,TWN,0
273354660,NIKA-6,2017,3,RUS,0
416243900,XING HUA SHENG NO606,2017,4,TWN,0
416243900,XING HUA SHENG NO606,2018,2,TWN,0
416243900,XING HUA SHENG NO606,2019,1,TWN,0
416238500,LUNG SOON FA NO.1,2017,6,TWN,0
416238500,LUNG SOON FA NO.1,2018,1,TWN,0
412439618,YONG FA NO:3,2017,12,CHN,0
412439618,YONG FA NO:3,2018,6,CHN,0
412439617,YONG FA NO.5,2017,11,CHN,0
412439617,YONG FA NO.5,2018,8,CHN,0
412439617,YONG FA NO.5,2019,13,CHN,0
412439617,YONG FA NO.5,2020,26,CHN,0
416242600,LIEN DAR,2017,6,TWN,0
416242600,LIEN DAR,2018,7,TWN,0
416242600,LIEN DAR,2021,1,TWN,0
416242600,LIEN DAR,2022,1,TWN,0
416242600,LIEN DAR,2024,1,TWN,0
577101000,FONG TAI 21,2017,4,VUT,0
577101000,FONG TAI 21,2018,1,VUT,0
577101000,FONG TAI 21,2019,3,VUT,0
577101000,FONG TAI 21,2021,1,VUT,0
577101000,FONG TAI 21,2026,1,VUT,0
412326899,,2017,1,CHN,0
416248500,JIN YANG,2017,5,TWN,0
416248500,JIN YANG,2018,6,TWN,0
416248500,JIN YANG,2019,3,TWN,0
416248500,JIN YANG,2026,2,TWN,0
416241700,SHIN YANG,2017,4,TWN,0
416241700,SHIN YANG,2018,4,TWN,0
416241700,SHIN YANG,2025,2,TWN,0
416241700,SHIN YANG,2026,3,TWN,0
412326789,60526,2017,1,CHN,0
416236800,XING HUA SHENG NO669,2017,2,TWN,0
416236800,XING HUA SHENG NO669,2018,2,TWN,0
412331051,8,2017,1,CHN,0
416233800,XING HUA SHENG NO616,2017,8,TWN,0
416233800,XING HUA SHENG NO616,2018,2,TWN,0
416233800,XING HUA SHENG NO616,2020,1,TWN,0
416233800,XING HUA SHENG NO616,2022,1,TWN,0
416004186,HUA SHENG NO.636,2017,6,TWN,0
416004186,HUA SHENG NO.636,2018,2,TWN,0
416004186,HUA SHENG NO.636,2019,1,TWN,0
416004186,HUA SHENG NO.636,2026,1,TWN,0
412439598,OU YA 28,2017,1,CHN,0
412439598,OU YA 28,2018,3,CHN,0
412439598,OU YA 28,2019,7,CHN,0
412439598,OU YA 28,2022,3,CHN,0
412439598,OU YA 28,2026,6,CHN,0
416246500,CHIN CHUAN HSING,2017,4,TWN,0
416246500,CHIN CHUAN HSING,2018,6,TWN,0
416246500,CHIN CHUAN HSING,2019,2,TWN,0
416246500,CHIN CHUAN HSING,2020,1,TWN,0
416246500,CHIN CHUAN HSING,2021,2,TWN,0
416246500,CHIN CHUAN HSING,2022,1,TWN,0
416246500,CHIN CHUAN HSING,2023,1,TWN,0
412439761,Y0NG FA 6,2017,10,CHN,0
412439761,Y0NG FA 6,2018,1,CHN,0
412439761,Y0NG FA 6,2019,3,CHN,0
412439761,Y0NG FA 6,2020,2,CHN,0
412439761,Y0NG FA 6,2021,2,CHN,0
416239500,CHUN I NO.1,2017,2,TWN,0
416239500,CHUN I NO.1,2018,3,TWN,0
416239500,CHUN I NO.1,2020,2,TWN,0
416004693,WIN FAR YING 8,2017,2,TWN,0
416004693,WIN FAR YING 8,2018,4,TWN,0
740353000,ARGOS PEREIRA,2017,7,FLK,0
740353000,ARGOS PEREIRA,2018,2,FLK,0
740353000,ARGOS PEREIRA,2019,2,FLK,0
740353000,ARGOS PEREIRA,2020,2,FLK,0
740353000,ARGOS PEREIRA,2023,1,FLK,0
416241900,WIN FAR FU NO 1,2017,3,TWN,0
416241900,WIN FAR FU NO 1,2018,4,TWN,0
412331074,LU RONG YUAN YU 179,2017,3,CHN,0
412331074,LU RONG YUAN YU 179,2018,9,CHN,0
412331074,LU RONG YUAN YU 179,2019,3,CHN,0
412331074,LU RONG YUAN YU 179,2020,12,CHN,0
412331074,LU RONG YUAN YU 179,2021,1,CHN,0
412318243,LIAC YU 9,2017,1,CHN,0
440201000,EUNHAE NO.109,2017,4,KOR,0
440201000,EUNHAE NO.109,2018,3,KOR,0
412679190,XINSHIJI16,2017,3,CHN,0
412679190,XINSHIJI16,2018,1,CHN,0
416004842,JYI YANG,2017,7,TWN,0
416004842,JYI YANG,2018,3,TWN,0
416004842,JYI YANG,2020,1,TWN,0
412420377,ZHAN HAI 007,2017,4,CHN,1
412420377,ZHAN HAI 007,2018,7,CHN,0
412420377,ZHAN HAI 007,2019,6,CHN,0
412420377,ZHAN HAI 007,2020,10,CHN,0
412420377,ZHAN HAI 007,2021,11,CHN,0
412420377,ZHAN HAI 007,2022,9,CHN,0
412420377,ZHAN HAI 007,2023,6,CHN,0
412420377,ZHAN HAI 007,2024,18,CHN,0
412331055,LUHUANGYUANYU116,2017,12,CHN,2
412331055,LUHUANGYUANYU116,2018,1,CHN,0
412331055,LUHUANGYUANYU116,2019,9,CHN,0
412331055,LUHUANGYUANYU116,2024,2,CHN,0
416236900,SHUENN MAN 626,2017,5,TWN,0
416236900,SHUENN MAN 626,2018,6,TWN,0
416236900,SHUENN MAN 626,2019,1,TWN,0
412368601,JING YUAN 601  &&&&&,2017,1,CHN,1
770576134,MARIANNE,2017,3,URY,1
770576134,MARIANNE,2018,2,URY,0
770576134,MARIANNE,2019,6,URY,5
770576134,MARIANNE,2020,2,URY,2
770576134,MARIANNE,2022,3,URY,3
770576134,MARIANNE,2023,3,URY,2
770576134,MARIANNE,2025,1,URY,0
701019000,CENTAURO 2000,2017,1,ARG,1
701019000,CENTAURO 2000,2022,1,ARG,1
701019000,CENTAURO 2000,2023,6,ARG,6
701019000,CENTAURO 2000,2025,2,ARG,2
701019000,CENTAURO 2000,2026,2,ARG,2
701056000,ALDEBARAN,2017,5,ARG,5
701056000,ALDEBARAN,2018,6,ARG,6
701056000,ALDEBARAN,2020,2,ARG,2
412329658,LU HUANG YUAN YU 108,2017,15,CHN,0
412329658,LU HUANG YUAN YU 108,2018,3,CHN,0
412329658,LU HUANG YUAN YU 108,2019,9,CHN,0
412329658,LU HUANG YUAN YU 108,2020,9,CHN,0
412329658,LU HUANG YUAN YU 108,2026,2,CHN,0
740372000,NEW POLAR,2017,3,FLK,0
224724000,PLAYA DE TAMBO,2017,9,ESP,0
224724000,PLAYA DE TAMBO,2018,15,ESP,0
224724000,PLAYA DE TAMBO,2019,6,ESP,0
224724000,PLAYA DE TAMBO,2020,18,ESP,0
224724000,PLAYA DE TAMBO,2021,24,ESP,0
224724000,PLAYA DE TAMBO,2022,29,ESP,0
224724000,PLAYA DE TAMBO,2023,17,ESP,0
224724000,PLAYA DE TAMBO,2026,1,ESP,0
416241600,SUN GIN YI,2017,3,TWN,0
416241600,SUN GIN YI,2018,2,TWN,0
416241600,SUN GIN YI,2019,2,TWN,0
440282000,SOUTHERN OCEAN,2017,9,KOR,1
440282000,SOUTHERN OCEAN,2021,1,KOR,0
701000837,CIUDAD FELIZ,2017,6,ARG,6
701000837,CIUDAD FELIZ,2018,2,ARG,2
701000837,CIUDAD FELIZ,2019,1,ARG,1
701000837,CIUDAD FELIZ,2023,2,ARG,2
701000837,CIUDAD FELIZ,2024,4,ARG,4
701000837,CIUDAD FELIZ,2025,5,ARG,5
701000837,CIUDAD FELIZ,2026,2,ARG,2
740336000,ARGOS GALICIA,2017,2,FLK,0
740336000,ARGOS GALICIA,2018,5,FLK,0
412420912,ZHOU YU 8,2017,5,CHN,0
412420912,ZHOU YU 8,2018,7,CHN,0
416004564,CHUN HAO,2017,4,TWN,0
416004564,CHUN HAO,2018,1,TWN,0
416004564,CHUN HAO,2020,1,TWN,0
416004564,CHUN HAO,2023,1,TWN,0
740344000,GOLDEN CHICHA,2017,6,FLK,0
740344000,GOLDEN CHICHA,2018,7,FLK,0
740344000,GOLDEN CHICHA,2019,1,FLK,0
701000728,TOZUDO,2017,9,ARG,9
701000728,TOZUDO,2018,3,ARG,3
701000728,TOZUDO,2019,2,ARG,2
701000728,TOZUDO,2021,2,ARG,2
701000728,TOZUDO,2022,4,ARG,4
701000728,TOZUDO,2023,10,ARG,10
701000728,TOZUDO,2024,5,ARG,5
701000728,TOZUDO,2025,7,ARG,7
701000728,TOZUDO,2026,4,ARG,4
701006637,ATLANTIC EXPRESS,2017,3,ARG,3
701006637,ATLANTIC EXPRESS,2021,1,ARG,1
701006637,ATLANTIC EXPRESS,2023,1,ARG,1
701006637,ATLANTIC EXPRESS,2024,1,ARG,1
701006637,ATLANTIC EXPRESS,2025,1,ARG,1
701006637,ATLANTIC EXPRESS,2026,2,ARG,2
416240700,FU KUO NO.106,2017,4,TWN,0
416240700,FU KUO NO.106,2018,11,TWN,0
416240700,FU KUO NO.106,2019,7,TWN,0
416510000,HSIANG CHING,2017,4,TWN,0
412331054,LU HUANG YUAN YU 115,2017,3,CHN,0
412331054,LU HUANG YUAN YU 115,2018,4,CHN,0
412331054,LU HUANG YUAN YU 115,2019,3,CHN,0
412331054,LU HUANG YUAN YU 115,2026,1,CHN,0
416239600,LIAN RONG,2017,5,TWN,0
416239600,LIAN RONG,2018,10,TWN,0
416239600,LIAN RONG,2024,1,TWN,0
416239600,LIAN RONG,2026,1,TWN,0
412329463,CHANG SHUN 7,2017,1,CHN,0
224491000,HERMANOS TOUZA,2017,5,ESP,0
416030500,SOLAR NO.101,2017,11,TWN,0
412215146,,2017,1,CHN,0
416248900,ANFONG 156,2017,6,TWN,0
416248900,ANFONG 156,2018,3,TWN,0
416248900,ANFONG 156,2019,6,TWN,0
416248900,ANFONG 156,2020,2,TWN,0
416248900,ANFONG 156,2021,1,TWN,0
441309000,AGNES3,2017,27,KOR,0
441309000,AGNES3,2018,23,KOR,0
441309000,AGNES3,2019,40,KOR,0
441309000,AGNES3,2020,28,KOR,0
441309000,AGNES3,2024,1,KOR,0
441309000,AGNES3,2025,1,KOR,0
441309000,AGNES3,2026,2,KOR,0
412440453,FU YANG YU7881,2017,5,CHN,0
412440453,FU YANG YU7881,2018,8,CHN,0
412440453,FU YANG YU7881,2019,7,CHN,0
412440453,FU YANG YU7881,2024,2,CHN,0
412215218,,2017,2,CHN,0
416189700,ZI LI FA,2017,4,TWN,0
412280935,HEBEI8589,2017,2,CHN,0
412280935,HEBEI8589,2018,18,CHN,0
224897000,FREIREMAR UNO,2017,20,ESP,1
224897000,FREIREMAR UNO,2018,12,ESP,0
224897000,FREIREMAR UNO,2019,4,ESP,0
224897000,FREIREMAR UNO,2020,30,ESP,0
224897000,FREIREMAR UNO,2021,11,ESP,0
224897000,FREIREMAR UNO,2022,8,ESP,0
224897000,FREIREMAR UNO,2023,17,ESP,0
416005007,AN FONG 168,2017,5,TWN,0
416005007,AN FONG 168,2018,8,TWN,0
416005007,AN FONG 168,2019,1,TWN,0
416005007,AN FONG 168,2020,3,TWN,0
416005007,AN FONG 168,2021,3,TWN,0
416005007,AN FONG 168,2023,3,TWN,0
416005007,AN FONG 168,2024,1,TWN,0
416005007,AN FONG 168,2025,1,TWN,0
416706000,KIN LAI HSING,2017,4,TWN,0
416706000,KIN LAI HSING,2018,4,TWN,0
416706000,KIN LAI HSING,2019,8,TWN,0
412424547,JIA DE 18,2017,1,CHN,0
412424547,JIA DE 18,2018,14,CHN,1
412424547,JIA DE 18,2019,8,CHN,0
416005006,AN FONG NO.138,2017,3,TWN,0
416005006,AN FONG NO.138,2018,2,TWN,0
224421000,DORNEDA,2017,19,ESP,0
224421000,DORNEDA,2018,5,ESP,0
416842000,AN SHENG,2017,4,TWN,0
416842000,AN SHENG,2018,4,TWN,0
416842000,AN SHENG,2019,9,TWN,1
416842000,AN SHENG,2021,2,TWN,0
416842000,AN SHENG,2022,5,TWN,0
412329404,LUWEIYUANYU018,2017,2,CHN,0
412329404,LUWEIYUANYU018,2018,2,CHN,0
412329404,LUWEIYUANYU018,2019,6,CHN,0
416525000,WEN YU YIH,2017,3,TWN,0
416235800,JUN RONG,2017,4,TWN,0
416235800,JUN RONG,2018,3,TWN,0
416350000,JIH DA YNG,2017,3,TWN,0
416350000,JIH DA YNG,2018,3,TWN,0
416350000,JIH DA YNG,2019,2,TWN,0
416350000,JIH DA YNG,2020,2,TWN,0
416350000,JIH DA YNG,2021,1,TWN,0
416244800,PEI YUH NO18,2017,1,TWN,0
416244800,PEI YUH NO18,2018,1,TWN,0
416234600,ZI DA YE,2017,1,TWN,0
416234600,ZI DA YE,2018,4,TWN,0
416234600,ZI DA YE,2026,1,TWN,0
224369000,PLAYA PESMAR UNO,2017,17,ESP,1
224369000,PLAYA PESMAR UNO,2018,49,ESP,4
224369000,PLAYA PESMAR UNO,2019,11,ESP,1
224369000,PLAYA PESMAR UNO,2020,25,ESP,1
224369000,PLAYA PESMAR UNO,2022,73,ESP,0
224369000,PLAYA PESMAR UNO,2023,27,ESP,0
224369000,PLAYA PESMAR UNO,2024,57,ESP,1
224369000,PLAYA PESMAR UNO,2025,29,ESP,0
224369000,PLAYA PESMAR UNO,2026,34,ESP,0
701000869,VICTORIA 2,2017,4,ARG,4
701000869,VICTORIA 2,2018,2,ARG,2
701000869,VICTORIA 2,2020,1,ARG,1
701006140,!! NANINA !!,2017,1,ARG,1
701006140,!! NANINA !!,2018,1,ARG,1
701006140,!! NANINA !!,2022,4,ARG,4
701006140,!! NANINA !!,2024,3,ARG,3
701006140,!! NANINA !!,2025,12,ARG,12
701006140,!! NANINA !!,2026,5,ARG,5
416312000,HER  HUNG 16,2017,2,TWN,0
416312000,HER  HUNG 16,2018,5,TWN,0
416312000,HER  HUNG 16,2019,1,TWN,0
416312000,HER  HUNG 16,2020,1,TWN,0
416004889,FU CHIAN,2017,3,TWN,0
412439762,Y0NG FA  07,2017,3,CHN,0
412439762,Y0NG FA  07,2018,1,CHN,0
412439762,Y0NG FA  07,2020,5,CHN,0
412439762,Y0NG FA  07,2021,11,CHN,0
416004545,HSIANG BAI FA,2017,3,TWN,0
416004545,HSIANG BAI FA,2018,1,TWN,0
416004545,HSIANG BAI FA,2020,1,TWN,0
416004545,HSIANG BAI FA,2021,2,TWN,0
416528000,WIN FAR TSAIR NO616,2017,1,TWN,0
416528000,WIN FAR TSAIR NO616,2018,2,TWN,0
416528000,WIN FAR TSAIR NO616,2020,12,TWN,0
416031600,SHUENN.MAN.NO.1,2017,4,TWN,0
701000725,MARIA GRACIA,2017,1,ARG,1
701000725,MARIA GRACIA,2018,1,ARG,1
701000725,MARIA GRACIA,2020,1,ARG,1
701000725,MARIA GRACIA,2022,1,ARG,1
701000725,MARIA GRACIA,2023,2,ARG,2
701000583,MERCEA C,2017,2,ARG,2
701000583,MERCEA C,2021,1,ARG,1
701000583,MERCEA C,2026,1,ARG,1
416536000,HSIANG HAO NO:6,2017,5,TWN,0
416536000,HSIANG HAO NO:6,2018,11,TWN,0
416191500,PEI SHENG NO.8,2017,1,TWN,0
440038000,SKYMAX 101,2017,2,KOR,0
440038000,SKYMAX 101,2018,2,KOR,0
440038000,SKYMAX 101,2020,1,KOR,0
440038000,SKYMAX 101,2026,1,KOR,0
412331061,LU PENG YUAN YU 079,2017,3,CHN,0
412331061,LU PENG YUAN YU 079,2018,15,CHN,0
412331061,LU PENG YUAN YU 079,2019,7,CHN,0
412331061,LU PENG YUAN YU 079,2022,4,CHN,0
416018500,JIH DA 6,2017,6,TWN,0
416018500,JIH DA 6,2018,6,TWN,0
416018500,JIH DA 6,2019,1,TWN,1
416004892,AN FONG NO.136,2017,1,TWN,0
416004892,AN FONG NO.136,2019,8,TWN,0
412420801,HUAYING217,2017,1,CHN,0
412420801,HUAYING217,2019,10,CHN,0
412420801,HUAYING217,2020,12,CHN,0
416004244,HUA SHENG NO.668,2017,2,TWN,0
416004244,HUA SHENG NO.668,2018,11,TWN,0
412331087,LU HUANG YUAN YU 117,2017,2,CHN,0
412331087,LU HUANG YUAN YU 117,2018,2,CHN,0
412331087,LU HUANG YUAN YU 117,2019,13,CHN,0
412331087,LU HUANG YUAN YU 117,2020,11,CHN,0
412331087,LU HUANG YUAN YU 117,2025,4,CHN,0
412421022,DONGYU1528,2017,1,CHN,0
412421022,DONGYU1528,2018,8,CHN,0
412421022,DONGYU1528,2019,10,CHN,0
412421022,DONGYU1528,2026,1,CHN,0
416240600,HSIANG HAO NO.88,2017,4,TWN,0
416240600,HSIANG HAO NO.88,2018,2,TWN,0
416240600,HSIANG HAO NO.88,2019,1,TWN,0
416240600,HSIANG HAO NO.88,2021,2,TWN,0
416240600,HSIANG HAO NO.88,2024,1,TWN,0
416245500,AN FONG 118,2017,2,TWN,0
416245500,AN FONG 118,2018,1,TWN,0
412420789,MINGXIANG817,2017,3,CHN,0
412420789,MINGXIANG817,2018,7,CHN,0
412420789,MINGXIANG817,2019,19,CHN,0
412420789,MINGXIANG817,2021,1,CHN,0
412420789,MINGXIANG817,2023,1,CHN,0
412331016,LU RONG YUAN YU 819,2017,1,CHN,0
412331016,LU RONG YUAN YU 819,2018,9,CHN,0
412331016,LU RONG YUAN YU 819,2020,3,CHN,1
412331016,LU RONG YUAN YU 819,2021,6,CHN,0
412331016,LU RONG YUAN YU 819,2022,1,CHN,0
412331016,LU RONG YUAN YU 819,2023,7,CHN,0
412331016,LU RONG YUAN YU 819,2025,1,CHN,0
412329643,LU WEI YUAN YU 868,2017,1,CHN,0
412329643,LU WEI YUAN YU 868,2018,3,CHN,0
412329643,LU WEI YUAN YU 868,2019,1,CHN,0
412329643,LU WEI YUAN YU 868,2022,1,CHN,0
412329643,LU WEI YUAN YU 868,2023,2,CHN,0
412329643,LU WEI YUAN YU 868,2026,1,CHN,0
416018900,JIH FA NO.3       #5,2017,2,TWN,0
701006026,FLORIDA BLANCA,2017,11,ARG,11
701006026,FLORIDA BLANCA,2024,2,ARG,2
701006026,FLORIDA BLANCA,2025,4,ARG,4
701006026,FLORIDA BLANCA,2026,5,ARG,5
412329657,LU HUANG YUAN YU 107,2017,2,CHN,0
412329657,LU HUANG YUAN YU 107,2018,5,CHN,0
412329657,LU HUANG YUAN YU 107,2019,9,CHN,0
412329657,LU HUANG YUAN YU 107,2020,9,CHN,0
412329657,LU HUANG YUAN YU 107,2026,2,CHN,0
412216883,LIAC YU 9,2017,2,CHN,0
224978000,MANUEL ANGEL NORES,2017,10,ESP,0
224978000,MANUEL ANGEL NORES,2018,7,ESP,0
224978000,MANUEL ANGEL NORES,2019,3,ESP,0
224978000,MANUEL ANGEL NORES,2020,4,ESP,0
224978000,MANUEL ANGEL NORES,2021,1,ESP,0
224978000,MANUEL ANGEL NORES,2022,21,ESP,0
224978000,MANUEL ANGEL NORES,2023,46,ESP,0
224978000,MANUEL ANGEL NORES,2024,2,ESP,0
224978000,MANUEL ANGEL NORES,2026,2,ESP,0
412424702,JIADE21,2017,3,CHN,0
412424702,JIADE21,2018,18,CHN,1
412424702,JIADE21,2019,11,CHN,0
412424702,JIADE21,2021,1,CHN,0
412440384,8#T6S#198,2017,5,CHN,0
416505000,HER HUNG NO.12,2017,2,TWN,0
416505000,HER HUNG NO.12,2018,4,TWN,0
416505000,HER HUNG NO.12,2019,1,TWN,0
416505000,HER HUNG NO.12,2026,1,TWN,0
412329695,LU RONG YUAN YU 895,2017,2,CHN,0
412329695,LU RONG YUAN YU 895,2018,4,CHN,0
412329695,LU RONG YUAN YU 895,2019,3,CHN,0
412329695,LU RONG YUAN YU 895,2022,3,CHN,0
412329695,LU RONG YUAN YU 895,2025,1,CHN,0
412329695,LU RONG YUAN YU 895,2026,1,CHN,0
412331069,LURONGYUANYU805,2017,2,CHN,0
412331069,LURONGYUANYU805,2018,10,CHN,0
412331069,LURONGYUANYU805,2019,32,CHN,0
412331069,LURONGYUANYU805,2020,12,CHN,0
412331069,LURONGYUANYU805,2021,1,CHN,0
701000628,PESCARGEN IV,2017,1,ARG,1
416229800,PEI SHENG NO.16,2017,2,TWN,0
416229800,PEI SHENG NO.16,2019,2,TWN,0
412331146,LU PENG YUANYU 087,2017,3,CHN,0
412331146,LU PENG YUANYU 087,2018,11,CHN,0
412331146,LU PENG YUANYU 087,2019,2,CHN,0
412331015,LURONGYUANYU818,2017,2,CHN,0
412331015,LURONGYUANYU818,2020,4,CHN,0
412331015,LURONGYUANYU818,2021,1,CHN,1
412331015,LURONGYUANYU818,2022,2,CHN,0
272770000,CALIPSO,2017,15,UKR,0
272770000,CALIPSO,2018,1,UKR,0
272770000,CALIPSO,2019,1,UKR,0
272770000,CALIPSO,2020,1,UKR,0
272770000,CALIPSO,2021,1,UKR,1
2000080,LQ              208,2017,26,UNKNOWN,0
200000001,LQYY            201,2017,8,UNKNOWN,0
412331081,JING YUAN 628,2017,1,CHN,0
412331081,JING YUAN 628,2026,1,CHN,0
412679810,LIAO YU 1 HAO,2017,2,CHN,0
412679810,LIAO YU 1 HAO,2018,1,CHN,0
412679810,LIAO YU 1 HAO,2019,4,CHN,0
576990000,OCEAN VENTURE 6,2017,1,VUT,0
412880936,HEBEI8588,2017,2,CHN,0
412880936,HEBEI8588,2018,14,CHN,0
412699080,JINHAI817,2017,1,CHN,0
412699080,JINHAI817,2018,2,CHN,0
412200335,GUOJI901,2017,6,CHN,0
412200335,GUOJI901,2018,16,CHN,1
412200335,GUOJI901,2019,10,CHN,0
412200335,GUOJI901,2020,9,CHN,0
412200335,GUOJI901,2023,1,CHN,0
412200335,GUOJI901,2026,2,CHN,0
412331071,LURONGYUANYU806,2017,5,CHN,0
412331071,LURONGYUANYU806,2018,17,CHN,0
412331071,LURONGYUANYU806,2019,32,CHN,0
412331071,LURONGYUANYU806,2020,10,CHN,0
412331071,LURONGYUANYU806,2021,1,CHN,0
412331071,LURONGYUANYU806,2022,24,CHN,0
412331071,LURONGYUANYU806,2023,6,CHN,0
412209145,GUOJI907,2017,4,CHN,0
412209145,GUOJI907,2018,6,CHN,0
412209145,GUOJI907,2019,9,CHN,0
412209145,GUOJI907,2020,17,CHN,0
412209145,GUOJI907,2026,4,CHN,0
416174500,JIH DA GAN,2017,1,TWN,0
416174500,JIH DA GAN,2020,1,TWN,0
412371203,HU SHUN YU 06,2017,1,CHN,0
412371203,HU SHUN YU 06,2019,4,CHN,0
412371203,HU SHUN YU 06,2023,1,CHN,0
701000818,DON SANTIAGO,2017,2,ARG,2
701000818,DON SANTIAGO,2018,3,ARG,3
701000818,DON SANTIAGO,2020,5,ARG,5
701000818,DON SANTIAGO,2025,3,ARG,3
701000818,DON SANTIAGO,2026,2,ARG,2
440683000,NO.303 TONG YOUNG,2017,7,KOR,0
440683000,NO.303 TONG YOUNG,2018,1,KOR,0
701000627,TAI AN,2017,3,ARG,3
701000627,TAI AN,2018,9,ARG,5
440101100,101 PENG LAN YU,2017,1,KOR,1
412421062,HUA XIANG 801,2017,2,CHN,0
412421062,HUA XIANG 801,2018,3,CHN,0
412421062,HUA XIANG 801,2019,1,CHN,0
263564000,ILHA BRAVA,2017,4,PRT,0
263564000,ILHA BRAVA,2018,3,PRT,0
701006080,PROMAC,2017,1,ARG,1
701006080,PROMAC,2019,1,ARG,1
701006080,PROMAC,2022,1,ARG,1
701006143,SOHO MARU 58,2017,2,ARG,2
701000675,ORION 3,2017,1,ARG,1
701000675,ORION 3,2025,1,ARG,1
701006139,ESTRELLA N`11,2017,1,ARG,1
701000892,TAISEI MARU N 8,2017,1,ARG,1
412271470,ZHONGYUANYU17,2017,1,CHN,0
412271470,ZHONGYUANYU17,2018,1,CHN,0
412420472,MING ZHOU 8,2017,1,CHN,0
412420472,MING ZHOU 8,2018,6,CHN,0
412420472,MING ZHOU 8,2019,3,CHN,0
412420472,MING ZHOU 8,2021,2,CHN,0
412420472,MING ZHOU 8,2022,1,CHN,0
701006085,NAVEGANTES III,2017,1,ARG,1
412439601,OUYA19,2017,3,CHN,0
412439601,OUYA19,2018,3,CHN,0
701000591,SAN JORGE MARTIR,2017,2,ARG,2
701000591,SAN JORGE MARTIR,2020,1,ARG,1
701000591,SAN JORGE MARTIR,2026,1,ARG,1
441330000,AGNES 107,2017,1,KOR,0
441330000,AGNES 107,2018,4,KOR,1
441330000,AGNES 107,2019,2,KOR,1
441330000,AGNES 107,2020,1,KOR,0
441330000,AGNES 107,2025,1,KOR,0
412326879,HAI YANG 1,2017,3,CHN,0
412326879,HAI YANG 1,2018,3,CHN,0
412326879,HAI YANG 1,2020,2,CHN,0
412328765,HAI YANG 5,2017,1,CHN,0
412328765,HAI YANG 5,2018,19,CHN,0
412328765,HAI YANG 5,2019,9,CHN,0
412328765,HAI YANG 5,2020,3,CHN,0
412328765,HAI YANG 5,2022,12,CHN,0
412328765,HAI YANG 5,2023,7,CHN,0
412328765,HAI YANG 5,2024,4,CHN,0
412328765,HAI YANG 5,2026,8,CHN,0
701000857,ORION 2,2017,2,ARG,2
416527000,WIN FU LAI,2017,2,TWN,0
701000681,XIN SHI JI 88,2017,1,ARG,1
701000940,DON LUIS I,2017,1,ARG,1
701000940,DON LUIS I,2023,1,ARG,1
701000940,DON LUIS I,2024,8,ARG,8
701000940,DON LUIS I,2025,6,ARG,5
412420382,MINGXIANG801,2017,2,CHN,0
412420382,MINGXIANG801,2018,17,CHN,0
412420382,MINGXIANG801,2019,18,CHN,0
412420382,MINGXIANG801,2025,2,CHN,0
441410000,AGNES 105,2017,2,KOR,0
441410000,AGNES 105,2018,8,KOR,0
441007000,316SUNHAE,2017,1,KOR,0
441007000,316SUNHAE,2018,3,KOR,1
441007000,316SUNHAE,2019,1,KOR,0
441298000,AGNES 102,2017,2,KOR,0
441298000,AGNES 102,2018,2,KOR,0
441298000,AGNES 102,2021,1,KOR,0
441298000,AGNES 102,2024,1,KOR,0
441298000,AGNES 102,2025,1,KOR,0
701000768,ESAMAR 4,2017,1,ARG,1
701006133,* ARBUMASA XXIX *,2017,1,ARG,1
701006133,* ARBUMASA XXIX *,2026,2,ARG,2
416004638,MAN SHUEN FA,2017,3,TWN,0
416004638,MAN SHUEN FA,2018,2,TWN,0
416004638,MAN SHUEN FA,2021,3,TWN,0
440502000,5.DONG IL,2017,3,KOR,0
440502000,5.DONG IL,2018,6,KOR,3
440502000,5.DONG IL,2019,1,KOR,0
440502000,5.DONG IL,2020,2,KOR,0
440502000,5.DONG IL,2024,2,KOR,1
701000959,606 TAE BAEK,2017,1,ARG,1
701000959,606 TAE BAEK,2025,1,ARG,1
701006145,CHOKYU MARU 18,2017,1,ARG,1
440684000,SAEIN NO9,2017,2,KOR,0
440684000,SAEIN NO9,2018,3,KOR,0
440684000,SAEIN NO9,2022,1,KOR,0
701006609,XIN SHI JI 91,2017,2,ARG,2
441766000,SAE IN NO.3,2017,1,KOR,0
441766000,SAE IN NO.3,2018,2,KOR,0
441766000,SAE IN NO.3,2019,1,KOR,1
441766000,SAE IN NO.3,2020,1,KOR,0
701000948,CLAUDINA,2017,1,ARG,1
701000691,PUENTE VALDES,2017,2,ARG,2
701006149,AURORA,2017,2,ARG,2
701006149,AURORA,2020,1,ARG,1
701000907,CORAL BLANCO,2017,2,ARG,2
701000717,**COALSA SEGUNDO**,2017,2,ARG,2
701000717,**COALSA SEGUNDO**,2018,2,ARG,2
701000717,**COALSA SEGUNDO**,2020,1,ARG,1
701000717,**COALSA SEGUNDO**,2026,3,ARG,3
701007026,CEIBE DOUS,2017,1,ARG,1
701007026,CEIBE DOUS,2018,1,ARG,1
701007026,CEIBE DOUS,2019,1,ARG,1
701000878,ESPADARTE,2017,2,ARG,2
701000878,ESPADARTE,2021,1,ARG,1
701006056,NAVEGANTES II,2017,2,ARG,2
701006056,NAVEGANTES II,2021,1,ARG,1
701006056,NAVEGANTES II,2025,1,ARG,1
701006151,DOMAIO,2017,2,ARG,2
701006151,DOMAIO,2024,3,ARG,3
701006046,VENTARRON I,2017,1,ARG,1
441767000,"SAE IN  NO,5",2017,3,KOR,0
441767000,"SAE IN  NO,5",2018,4,KOR,0
441767000,"SAE IN  NO,5",2019,2,KOR,0
701006135,SCIROCCO,2017,1,ARG,1
701006135,SCIROCCO,2022,1,ARG,1
701006135,SCIROCCO,2024,1,ARG,1
701000938,DON MIGUEL I,2017,1,ARG,1
701000938,DON MIGUEL I,2019,1,ARG,1
701000938,DON MIGUEL I,2024,1,ARG,1
701000938,DON MIGUEL I,2025,3,ARG,3
701000938,DON MIGUEL I,2026,2,ARG,2
701000870,DON NATALIO,2017,4,ARG,4
701000870,DON NATALIO,2018,1,ARG,1
701000870,DON NATALIO,2023,1,ARG,1
701006040,ATREVIDO,2017,1,ARG,1
701006040,ATREVIDO,2022,1,ARG,1
701006040,ATREVIDO,2024,1,ARG,1
701006731,HUYU 906,2017,1,ARG,1
701006731,HUYU 906,2024,1,ARG,1
701000680,XIN SHI JI N99,2017,1,ARG,1
701000680,XIN SHI JI N99,2020,1,ARG,1
701000816,HUAFENG 815,2017,1,ARG,1
701000816,HUAFENG 815,2020,1,ARG,1
701000816,HUAFENG 815,2021,2,ARG,2
701000816,HUAFENG 815,2022,4,ARG,3
701000816,HUAFENG 815,2024,1,ARG,1
701000816,HUAFENG 815,2026,1,ARG,1
412401950,MINGYUAN,2017,1,CHN,0
412401950,MINGYUAN,2019,2,CHN,0
412401950,MINGYUAN,2022,1,CHN,0
224559000,PLAYA DE RODAS,2017,15,ESP,1
224559000,PLAYA DE RODAS,2018,23,ESP,0
224559000,PLAYA DE RODAS,2019,11,ESP,0
224559000,PLAYA DE RODAS,2020,28,ESP,1
224559000,PLAYA DE RODAS,2021,6,ESP,0
224559000,PLAYA DE RODAS,2022,1,ESP,0
224559000,PLAYA DE RODAS,2025,2,ESP,0
412118811,CHANG SHUN 18,2017,2,CHN,0
412329652,CHANG SHUN NO 1,2017,1,CHN,0
412329652,CHANG SHUN NO 1,2019,1,CHN,0
412329652,CHANG SHUN NO 1,2023,1,CHN,0
416573000,"LIAN CHI CHENG NO,3",2017,2,TWN,0
416573000,"LIAN CHI CHENG NO,3",2018,6,TWN,0
412328763,RUN DA 9,2017,18,CHN,0
412328763,RUN DA 9,2018,30,CHN,0
412328763,RUN DA 9,2019,34,CHN,0
412328763,RUN DA 9,2020,25,CHN,0
412328763,RUN DA 9,2026,1,CHN,0
412440154,FUYUANYU878,2017,3,CHN,0
412440154,FUYUANYU878,2018,1,CHN,0
412440154,FUYUANYU878,2019,3,CHN,0
412329656,LU HUANG YUAN YU 106,2017,2,CHN,0
412329656,LU HUANG YUAN YU 106,2018,5,CHN,0
412329656,LU HUANG YUAN YU 106,2019,5,CHN,0
412440555,FU YUAN YU 7882,2017,4,CHN,0
412440555,FU YUAN YU 7882,2018,12,CHN,0
412331088,LU HUANG YUAN YU 118,2017,1,CHN,0
412331088,LU HUANG YUAN YU 118,2019,12,CHN,0
412331075,LURONGYUANYU 279,2017,1,CHN,0
412331075,LURONGYUANYU 279,2018,1,CHN,0
412331075,LURONGYUANYU 279,2019,1,CHN,0
412331075,LURONGYUANYU 279,2020,4,CHN,0
441603150,YUAN CHING,2017,1,KOR,0
441603150,YUAN CHING,2018,2,KOR,0
224571000,FIGARO,2017,23,ESP,1
224571000,FIGARO,2018,48,ESP,1
224571000,FIGARO,2019,44,ESP,3
224571000,FIGARO,2020,19,ESP,0
416545000,MING MAN,2017,3,TWN,0
416545000,MING MAN,2018,11,TWN,0
416545000,MING MAN,2019,5,TWN,0
416545000,MING MAN,2020,3,TWN,1
416545000,MING MAN,2021,5,TWN,0
416545000,MING MAN,2022,4,TWN,0
416545000,MING MAN,2023,2,TWN,0
416545000,MING MAN,2024,1,TWN,0
412420908,ZHOUYU7,2017,1,CHN,0
412420908,ZHOUYU7,2019,7,CHN,0
701000517,ARBUMASA XXVII,2017,1,ARG,1
701000517,ARBUMASA XXVII,2024,1,ARG,1
701000819,PAOLA S,2017,2,ARG,2
416236500,HSIANG JIN FA,2017,2,TWN,0
416236500,HSIANG JIN FA,2021,1,TWN,0
412581811,,2017,1,CHN,0
701006020,DESAFIO,2017,2,ARG,2
701006020,DESAFIO,2024,1,ARG,1
701006020,DESAFIO,2025,1,ARG,1
701006020,DESAFIO,2026,5,ARG,5
701006083,MARIA EUGENIA,2017,1,ARG,1
412439608,YONG FA 1,2017,3,CHN,0
412439608,YONG FA 1,2018,10,CHN,0
412439608,YONG FA 1,2019,3,CHN,0
412439608,YONG FA 1,2020,21,CHN,0
412439608,YONG FA 1,2025,1,CHN,0
412439608,YONG FA 1,2026,4,CHN,0
412329644,LUWEIYUANYU898,2017,2,CHN,0
412329644,LUWEIYUANYU898,2018,13,CHN,0
412329644,LUWEIYUANYU898,2019,5,CHN,0
412329644,LUWEIYUANYU898,2020,3,CHN,0
412420935,ZHOU YU 9,2017,4,CHN,0
412420935,ZHOU YU 9,2018,7,CHN,0
701000529,SIRIUS III,2017,1,ARG,1
701000529,SIRIUS III,2018,2,ARG,2
701000765,SIRIUS II,2017,1,ARG,1
701000765,SIRIUS II,2020,3,ARG,3
701000814,VALIENTE 2,2017,1,ARG,1
416336000,KAO FONG NO 372,2017,11,TWN,0
770576321,RAMBLA,2017,1,URY,0
272364000,SIMEIZ,2017,1,UKR,0
272364000,SIMEIZ,2018,15,UKR,0
272364000,SIMEIZ,2020,1,UKR,0
412328281,LIAOYU 8,2017,1,CHN,0
440203000,KINGSTAR,2017,3,KOR,0
440203000,KINGSTAR,2018,7,KOR,0
440203000,KINGSTAR,2019,10,KOR,0
440203000,KINGSTAR,2021,8,KOR,0
440203000,KINGSTAR,2022,12,KOR,0
440203000,KINGSTAR,2023,17,KOR,1
440203000,KINGSTAR,2024,14,KOR,0
440203000,KINGSTAR,2025,6,KOR,0
440203000,KINGSTAR,2026,2,KOR,0
441868000,KOSTAR,2017,2,KOR,0
441868000,KOSTAR,2018,2,KOR,1
441868000,KOSTAR,2019,2,KOR,1
441868000,KOSTAR,2020,1,KOR,0
412420563,HAN YI 3,2017,1,CHN,0
412420563,HAN YI 3,2018,6,CHN,0
412420563,HAN YI 3,2021,1,CHN,0
412331811,2018,2017,1,CHN,0
416689000,YUH MAO NO.236,2017,3,TWN,0
416689000,YUH MAO NO.236,2018,5,TWN,0
416689000,YUH MAO NO.236,2019,9,TWN,0
416689000,YUH MAO NO.236,2020,1,TWN,0
701042000,LUCA MARIO,2017,1,ARG,1
701042000,LUCA MARIO,2026,2,ARG,2
701000539,PAKU,2017,1,ARG,1
416180800,FU.MAO268,2017,2,TWN,0
416180800,FU.MAO268,2019,3,TWN,0
416180800,FU.MAO268,2020,5,TWN,0
416180800,FU.MAO268,2021,1,TWN,0
416180800,FU.MAO268,2023,1,TWN,0
416180800,FU.MAO268,2024,2,TWN,0
416180800,FU.MAO268,2025,4,TWN,0
412421005,SHUN XING 16,2017,1,CHN,1
412421005,SHUN XING 16,2018,18,CHN,0
412421005,SHUN XING 16,2019,13,CHN,0
412421005,SHUN XING 16,2023,1,CHN,0
412421005,SHUN XING 16,2026,1,CHN,0
701000658,FERNANDO ALVAREZ,2017,1,ARG,1
701000658,FERNANDO ALVAREZ,2019,1,ARG,1
701000658,FERNANDO ALVAREZ,2023,1,ARG,1
412420418,ZHOU HONG YUA 2,2017,4,CHN,1
412420418,ZHOU HONG YUA 2,2018,21,CHN,0
412420418,ZHOU HONG YUA 2,2019,12,CHN,0
412420418,ZHOU HONG YUA 2,2020,15,CHN,0
740366000,ROBIN M. LEE,2017,3,FLK,0
740366000,ROBIN M. LEE,2018,1,FLK,0
740366000,ROBIN M. LEE,2019,2,FLK,0
740366000,ROBIN M. LEE,2024,1,FLK,0
740366000,ROBIN M. LEE,2025,1,FLK,0
740358000,CASTELO,2017,2,FLK,0
740358000,CASTELO,2019,2,FLK,0
740358000,CASTELO,2021,2,FLK,0
740358000,CASTELO,2022,2,FLK,0
740358000,CASTELO,2023,1,FLK,0
740358000,CASTELO,2026,1,FLK,0
412420341,HUAYING1,2017,1,CHN,0
412420341,HUAYING1,2021,2,CHN,0
412420341,HUAYING1,2022,3,CHN,0
412420341,HUAYING1,2025,1,CHN,1
701000865,BOUCINA,2017,1,ARG,1
701000865,BOUCINA,2021,1,ARG,1
701000865,BOUCINA,2024,1,ARG,1
701000865,BOUCINA,2026,1,ARG,1
416037900,KAO FENG NO.101,2017,3,TWN,0
416037900,KAO FENG NO.101,2018,2,TWN,0
412329687,LU QING YUAN YU 206,2017,19,CHN,0
412329687,LU QING YUAN YU 206,2018,63,CHN,0
412329687,LU QING YUAN YU 206,2019,8,CHN,0
412329687,LU QING YUAN YU 206,2020,5,CHN,0
412329687,LU QING YUAN YU 206,2022,4,CHN,0
701006405,PIONEROS,2017,1,ARG,1
701006405,PIONEROS,2026,1,ARG,1
701006043,STELLA MARIS I,2017,3,ARG,3
701006043,STELLA MARIS I,2018,64,ARG,64
701006043,STELLA MARIS I,2019,24,ARG,20
701006043,STELLA MARIS I,2020,1,ARG,1
701006043,STELLA MARIS I,2021,2,ARG,2
701000919,EMPESUR 3,2017,1,ARG,1
224506000,LOITADOR,2017,6,ESP,0
224506000,LOITADOR,2018,20,ESP,0
224506000,LOITADOR,2019,8,ESP,0
224506000,LOITADOR,2020,12,ESP,0
224506000,LOITADOR,2021,18,ESP,0
224506000,LOITADOR,2022,5,ESP,0
224506000,LOITADOR,2024,5,ESP,0
224506000,LOITADOR,2025,1,ESP,0
701000528,ALCOBARI,2017,3,ARG,3
224967000,COSTA DO CABO,2017,22,ESP,0
224967000,COSTA DO CABO,2018,19,ESP,0
224967000,COSTA DO CABO,2019,15,ESP,1
224967000,COSTA DO CABO,2020,25,ESP,0
224967000,COSTA DO CABO,2021,12,ESP,0
224967000,COSTA DO CABO,2022,3,ESP,0
701006502,NONOPASCUAL,2017,1,ARG,1
701006502,NONOPASCUAL,2019,12,ARG,12
701006502,NONOPASCUAL,2020,2,ARG,2
701006502,NONOPASCUAL,2021,6,ARG,6
701006502,NONOPASCUAL,2023,1,ARG,1
701006502,NONOPASCUAL,2026,2,ARG,2
441495000,108EUNHAE,2017,1,KOR,0
441495000,108EUNHAE,2018,5,KOR,0
441495000,108EUNHAE,2026,2,KOR,0
701000531,MARCALA 1,2017,1,ARG,1
701000531,MARCALA 1,2019,1,ARG,1
701006007,ARAUCANIA,2017,1,ARG,1
701006007,ARAUCANIA,2019,1,ARG,1
440818000,NO.77 OCEAN,2017,1,KOR,0
440818000,NO.77 OCEAN,2018,3,KOR,2
440818000,NO.77 OCEAN,2019,1,KOR,0
412329436,LURONGYUANYU978,2017,1,CHN,0
412329436,LURONGYUANYU978,2018,6,CHN,0
412329436,LURONGYUANYU978,2019,4,CHN,0
412329436,LURONGYUANYU978,2021,2,CHN,0
412329436,LURONGYUANYU978,2022,1,CHN,0
412329436,LURONGYUANYU978,2024,1,CHN,0
440108000,27HAEIN,2017,1,KOR,0
440108000,27HAEIN,2018,1,KOR,0
440108000,27HAEIN,2019,1,KOR,0
770576071,TORRES DEL PAINE,2017,1,URY,0
701006055,SIEMPRE STA ROSA,2017,1,ARG,1
412331079,LURONGYUANYU698,2017,1,CHN,0
412331079,LURONGYUANYU698,2018,1,CHN,0
412331079,LURONGYUANYU698,2020,4,CHN,0
412331079,LURONGYUANYU698,2021,1,CHN,0
412331079,LURONGYUANYU698,2022,1,CHN,0
412331079,LURONGYUANYU698,2023,1,CHN,0
701535000,GC-28 DERBES,2017,1,ARG,1
701535000,GC-28 DERBES,2018,3,ARG,3
701535000,GC-28 DERBES,2020,2,ARG,2
701535000,GC-28 DERBES,2021,2,ARG,2
701535000,GC-28 DERBES,2022,1,ARG,0
701535000,GC-28 DERBES,2023,1,ARG,1
701535000,GC-28 DERBES,2024,5,ARG,5
701535000,GC-28 DERBES,2025,4,ARG,4
440863000,SAE IN LEADER,2017,1,KOR,0
440863000,SAE IN LEADER,2018,2,KOR,0
440863000,SAE IN LEADER,2023,1,KOR,0
224547000,PISCATOR,2017,14,ESP,0
224547000,PISCATOR,2018,30,ESP,0
224547000,PISCATOR,2019,21,ESP,1
224547000,PISCATOR,2020,39,ESP,1
224547000,PISCATOR,2021,25,ESP,0
224547000,PISCATOR,2022,34,ESP,0
224547000,PISCATOR,2023,6,ESP,0
224547000,PISCATOR,2026,1,ESP,0
770576401,CANADIAN SPIRIT,2017,1,URY,0
770576401,CANADIAN SPIRIT,2019,1,URY,0
770576401,CANADIAN SPIRIT,2021,1,URY,0
770576401,CANADIAN SPIRIT,2022,4,URY,0
770576401,CANADIAN SPIRIT,2023,24,URY,0
701006063,SIRIUS,2017,1,ARG,1
441864000,SUNSTAR,2017,2,KOR,1
441864000,SUNSTAR,2018,4,KOR,0
441864000,SUNSTAR,2019,2,KOR,0
441864000,SUNSTAR,2020,1,KOR,0
441864000,SUNSTAR,2021,1,KOR,0
441864000,SUNSTAR,2022,1,KOR,0
441864000,SUNSTAR,2023,2,KOR,0
441864000,SUNSTAR,2024,4,KOR,0
701000927,PESCAPUERTA QUINTO,2017,1,ARG,1
701015000,RAFFAELA,2017,4,ARG,4
701015000,RAFFAELA,2018,1,ARG,1
701015000,RAFFAELA,2019,1,ARG,1
701015000,RAFFAELA,2025,2,ARG,2
701006084,BORRASCA,2017,1,ARG,1
701006084,BORRASCA,2018,2,ARG,2
701006084,BORRASCA,2021,1,ARG,1
441667000,MERIDIAN8,2017,2,KOR,0
441667000,MERIDIAN8,2018,3,KOR,0
441667000,MERIDIAN8,2023,3,KOR,0
441667000,MERIDIAN8,2024,1,KOR,0
701006236,ALVAREZ ENTRENA IV,2017,1,ARG,1
701006744,EMPESUR 7,2017,1,ARG,1
701000882,FELIX AUGUSTO,2017,1,ARG,1
701000558,MAGDALENA,2017,1,ARG,1
701000558,MAGDALENA,2022,1,ARG,1
440347000,GREEN STAR,2017,5,KOR,0
440347000,GREEN STAR,2020,1,KOR,0
440347000,GREEN STAR,2021,8,KOR,2
440347000,GREEN STAR,2022,2,KOR,0
440347000,GREEN STAR,2023,2,KOR,0
440347000,GREEN STAR,2024,1,KOR,0
440347000,GREEN STAR,2025,3,KOR,0
701000731,SAN CAYETANO I,2017,1,ARG,1
701000731,SAN CAYETANO I,2022,1,ARG,1
701000571,GOLFO SAN MATIAS,2017,1,ARG,1
701000571,GOLFO SAN MATIAS,2024,1,ARG,1
416043600,JIN YI SHIANG,2017,1,TWN,0
416043600,JIN YI SHIANG,2018,3,TWN,0
701038000,DON NICOLA,2017,3,ARG,3
701038000,DON NICOLA,2019,1,ARG,1
701038000,DON NICOLA,2020,2,ARG,2
701038000,DON NICOLA,2021,7,ARG,7
701038000,DON NICOLA,2022,11,ARG,11
701038000,DON NICOLA,2023,9,ARG,9
701038000,DON NICOLA,2024,19,ARG,19
701038000,DON NICOLA,2025,19,ARG,19
701038000,DON NICOLA,2026,4,ARG,4
701006445,API V,2017,1,ARG,1
701006445,API V,2018,2,ARG,2
440755000,701 HONG JIN,2017,1,KOR,0
440755000,701 HONG JIN,2018,1,KOR,0
440755000,701 HONG JIN,2019,31,KOR,0
440755000,701 HONG JIN,2020,2,KOR,0
440755000,701 HONG JIN,2023,2,KOR,0
440755000,701 HONG JIN,2024,1,KOR,0
701000607,ARBUMASA XIX,2017,1,ARG,1
701000607,ARBUMASA XIX,2018,2,ARG,2
701000607,ARBUMASA XIX,2026,1,ARG,1
701000651,ARBUMASA I,2017,2,ARG,2
701000708,ARBUMASA 15,2017,1,ARG,1
701000708,ARBUMASA 15,2018,2,ARG,2
701000626,ARBUMASA XVII,2017,1,ARG,1
701000626,ARBUMASA XVII,2018,2,ARG,2
701000626,ARBUMASA XVII,2024,1,ARG,1
701006034,ARBUMASA XVIII,2017,1,ARG,1
701006034,ARBUMASA XVIII,2026,1,ARG,1
701006168,PUENTE MAYOR,2017,2,ARG,2
701006168,PUENTE MAYOR,2018,1,ARG,1
701006168,PUENTE MAYOR,2021,2,ARG,2
701000736,MARIANELA,2017,2,ARG,2
701000736,MARIANELA,2019,1,ARG,1
701000736,MARIANELA,2025,3,ARG,3
701000736,MARIANELA,2026,1,ARG,1
272645000,KOREIZ,2017,1,UKR,0
701006066,MARGOT,2017,1,ARG,1
701006066,MARGOT,2022,1,ARG,1
701000732,NAVEGANTES,2017,1,ARG,1
701000732,NAVEGANTES,2019,3,ARG,3
701000732,NAVEGANTES,2020,1,ARG,1
701000732,NAVEGANTES,2021,5,ARG,5
701000732,NAVEGANTES,2022,1,ARG,1
701000732,NAVEGANTES,2023,2,ARG,2
770576122,PROMAR XXII,2017,1,URY,0
701030000,DON GAETANO,2017,1,ARG,1
701030000,DON GAETANO,2023,1,ARG,1
701030000,DON GAETANO,2025,2,ARG,2
701030000,DON GAETANO,2026,1,ARG,1
701000706,MADRE DIVINA,2017,4,ARG,4
701000706,MADRE DIVINA,2020,2,ARG,2
701000706,MADRE DIVINA,2023,1,ARG,1
701000706,MADRE DIVINA,2026,1,ARG,1
770576118,TACUAREMBO,2017,1,URY,1
770576117,FLORIDA,2017,1,URY,1
665111119,ARGOS FROYANES,2017,1,SHN,0
665111119,ARGOS FROYANES,2020,1,SHN,0
770576346,RIO SOLIS III,2017,1,URY,0
770576346,RIO SOLIS III,2018,5,URY,0
770576346,RIO SOLIS III,2019,1,URY,1
770576346,RIO SOLIS III,2020,16,URY,2
770576346,RIO SOLIS III,2021,14,URY,5
770576346,RIO SOLIS III,2022,11,URY,4
770576346,RIO SOLIS III,2023,3,URY,2
770576346,RIO SOLIS III,2024,3,URY,0
412555279,LURONGYUANYU279,2017,5,CHN,0
412555279,LURONGYUANYU279,2018,28,CHN,0
412555279,LURONGYUANYU279,2019,6,CHN,0
412555279,LURONGYUANYU279,2020,4,CHN,0
701000835,ALTALENA,2017,1,ARG,1
441360000,101 EUN HAE,2017,4,KOR,0
441360000,101 EUN HAE,2018,3,KOR,0
412420156,309YUAN YU 882=?A1=?,2017,1,CHN,0
701000793,MELLINO I,2017,1,ARG,1
412420461,ZHE PU YUAN 68,2017,1,CHN,1
412420461,ZHE PU YUAN 68,2018,9,CHN,0
412420461,ZHE PU YUAN 68,2019,39,CHN,0
412420461,ZHE PU YUAN 68,2020,25,CHN,0
412420461,ZHE PU YUAN 68,2021,6,CHN,0
412420461,ZHE PU YUAN 68,2022,5,CHN,0
412331017,LU RONG YUAN YU 828,2017,2,CHN,0
412331017,LU RONG YUAN YU 828,2021,1,CHN,0
412331017,LU RONG YUAN YU 828,2024,5,CHN,0
412421059,NING TAI 76,2017,3,CHN,0
412421059,NING TAI 76,2018,14,CHN,0
412421059,NING TAI 76,2019,11,CHN,0
412421059,NING TAI 76,2020,6,CHN,0
412421059,NING TAI 76,2021,21,CHN,0
412421059,NING TAI 76,2022,6,CHN,0
412421059,NING TAI 76,2023,1,CHN,0
412421059,NING TAI 76,2024,1,CHN,0
412421059,NING TAI 76,2025,1,CHN,1
412439575,HAIZHIXING801,2017,1,CHN,0
412439575,HAIZHIXING801,2018,19,CHN,0
412439575,HAIZHIXING801,2019,13,CHN,0
412439575,HAIZHIXING801,2020,21,CHN,0
800032001,,2017,1,UNKNOWN,0
800032001,,2018,12,UNKNOWN,1
800032001,,2019,4,UNKNOWN,0
412420384,MING XIANG 803,2017,3,CHN,0
412420384,MING XIANG 803,2018,14,CHN,0
412420384,MING XIANG 803,2019,5,CHN,0
412420384,MING XIANG 803,2020,1,CHN,0
412420384,MING XIANG 803,2021,1,CHN,0
412424491,JIA DE 17,2017,1,CHN,0
412424491,JIA DE 17,2018,22,CHN,0
412424491,JIA DE 17,2019,1,CHN,0
412424491,JIA DE 17,2021,1,CHN,0
770576238,AINOHA,2017,1,URY,1
770576238,AINOHA,2018,1,URY,0
770576238,AINOHA,2022,1,URY,1
770576238,AINOHA,2023,1,URY,0
412420576,JIADE16,2017,1,CHN,1
412420576,JIADE16,2018,2,CHN,0
412420576,JIADE16,2019,7,CHN,0
412331127,LU RONG YUAN YU 729,2017,1,CHN,0
412331127,LU RONG YUAN YU 729,2018,6,CHN,0
412331127,LU RONG YUAN YU 729,2019,1,CHN,0
412331018,LU RONG YUAN YU 829,2017,1,CHN,0
412331018,LU RONG YUAN YU 829,2018,1,CHN,0
412331018,LU RONG YUAN YU 829,2022,4,CHN,0
412331018,LU RONG YUAN YU 829,2023,1,CHN,0
412331018,LU RONG YUAN YU 829,2026,1,CHN,0
800366789,,2017,1,UNKNOWN,0
200014517,SEA 5,2017,1,UNKNOWN,0
412420532,JINGHAIYANG2,2017,2,CHN,0
412420532,JINGHAIYANG2,2018,5,CHN,1
412420532,JINGHAIYANG2,2019,5,CHN,0
412420532,JINGHAIYANG2,2020,6,CHN,0
412420531,JINHAIYANG1,2017,1,CHN,0
412420531,JINHAIYANG1,2018,3,CHN,1
412420531,JINHAIYANG1,2019,4,CHN,0
412420531,JINHAIYANG1,2021,2,CHN,0
412331148,LU PENG YUAN YU 089,2017,1,CHN,0
412331148,LU PENG YUAN YU 089,2018,12,CHN,0
412331148,LU PENG YUAN YU 089,2019,1,CHN,0
412330931,LU PENG YUAN YU 097,2017,1,CHN,0
412330931,LU PENG YUAN YU 097,2018,2,CHN,0
412330931,LU PENG YUAN YU 097,2019,3,CHN,0
412330931,LU PENG YUAN YU 097,2021,5,CHN,0
412330931,LU PENG YUAN YU 097,2025,5,CHN,0
412330931,LU PENG YUAN YU 097,2026,11,CHN,0
412331038,LU PENG YUAN YU 019,2017,1,CHN,0
412331038,LU PENG YUAN YU 019,2018,1,CHN,0
412331038,LU PENG YUAN YU 019,2021,3,CHN,0
412331038,LU PENG YUAN YU 019,2024,2,CHN,0
412331038,LU PENG YUAN YU 019,2025,1,CHN,0
412331038,LU PENG YUAN YU 019,2026,21,CHN,0
412333345,LURONGYUANYU709,2017,1,CHN,0
412333345,LURONGYUANYU709,2018,23,CHN,0
412333345,LURONGYUANYU709,2019,5,CHN,0
412333345,LURONGYUANYU709,2020,23,CHN,0
412333345,LURONGYUANYU709,2021,11,CHN,0
412333345,LURONGYUANYU709,2022,3,CHN,0
412333345,LURONGYUANYU709,2023,22,CHN,0
412333345,LURONGYUANYU709,2026,2,CHN,0
412420001,XIN JI LI 5,2017,1,CHN,0
412420001,XIN JI LI 5,2018,7,CHN,0
412420001,XIN JI LI 5,2019,3,CHN,0
412420001,XIN JI LI 5,2021,1,CHN,0
412420001,XIN JI LI 5,2022,1,CHN,0
412420001,XIN JI LI 5,2023,3,CHN,0
412420001,XIN JI LI 5,2024,1,CHN,0
412420001,XIN JI LI 5,2026,1,CHN,0
412331139,LU WEI YUAN YU 979,2017,1,CHN,0
412330029,JING YUAN 608,2017,1,CHN,0
412330029,JING YUAN 608,2018,1,CHN,0
412330029,JING YUAN 608,2021,1,CHN,0
412420561,HAN YI 8,2018,1,CHN,1
200006639,,2018,1,UNKNOWN,0
412424374,ZHE PU YUAN 98,2018,3,CHN,0
412331182,LURONGYUANYU393,2018,4,CHN,0
412331182,LURONGYUANYU393,2019,1,CHN,0
412331182,LURONGYUANYU393,2020,1,CHN,0
412331182,LURONGYUANYU393,2021,1,CHN,0
412331182,LURONGYUANYU393,2022,3,CHN,0
412331182,LURONGYUANYU393,2023,5,CHN,0
412331182,LURONGYUANYU393,2024,1,CHN,1
412331175,LU RONG YUAN YU 881,2018,1,CHN,0
412331175,LU RONG YUAN YU 881,2019,1,CHN,1
412331175,LU RONG YUAN YU 881,2021,1,CHN,0
412420788,MINGXIANG816,2018,1,CHN,0
412329793,LU QING YUAN YU 211,2018,1,CHN,0
412329793,LU QING YUAN YU 211,2019,1,CHN,0
440815000,NO.7 DAE YANG,2018,1,KOR,0
440815000,NO.7 DAE YANG,2020,5,KOR,0
440815000,NO.7 DAE YANG,2023,1,KOR,0
412339632,JING YUAN 616,2018,2,CHN,0
412420417,ZHOUHONGYUAN1,2018,17,CHN,0
412420417,ZHOUHONGYUAN1,2019,14,CHN,0
412420417,ZHOUHONGYUAN1,2022,1,CHN,0
412420417,ZHOUHONGYUAN1,2024,1,CHN,0
412420687,HUA LI 18,2018,6,CHN,0
412420687,HUA LI 18,2019,7,CHN,0
412420687,HUA LI 18,2020,1,CHN,0
412420687,HUA LI 18,2025,1,CHN,0
412331062,YUAN SHENG 6,2018,8,CHN,0
412331062,YUAN SHENG 6,2019,1,CHN,0
412331062,YUAN SHENG 6,2020,4,CHN,0
412331062,YUAN SHENG 6,2021,2,CHN,0
412331062,YUAN SHENG 6,2022,9,CHN,0
412331062,YUAN SHENG 6,2023,3,CHN,0
412331062,YUAN SHENG 6,2024,2,CHN,0
412331062,YUAN SHENG 6,2025,5,CHN,0
412331062,YUAN SHENG 6,2026,5,CHN,0
412420956,NINGTAI56,2018,1,CHN,0
412331002,LUJIAONANYUANYU 178,2018,9,CHN,0
412329439,LURONGYUANYU987,2018,6,CHN,0
412329439,LURONGYUANYU987,2021,2,CHN,0
412329439,LURONGYUANYU987,2022,3,CHN,0
412329439,LURONGYUANYU987,2024,7,CHN,0
412329439,LURONGYUANYU987,2025,3,CHN,0
412421057,HUALI28,2018,22,CHN,0
412421057,HUALI28,2019,19,CHN,0
412421057,HUALI28,2020,16,CHN,0
412421057,HUALI28,2024,1,CHN,1
412421057,HUALI28,2026,1,CHN,0
412209146,GUO JI 908,2018,12,CHN,0
412209146,GUO JI 908,2020,13,CHN,0
412209146,GUO JI 908,2026,3,CHN,0
412331041,LU PENG YUAN YU 029,2018,2,CHN,0
412331041,LU PENG YUAN YU 029,2019,1,CHN,0
412331041,LU PENG YUAN YU 029,2021,3,CHN,0
412331041,LU PENG YUAN YU 029,2023,3,CHN,0
412331041,LU PENG YUAN YU 029,2024,3,CHN,0
412331041,LU PENG YUAN YU 029,2025,14,CHN,0
412331041,LU PENG YUAN YU 029,2026,23,CHN,0
412420008,JIN HAI 701,2018,5,CHN,0
412420008,JIN HAI 701,2019,2,CHN,0
412420008,JIN HAI 701,2022,1,CHN,1
412420575,JIADE15,2018,14,CHN,0
412420575,JIADE15,2019,2,CHN,0
412420575,JIADE15,2021,1,CHN,1
412420575,JIADE15,2025,1,CHN,0
710023232,CRISTO REI C,2018,1,BRA,0
412354091,SU YUAN YU 8,2018,1,CHN,0
585856888,LU RONG YUAN YU  882,2018,2,UNKNOWN,0
701006605,CAPESANTE,2018,2,ARG,2
701006605,CAPESANTE,2019,2,ARG,2
701006605,CAPESANTE,2020,2,ARG,2
701006605,CAPESANTE,2022,2,ARG,2
701006605,CAPESANTE,2023,9,ARG,9
701006605,CAPESANTE,2024,2,ARG,2
701006605,CAPESANTE,2025,8,ARG,8
701006605,CAPESANTE,2026,5,ARG,5
412677320,JING YUAN 601,2018,1,CHN,0
412677320,JING YUAN 601,2020,3,CHN,0
412677320,JING YUAN 601,2021,2,CHN,0
412677320,JING YUAN 601,2023,11,CHN,1
412677320,JING YUAN 601,2024,17,CHN,0
412677320,JING YUAN 601,2025,9,CHN,0
412677320,JING YUAN 601,2026,9,CHN,0
412329442,LURONGYUANYU989,2018,8,CHN,0
412329442,LURONGYUANYU989,2020,19,CHN,0
412329442,LURONGYUANYU989,2023,1,CHN,0
710542016,GUNNAR VINGREN,2018,1,BRA,0
200010821,SEA 7,2018,1,UNKNOWN,0
200010821,SEA 7,2019,1,UNKNOWN,0
412331168,LU RONG YUAN YU 838,2018,3,CHN,0
412331168,LU RONG YUAN YU 838,2019,4,CHN,0
200050570,SHENG RONG 8,2018,2,UNKNOWN,0
200050570,SHENG RONG 8,2019,8,UNKNOWN,0
412401580,MING DA,2018,3,CHN,0
412401580,MING DA,2020,1,CHN,0
412420659,SHUN HANG 6,2018,1,CHN,0
412329696,LU RONG YUAN YU 898,2018,2,CHN,0
412329696,LU RONG YUAN YU 898,2021,9,CHN,0
412329696,LU RONG YUAN YU 898,2022,8,CHN,0
412329696,LU RONG YUAN YU 898,2023,11,CHN,0
412329696,LU RONG YUAN YU 898,2024,3,CHN,0
412331059,LU PENG YUAN YU 078,2018,3,CHN,1
412331059,LU PENG YUAN YU 078,2019,1,CHN,0
412331059,LU PENG YUAN YU 078,2021,4,CHN,0
412331059,LU PENG YUAN YU 078,2023,1,CHN,0
412331059,LU PENG YUAN YU 078,2025,1,CHN,0
412420432,HAN YI 7,2018,12,CHN,0
412420432,HAN YI 7,2019,15,CHN,0
412430920,FENG CHENG 101,2018,4,CHN,0
412329534,,2018,1,CHN,0
701000829,RIGEL,2018,7,ARG,4
412420938,SHUN HANG 7,2018,10,CHN,0
412420938,SHUN HANG 7,2019,7,CHN,0
412420938,SHUN HANG 7,2021,2,CHN,0
412420938,SHUN HANG 7,2025,1,CHN,0
412420938,SHUN HANG 7,2026,2,CHN,0
740402000,MONTEFERRO,2018,1,FLK,0
412421072,WAN XIN 7,2018,22,CHN,0
412421072,WAN XIN 7,2022,2,CHN,0
412420646,TIAN YUE 1,2018,5,CHN,0
412420646,TIAN YUE 1,2022,1,CHN,0
412420646,TIAN YUE 1,2023,1,CHN,0
412439587,OU YA 8,2018,2,CHN,0
412439587,OU YA 8,2021,3,CHN,0
412439587,OU YA 8,2022,2,CHN,0
412439587,OU YA 8,2023,3,CHN,0
412439587,OU YA 8,2024,1,CHN,0
412439587,OU YA 8,2025,1,CHN,0
412421356,JINHAI616,2018,4,CHN,0
416416416,SI-30A,2018,2,TWN,0
200008102,SEA 8,2018,3,UNKNOWN,0
412329288,6,2018,1,CHN,0
416137600,CHIN LIN,2018,1,TWN,0
701006068,MAR DEL CHUBUT,2018,1,ARG,1
701006068,MAR DEL CHUBUT,2022,1,ARG,1
701006068,MAR DEL CHUBUT,2024,2,ARG,2
416248800,CHANG CHUN 101,2018,8,TWN,0
416248800,CHANG CHUN 101,2019,2,TWN,0
416580000,,2018,4,TWN,0
701031000,ANABELLA M,2018,3,ARG,3
900028873,ZHOUYU6,2018,2,UNKNOWN,0
900028873,ZHOUYU6,2019,1,UNKNOWN,0
412326884,ZHENFA7,2018,5,CHN,0
412326884,ZHENFA7,2023,1,CHN,0
412326884,ZHENFA7,2024,3,CHN,0
412326884,ZHENFA7,2025,5,CHN,0
412326884,ZHENFA7,2026,7,CHN,0
416253500,WIN FAR SHENG NO.3,2018,7,TWN,0
416253500,WIN FAR SHENG NO.3,2019,1,TWN,0
412333275,LU RONG YUAN YU 539,2018,11,CHN,0
412333275,LU RONG YUAN YU 539,2019,6,CHN,0
412333275,LU RONG YUAN YU 539,2020,27,CHN,0
412333275,LU RONG YUAN YU 539,2021,1,CHN,0
440811000,SAEIN NO.1,2018,2,KOR,0
440811000,SAEIN NO.1,2019,1,KOR,1
412331008,LUYANYUANYU 011,2018,2,CHN,1
416004729,AN FONG NO 158,2018,3,TWN,0
416004729,AN FONG NO 158,2024,1,TWN,0
701000577,MISS TIDE,2018,2,ARG,2
701000577,MISS TIDE,2021,1,ARG,1
701000577,MISS TIDE,2022,1,ARG,1
701000577,MISS TIDE,2024,1,ARG,1
701000577,MISS TIDE,2025,4,ARG,4
412333739,LURONGYUANYU775,2018,17,CHN,0
412333739,LURONGYUANYU775,2019,3,CHN,0
412333739,LURONGYUANYU775,2022,1,CHN,0
412333739,LURONGYUANYU775,2023,3,CHN,0
412421047,DONG ZHOU 21,2018,7,CHN,0
412421047,DONG ZHOU 21,2019,1,CHN,0
412421047,DONG ZHOU 21,2020,22,CHN,0
412421047,DONG ZHOU 21,2023,1,CHN,0
412421047,DONG ZHOU 21,2024,2,CHN,0
412421047,DONG ZHOU 21,2026,1,CHN,0
412333273,LU RONG YUAN YU 522,2018,1,CHN,0
412333274,LU RONG YUAN YU 538,2018,10,CHN,0
412333274,LU RONG YUAN YU 538,2019,11,CHN,0
412333274,LU RONG YUAN YU 538,2020,18,CHN,0
412333274,LU RONG YUAN YU 538,2021,12,CHN,0
412331039,LUPENG YUAN YU 028,2018,5,CHN,0
412331039,LUPENG YUAN YU 028,2019,8,CHN,0
412331039,LUPENG YUAN YU 028,2023,1,CHN,0
412300376,TIAN XIANG 58,2018,9,CHN,0
412300376,TIAN XIANG 58,2019,2,CHN,1
412300376,TIAN XIANG 58,2025,1,CHN,0
200014551,,2018,1,UNKNOWN,0
200014551,,2020,1,UNKNOWN,0
200014551,,2022,3,UNKNOWN,0
200014551,,2023,1,UNKNOWN,0
412320029,JING YUAN 608,2018,2,CHN,0
412320029,JING YUAN 608,2024,1,CHN,0
412320029,JING YUAN 608,2026,2,CHN,0
412439579,LUWEIYUANYU919,2018,8,CHN,0
412439602,OUYA1,2018,4,CHN,0
412439602,OUYA1,2021,1,CHN,0
412439602,OUYA1,2025,3,CHN,0
412331688,L   ENG  UA  YU,2018,1,CHN,0
412420315,JIA DE 6,2018,19,CHN,0
412420315,JIA DE 6,2019,11,CHN,0
412420315,JIA DE 6,2020,24,CHN,0
412420315,JIA DE 6,2021,9,CHN,0
412420315,JIA DE 6,2025,1,CHN,0
410500000,COSECHA,2018,1,BTN,0
412331689,LU PENG YUAN YU 089,2018,1,CHN,0
412420909,SHUNHANG8,2018,1,CHN,0
412420909,SHUNHANG8,2019,1,CHN,0
412329635,LU PENG YUAN YU 018,2018,22,CHN,0
412329635,LU PENG YUAN YU 018,2019,2,CHN,0
412329635,LU PENG YUAN YU 018,2023,5,CHN,0
412329635,LU PENG YUAN YU 018,2025,2,CHN,0
412329635,LU PENG YUAN YU 018,2026,4,CHN,0
900000000,LU QING YUAN YU 210,2018,1,UNKNOWN,0
900000000,LU QING YUAN YU 210,2019,66,UNKNOWN,0
900000000,LU QING YUAN YU 210,2020,13,UNKNOWN,0
900000000,LU QING YUAN YU 210,2024,1,UNKNOWN,0
412333272,LU RONG YUAN YU 525,2018,15,CHN,0
412329634,LU PENG YUANYU017,2018,4,CHN,0
412329634,LU PENG YUANYU017,2019,6,CHN,0
412329634,LU PENG YUANYU017,2023,2,CHN,0
412329634,LU PENG YUANYU017,2025,1,CHN,0
412329634,LU PENG YUANYU017,2026,4,CHN,0
412206008,LIAO YU 5,2018,17,CHN,0
412206008,LIAO YU 5,2019,3,CHN,0
412329697,LURONGYUANYU579,2018,2,CHN,0
412329697,LURONGYUANYU579,2020,13,CHN,0
416046500,TAN YAN-11,2018,10,TWN,0
416201700,SHUENN CHING NO.1,2018,2,TWN,0
416201700,SHUENN CHING NO.1,2019,1,TWN,0
440995000,NO.707 AMOR,2018,4,KOR,0
440995000,NO.707 AMOR,2020,1,KOR,0
416251800,ZIDAHONG,2018,4,TWN,0
412420652,RUN DA 677,2018,5,CHN,1
204820000,SANTA ISABEL,2018,8,PRT,0
412329655,LU HUANG YUAN YU 105,2018,10,CHN,0
412329655,LU HUANG YUAN YU 105,2019,15,CHN,0
416252900,WIN FAR YU NO.2,2018,3,TWN,0
412422122,DONG ZHOU 22,2018,2,CHN,0
412422122,DONG ZHOU 22,2019,12,CHN,0
412422122,DONG ZHOU 22,2021,1,CHN,0
412422122,DONG ZHOU 22,2024,1,CHN,0
770576050,MAXAL II,2018,2,URY,0
770576050,MAXAL II,2019,1,URY,0
440179000,601 DAGAH,2018,10,KOR,1
412420947,SHUN HANG 17,2018,13,CHN,0
412420947,SHUN HANG 17,2019,1,CHN,0
412420947,SHUN HANG 17,2020,1,CHN,0
412420947,SHUN HANG 17,2021,1,CHN,0
412420947,SHUN HANG 17,2023,1,CHN,0
412420947,SHUN HANG 17,2025,1,CHN,0
416251900,SHIN TORNG SHING,2018,2,TWN,0
416251900,SHIN TORNG SHING,2020,2,TWN,0
416251900,SHIN TORNG SHING,2021,2,TWN,0
416251900,SHIN TORNG SHING,2023,7,TWN,0
416251900,SHIN TORNG SHING,2024,3,TWN,0
440816000,NO.103KUMYANG,2018,1,KOR,0
440816000,NO.103KUMYANG,2019,1,KOR,0
440816000,NO.103KUMYANG,2024,1,KOR,0
412331281,628,2018,1,CHN,0
412331281,628,2023,1,CHN,0
412000601,,2018,1,CHN,0
412440607,FU YUAN YU   7887,2018,7,CHN,0
412440607,FU YUAN YU   7887,2019,4,CHN,0
412440607,FU YUAN YU   7887,2023,2,CHN,0
412440607,FU YUAN YU   7887,2024,6,CHN,0
412440606,FU YUAN YU 7886,2018,7,CHN,0
412440606,FU YUAN YU 7886,2019,13,CHN,0
412440606,FU YUAN YU 7886,2025,1,CHN,0
701006062,MAREJADA,2018,1,ARG,1
701006062,MAREJADA,2020,1,ARG,1
701006062,MAREJADA,2023,1,ARG,1
701006062,MAREJADA,2024,7,ARG,7
701006062,MAREJADA,2025,1,ARG,1
412420578,RUNDA605,2018,12,CHN,0
150400453,LURONGYUANYU717,2018,3,UNKNOWN,0
150400453,LURONGYUANYU717,2019,9,UNKNOWN,0
150400453,LURONGYUANYU717,2021,3,UNKNOWN,1
150400453,LURONGYUANYU717,2023,1,UNKNOWN,0
412331078,LURONGYUANYU688,2018,5,CHN,0
412331078,LURONGYUANYU688,2019,4,CHN,0
412331078,LURONGYUANYU688,2020,6,CHN,0
412331078,LURONGYUANYU688,2022,2,CHN,0
412331078,LURONGYUANYU688,2026,1,CHN,0
416029800,CHIN CHUN,2018,7,TWN,0
150402940,SHUNHANG1,2018,4,UNKNOWN,0
150402940,SHUNHANG1,2019,10,UNKNOWN,0
150402940,SHUNHANG1,2021,1,UNKNOWN,0
412328784,WEI YU19,2018,9,CHN,0
412328784,WEI YU19,2019,1,CHN,0
412401220,MING WANG,2018,1,CHN,0
412401220,MING WANG,2019,1,CHN,0
701055000,CALLEJA,2018,1,ARG,1
701055000,CALLEJA,2020,6,ARG,6
701055000,CALLEJA,2021,1,ARG,1
701055000,CALLEJA,2023,2,ARG,2
701055000,CALLEJA,2024,7,ARG,7
701055000,CALLEJA,2025,3,ARG,3
701055000,CALLEJA,2026,2,ARG,2
440261000,107 EUNHAE,2018,3,KOR,0
440261000,107 EUNHAE,2019,2,KOR,0
440261000,107 EUNHAE,2022,2,KOR,0
416563000,JIN  YUH LONG,2018,10,TWN,0
416563000,JIN  YUH LONG,2019,1,TWN,0
412420805,PUYUAN777,2018,12,CHN,0
412420805,PUYUAN777,2019,4,CHN,0
701000570,TABEIRON TRES,2018,5,ARG,5
701000570,TABEIRON TRES,2019,1,ARG,1
701000570,TABEIRON TRES,2020,4,ARG,4
701000570,TABEIRON TRES,2021,12,ARG,11
701000570,TABEIRON TRES,2022,5,ARG,5
701000570,TABEIRON TRES,2023,11,ARG,11
701000570,TABEIRON TRES,2024,10,ARG,10
701000570,TABEIRON TRES,2025,3,ARG,3
701000570,TABEIRON TRES,2026,2,ARG,2
412420677,RUN DA 610,2018,4,CHN,0
416164900,FU KUO NO.1,2018,1,TWN,0
412420651,RUN DA 617,2018,10,CHN,0
701006235,PORTOBELO I,2018,2,ARG,2
701006235,PORTOBELO I,2019,2,ARG,2
701006235,PORTOBELO I,2020,19,ARG,19
701006235,PORTOBELO I,2021,5,ARG,5
701006235,PORTOBELO I,2022,1,ARG,1
701006235,PORTOBELO I,2023,10,ARG,8
701006235,PORTOBELO I,2024,10,ARG,10
701006235,PORTOBELO I,2025,6,ARG,4
701006235,PORTOBELO I,2026,4,ARG,4
412420376,XINJILI15,2018,3,CHN,0
412420376,XINJILI15,2022,1,CHN,0
701000820,CORAJE,2018,2,ARG,2
701000820,CORAJE,2019,2,ARG,2
412439588,OUYA9,2018,3,CHN,1
412439588,OUYA9,2019,2,CHN,0
412439588,OUYA9,2026,4,CHN,0
441879000,101HAERANG,2018,2,KOR,0
441879000,101HAERANG,2019,1,KOR,0
441879000,101HAERANG,2020,2,KOR,0
441879000,101HAERANG,2021,2,KOR,0
701006082,MALVINAS ARGENTINAS,2018,1,ARG,1
701006082,MALVINAS ARGENTINAS,2019,1,ARG,1
412326883,ZHAN HAI 006,2018,3,CHN,0
412326883,ZHAN HAI 006,2021,3,CHN,0
412326883,ZHAN HAI 006,2023,1,CHN,0
412420013,HAI LI 18,2018,2,CHN,0
412420013,HAI LI 18,2019,8,CHN,0
412420013,HAI LI 18,2020,2,CHN,0
412420013,HAI LI 18,2022,1,CHN,0
412333738,LURONGYUANYU772,2018,13,CHN,0
412333738,LURONGYUANYU772,2019,4,CHN,0
412333738,LURONGYUANYU772,2024,1,CHN,0
412333738,LURONGYUANYU772,2025,1,CHN,0
412420313,JIADE2,2018,1,CHN,0
412420313,JIADE2,2019,10,CHN,0
412422732,JINHAI 823,2018,11,CHN,0
412422732,JINHAI 823,2019,10,CHN,0
441082000,AGNES 1,2018,1,KOR,0
701000743,LAIA,2018,1,ARG,1
701000743,LAIA,2022,1,ARG,1
701000743,LAIA,2023,1,ARG,1
441413000,AGNES101,2018,2,KOR,0
441413000,AGNES101,2020,1,KOR,0
441413000,AGNES101,2024,1,KOR,0
441413000,AGNES101,2025,1,KOR,0
441413000,AGNES101,2026,1,KOR,0
412465012,SHEN GANG SHUN 8,2018,3,CHN,0
412465012,SHEN GANG SHUN 8,2019,2,CHN,0
412465012,SHEN GANG SHUN 8,2026,1,CHN,0
900028533,,2018,4,UNKNOWN,0
900028533,,2019,3,UNKNOWN,0
900028533,,2020,4,UNKNOWN,0
900028533,,2021,7,UNKNOWN,0
900028533,,2022,2,UNKNOWN,0
412420941,HUALI8,2018,5,CHN,1
412420941,HUALI8,2019,6,CHN,0
412420941,HUALI8,2020,18,CHN,0
412333796,LURONGYUANYU667,2018,5,CHN,0
412333796,LURONGYUANYU667,2019,8,CHN,0
412333796,LURONGYUANYU667,2020,5,CHN,0
412420312,JIA DE 1,2018,2,CHN,0
412420312,JIA DE 1,2019,10,CHN,1
412420312,JIA DE 1,2021,2,CHN,0
412420312,JIA DE 1,2025,1,CHN,0
412420317,JIA DE 8,2018,6,CHN,0
412420317,JIA DE 8,2020,1,CHN,0
412421041,DONG YU 1529,2018,17,CHN,0
412421041,DONG YU 1529,2019,12,CHN,0
416639000,HER YANG NO1,2018,3,TWN,0
416250700,AN FONG NO.188,2018,2,TWN,0
416250700,AN FONG NO.188,2022,1,TWN,0
416250700,AN FONG NO.188,2023,1,TWN,0
412271490,ZHONGYUANYU11,2018,1,CHN,0
416252600,HSIANG HO NO.8,2018,1,TWN,0
416252600,HSIANG HO NO.8,2022,1,TWN,0
412421068,HAILI 38,2018,15,CHN,0
412421068,HAILI 38,2019,16,CHN,0
412421068,HAILI 38,2020,5,CHN,0
412421068,HAILI 38,2021,2,CHN,0
412421068,HAILI 38,2023,1,CHN,0
412421068,HAILI 38,2024,1,CHN,0
412421066,HAILI28,2018,15,CHN,1
412421066,HAILI28,2019,15,CHN,1
412421066,HAILI28,2020,6,CHN,0
412421066,HAILI28,2021,1,CHN,0
412421066,HAILI28,2022,5,CHN,0
412421066,HAILI28,2025,1,CHN,0
412421066,HAILI28,2026,1,CHN,0
740349000,KESTREL,2018,4,FLK,0
740349000,KESTREL,2020,1,FLK,0
740349000,KESTREL,2025,2,FLK,0
224301000,IVAN NORES,2018,26,ESP,0
224301000,IVAN NORES,2019,16,ESP,0
224301000,IVAN NORES,2020,43,ESP,1
224301000,IVAN NORES,2021,9,ESP,0
412420666,1BE,2018,11,CHN,0
412699210,MING HUA,2018,2,CHN,0
412420936,ZHOU YU 10,2018,1,CHN,0
416004105,XING HUA SHENG 686,2018,1,TWN,0
412328741,LU RONG YUAN YU 777,2018,22,CHN,0
412328741,LU RONG YUAN YU 777,2019,13,CHN,0
412328741,LU RONG YUAN YU 777,2020,12,CHN,0
412231055,LU HUAN YUAN YU 116,2018,1,CHN,0
412440152,FU YUAN YU 876,2018,2,CHN,0
412440513,FU YUAN YU 199,2018,3,CHN,0
412420799,HUA YING 209,2018,1,CHN,0
150402949,LURONGYUANYU197,2018,4,UNKNOWN,0
150402949,LURONGYUANYU197,2019,13,UNKNOWN,0
150402949,LURONGYUANYU197,2021,3,UNKNOWN,0
150402949,LURONGYUANYU197,2023,2,UNKNOWN,0
412439757,HAI FENG 4,2018,3,CHN,0
412439757,HAI FENG 4,2019,6,CHN,0
412420471,MING ZHOU 6,2018,1,CHN,0
412420471,MING ZHOU 6,2020,3,CHN,0
224235000,MANUEL NORES,2018,24,ESP,0
224235000,MANUEL NORES,2019,22,ESP,0
224235000,MANUEL NORES,2020,40,ESP,0
224235000,MANUEL NORES,2021,34,ESP,0
224235000,MANUEL NORES,2022,14,ESP,0
224235000,MANUEL NORES,2023,18,ESP,0
224235000,MANUEL NORES,2024,2,ESP,0
200008115,SEA 5,2018,2,UNKNOWN,0
412421014,XIN JI LI 56,2018,1,CHN,0
412421014,XIN JI LI 56,2024,1,CHN,0
412271480,ZHONG YUAN YU 16,2018,1,CHN,0
412271480,ZHONG YUAN YU 16,2019,3,CHN,0
701000597,SAN MATEO,2018,1,ARG,1
701000597,SAN MATEO,2021,1,ARG,1
701000597,SAN MATEO,2022,1,ARG,1
701000875,ESTHER 153,2018,4,ARG,4
701000875,ESTHER 153,2020,3,ARG,3
701000875,ESTHER 153,2023,16,ARG,16
701000875,ESTHER 153,2024,4,ARG,4
701000875,ESTHER 153,2025,6,ARG,6
701000875,ESTHER 153,2026,9,ARG,9
701000663,ASUDEPES II,2018,1,ARG,1
701000663,ASUDEPES II,2024,3,ARG,3
412420378,HUALI16,2018,2,CHN,0
412420378,HUALI16,2019,1,CHN,0
412420221,XINJILI16,2018,1,CHN,0
150402944,LURONGYUANYU277,2018,2,UNKNOWN,0
150402944,LURONGYUANYU277,2019,3,UNKNOWN,0
150402944,LURONGYUANYU277,2020,1,UNKNOWN,0
150402944,LURONGYUANYU277,2022,1,UNKNOWN,0
150402944,LURONGYUANYU277,2023,1,UNKNOWN,0
412331181,LU RONG YUAN YU 939,2018,2,CHN,0
412331181,LU RONG YUAN YU 939,2020,2,CHN,0
412331181,LU RONG YUAN YU 939,2021,9,CHN,0
412420209,ZHOU YU   5,2018,2,CHN,1
412420209,ZHOU YU   5,2021,2,CHN,0
412420209,ZHOU YU   5,2023,23,CHN,0
412334076,LURONGYANYU605,2018,1,CHN,0
412334076,LURONGYANYU605,2019,1,CHN,0
412334076,LURONGYANYU605,2020,1,CHN,0
416562000,YUH LONG FA,2018,4,TWN,0
800032634,,2018,1,UNKNOWN,0
800032634,,2019,1,UNKNOWN,0
800032634,,2021,1,UNKNOWN,0
416029900,EAGLE NO.16,2018,1,TWN,0
412330938,LURONGYUANYU759,2018,4,CHN,0
412420816,HAI LI 8,2018,1,CHN,0
412420816,HAI LI 8,2019,10,CHN,0
412420816,HAI LI 8,2020,9,CHN,0
412420816,HAI LI 8,2021,1,CHN,0
412420816,HAI LI 8,2022,2,CHN,0
412439599,OU YA 27,2018,1,CHN,0
412439599,OU YA 27,2019,4,CHN,0
412439599,OU YA 27,2020,1,CHN,0
412439599,OU YA 27,2025,1,CHN,0
412333344,LURONGYUANYU708,2018,11,CHN,1
412333344,LURONGYUANYU708,2019,17,CHN,0
412333344,LURONGYUANYU708,2020,13,CHN,0
412333344,LURONGYUANYU708,2026,10,CHN,0
200006661,"829,",2018,3,UNKNOWN,0
200006661,"829,",2020,4,UNKNOWN,0
200006661,"829,",2021,8,UNKNOWN,0
416117800,JIN MAO 101,2018,5,TWN,0
412690730,ZHOU YU ER HAO,2018,2,CHN,0
200014514,,2018,1,UNKNOWN,0
200014514,,2019,4,UNKNOWN,0
200014514,,2023,1,UNKNOWN,0
200014514,,2024,1,UNKNOWN,0
200014514,,2025,1,UNKNOWN,0
412420,NINTA16,2018,2,CHN,0
412439586,OU YA 7,2018,2,CHN,0
412439586,OU YA 7,2022,4,CHN,0
412439586,OU YA 7,2023,1,CHN,0
412440151,FUYUANYU875,2018,1,CHN,0
412440151,FUYUANYU875,2019,3,CHN,0
412420688,HUA LI 19,2018,1,CHN,0
412420688,HUA LI 19,2019,6,CHN,0
412420688,HUA LI 19,2020,13,CHN,0
412420688,HUA LI 19,2021,1,CHN,0
412200336,GUOJI902,2018,21,CHN,0
412200336,GUOJI902,2019,4,CHN,0
412200336,GUOJI902,2020,4,CHN,0
412200336,GUOJI902,2022,1,CHN,0
412200336,GUOJI902,2023,1,CHN,0
412200336,GUOJI902,2026,2,CHN,0
412420809,MING XIANG 818,2018,3,CHN,0
412420809,MING XIANG 818,2019,7,CHN,0
412420809,MING XIANG 818,2022,2,CHN,0
701007039,ARRUFO,2018,2,ARG,2
701007039,ARRUFO,2020,1,ARG,1
412330141,LU PENG YUAN YU 029,2018,1,CHN,0
412330141,LU PENG YUAN YU 029,2023,2,CHN,0
701000856,ROSARIO G,2018,3,ARG,3
701000856,ROSARIO G,2021,1,ARG,1
412329683,LUWENYUANYU178,2018,2,CHN,0
412420456,H0NGDA1,2018,1,CHN,0
716353264,VITORIA FILHA II,2018,1,UNKNOWN,0
701006427,DUKAT,2018,2,ARG,2
701006427,DUKAT,2020,2,ARG,2
701006427,DUKAT,2021,1,ARG,1
224374000,FARRUCO,2018,15,ESP,0
224374000,FARRUCO,2019,31,ESP,1
224374000,FARRUCO,2020,39,ESP,0
224374000,FARRUCO,2021,29,ESP,0
224374000,FARRUCO,2022,4,ESP,0
224374000,FARRUCO,2023,7,ESP,0
312397000,PRAIA DE SANTA CRUZ,2018,8,BLZ,0
312397000,PRAIA DE SANTA CRUZ,2019,28,BLZ,0
312397000,PRAIA DE SANTA CRUZ,2021,23,BLZ,0
701006755,** HU YU 908 **,2018,4,ARG,4
701006755,** HU YU 908 **,2019,4,ARG,4
701006755,** HU YU 908 **,2025,4,ARG,4
701006755,** HU YU 908 **,2026,2,ARG,2
770565353,BADARO,2018,1,URY,1
770565353,BADARO,2019,4,URY,2
701006735,XIN SHI JI 98,2018,1,ARG,1
412331141,LU WEI YUAN YU 989,2018,2,CHN,0
412420624,NING TAI 57,2018,8,CHN,0
412420624,NING TAI 57,2019,7,CHN,1
412331072,LURONGYUANYU808,2018,4,CHN,0
412331072,LURONGYUANYU808,2019,1,CHN,0
412331072,LURONGYUANYU808,2020,4,CHN,1
412331073,LURONGYUANYU805,2018,3,CHN,0
412331073,LURONGYUANYU805,2019,11,CHN,0
412331073,LURONGYUANYU805,2020,5,CHN,0
412331073,LURONGYUANYU805,2021,12,CHN,0
412331073,LURONGYUANYU805,2023,1,CHN,0
701000755,SAN ANDRES APOSTOL,2018,1,ARG,1
701000755,SAN ANDRES APOSTOL,2021,2,ARG,2
701000755,SAN ANDRES APOSTOL,2022,1,ARG,1
701000755,SAN ANDRES APOSTOL,2026,2,ARG,2
701006750,ALVAREZ ENTRENA VI,2018,2,ARG,2
701006750,ALVAREZ ENTRENA VI,2019,1,ARG,1
701000929,BEAGLE I,2018,1,ARG,1
701000929,BEAGLE I,2025,1,ARG,1
701000785,CODEPECA 3,2018,1,ARG,1
701006757,PUNTA PARDELAS,2018,1,ARG,1
416004839,YUN MAO NO.168,2018,1,TWN,0
416004839,YUN MAO NO.168,2019,1,TWN,0
416004839,YUN MAO NO.168,2020,1,TWN,0
416004839,YUN MAO NO.168,2024,2,TWN,0
770576062,CORAL,2018,1,URY,0
770576062,CORAL,2019,1,URY,1
770576062,CORAL,2021,2,URY,1
770576062,CORAL,2023,1,URY,1
770576062,CORAL,2024,1,URY,0
701067000,DON JUAN,2018,1,ARG,1
701067000,DON JUAN,2019,1,ARG,1
701067000,DON JUAN,2024,1,ARG,1
412217999,FU RONG HAI,2018,1,CHN,0
701000909,MARTA S,2018,1,ARG,1
701000909,MARTA S,2020,1,ARG,1
701000909,MARTA S,2025,1,ARG,1
701000909,MARTA S,2026,1,ARG,1
701000844,PUCARA,2018,3,ARG,3
701000844,PUCARA,2021,1,ARG,1
701000844,PUCARA,2022,1,ARG,1
701000844,PUCARA,2023,7,ARG,7
701000844,PUCARA,2024,5,ARG,5
701000844,PUCARA,2025,1,ARG,1
701000844,PUCARA,2026,6,ARG,4
312411000,JOANA PRINCESA <<,2018,7,BLZ,0
312411000,JOANA PRINCESA <<,2019,26,BLZ,2
401009994,PACHACA,2018,1,AFG,1
701000830,MAR ESMERALDA,2018,2,ARG,2
701000830,MAR ESMERALDA,2026,1,ARG,1
999763638,MANU II,2018,2,UNKNOWN,0
999763638,MANU II,2019,1,UNKNOWN,0
701006377,ARGENOVA XXIII,2018,1,ARG,1
701000540,HUAFENG818,2018,1,ARG,1
701000540,HUAFENG818,2020,1,ARG,1
701000540,HUAFENG818,2021,1,ARG,1
701117000,MARIA ALEJANDRA 1,2018,2,ARG,2
701117000,MARIA ALEJANDRA 1,2019,28,ARG,28
710902853,MARBELLA I,2018,2,BRA,0
541620034,MEGA NO.2,2018,1,UNKNOWN,0
701059000,GURISES,2018,2,ARG,2
701059000,GURISES,2020,1,ARG,1
701059000,GURISES,2022,1,ARG,1
701059000,GURISES,2023,1,ARG,1
996278653,D ARMAN,2018,1,UNKNOWN,0
701000719,7 DE DICIEMBRE,2018,4,ARG,4
701000719,7 DE DICIEMBRE,2019,4,ARG,4
701000719,7 DE DICIEMBRE,2021,3,ARG,3
701000719,7 DE DICIEMBRE,2022,2,ARG,2
701000719,7 DE DICIEMBRE,2023,2,ARG,2
701000719,7 DE DICIEMBRE,2025,1,ARG,1
701000949,ARGENOVA 9,2018,1,ARG,1
701000949,ARGENOVA 9,2025,1,ARG,1
701000949,ARGENOVA 9,2026,1,ARG,1
701000958,DON ANTONIO,2018,2,ARG,2
701000662,ARBUMASA XVI,2018,3,ARG,3
701000549,ARGENOVA 4,2018,1,ARG,1
701006074,ARBUMASA XIV,2018,1,ARG,1
719253501,VO SILVESTRE I,2018,1,UNKNOWN,0
710632678,COSTA NEVES1 CN,2018,2,BRA,0
710632678,COSTA NEVES1 CN,2019,1,BRA,0
701000764,CODEPECA 4,2018,1,ARG,1
701000764,CODEPECA 4,2019,1,ARG,1
701000764,CODEPECA 4,2020,1,ARG,1
725000667,GLOBALPESCA III,2018,3,CHL,0
725000667,GLOBALPESCA III,2019,2,CHL,0
725000667,GLOBALPESCA III,2022,4,CHL,0
725000667,GLOBALPESCA III,2023,3,CHL,0
713346809,PRIMAVERA XVII,2018,1,UNKNOWN,0
725002350,GLOBALPESCA I,2018,1,CHL,0
725002350,GLOBALPESCA I,2019,2,CHL,0
725002350,GLOBALPESCA I,2021,1,CHL,0
725002350,GLOBALPESCA I,2023,1,CHL,0
725002350,GLOBALPESCA I,2024,2,CHL,0
725002350,GLOBALPESCA I,2025,1,CHL,0
701006409,SALVADOR R,2018,1,ARG,1
701006409,SALVADOR R,2020,1,ARG,1
701006409,SALVADOR R,2021,1,ARG,1
701006409,SALVADOR R,2023,1,ARG,1
701006409,SALVADOR R,2025,1,ARG,1
710555017,ROTA DO MAR I,2018,1,BRA,0
701007022,MAR DE ORO,2018,1,ARG,1
701007022,MAR DE ORO,2021,1,ARG,1
701007014,SANTA BARBARA,2018,1,ARG,1
701000533,JUPITER II,2018,8,ARG,8
701000533,JUPITER II,2019,3,ARG,3
701000533,JUPITER II,2020,7,ARG,7
701000533,JUPITER II,2021,5,ARG,5
701000533,JUPITER II,2022,2,ARG,2
701000533,JUPITER II,2024,2,ARG,2
701000533,JUPITER II,2025,3,ARG,3
701000533,JUPITER II,2026,2,ARG,2
701007036,MARIA RITA,2018,1,ARG,1
701007036,MARIA RITA,2024,1,ARG,1
710100200,MARCO ANTONIO,2018,3,BRA,0
710100200,MARCO ANTONIO,2022,1,BRA,0
710100200,MARCO ANTONIO,2023,2,BRA,0
701006065,SANTANGELO,2018,1,ARG,1
701006065,SANTANGELO,2022,4,ARG,3
701006065,SANTANGELO,2023,3,ARG,3
718100573,BERNARDO XVII,2018,1,UNKNOWN,0
718100573,BERNARDO XVII,2019,2,UNKNOWN,0
770576080,RIO SOLIS,2018,2,URY,1
770576080,RIO SOLIS,2019,13,URY,11
770576080,RIO SOLIS,2020,13,URY,10
770576080,RIO SOLIS,2024,3,URY,3
770576080,RIO SOLIS,2025,2,URY,0
770576080,RIO SOLIS,2026,1,URY,1
412331209,LU RONG YUAN YU 883,2018,3,CHN,0
412331209,LU RONG YUAN YU 883,2019,9,CHN,0
412331209,LU RONG YUAN YU 883,2020,2,CHN,0
412331209,LU RONG YUAN YU 883,2021,16,CHN,0
412331209,LU RONG YUAN YU 883,2022,3,CHN,0
701041000,MIRIAM,2018,1,ARG,1
701041000,MIRIAM,2020,1,ARG,1
770576439,ALTAMAR,2018,1,URY,0
495700913,JOEL SANTOS2,2018,1,UNKNOWN,0
701006057,SAN PASCUAL,2018,1,ARG,1
701006057,SAN PASCUAL,2019,1,ARG,1
701006057,SAN PASCUAL,2020,1,ARG,1
701006057,SAN PASCUAL,2021,2,ARG,2
701006057,SAN PASCUAL,2025,18,ARG,18
701006057,SAN PASCUAL,2026,8,ARG,8
412333654,LU LAN YUAN YU 058,2018,1,CHN,0
412333654,LU LAN YUAN YU 058,2019,1,CHN,0
412333654,LU LAN YUAN YU 058,2020,1,CHN,1
412333654,LU LAN YUAN YU 058,2021,4,CHN,0
412333654,LU LAN YUAN YU 058,2022,2,CHN,0
412331076,HENGXIN7,2018,2,CHN,0
412331076,HENGXIN7,2020,1,CHN,1
412331076,HENGXIN7,2021,1,CHN,0
412331076,HENGXIN7,2026,3,CHN,0
412333657,LULANYUANYU 069,2018,1,CHN,0
412333657,LULANYUANYU 069,2019,2,CHN,1
412333657,LULANYUANYU 069,2020,6,CHN,0
412333657,LULANYUANYU 069,2021,3,CHN,0
412333657,LULANYUANYU 069,2022,7,CHN,0
412333657,LULANYUANYU 069,2024,1,CHN,0
412333657,LULANYUANYU 069,2026,1,CHN,0
444002117,NO1 GLORIA,2018,1,UNKNOWN,0
412334078,LURONGYUANYU607,2018,1,CHN,0
740406000,ARGOS CIES,2018,2,FLK,0
740406000,ARGOS CIES,2019,1,FLK,0
740406000,ARGOS CIES,2020,2,FLK,0
740406000,ARGOS CIES,2021,3,FLK,0
412329642,LU WEI YUAN YU 858,2018,1,CHN,0
412329642,LU WEI YUAN YU 858,2023,1,CHN,0
412336718,LUWEIYUANYU969,2018,1,CHN,0
412336718,LUWEIYUANYU969,2019,2,CHN,0
412336718,LUWEIYUANYU969,2020,1,CHN,0
412336718,LUWEIYUANYU969,2021,1,CHN,0
412336718,LUWEIYUANYU969,2022,2,CHN,0
412336718,LUWEIYUANYU969,2026,1,CHN,0
412465014,SHEN  GANG  SHUN  6,2018,1,CHN,0
412465014,SHEN  GANG  SHUN  6,2019,4,CHN,0
412465014,SHEN  GANG  SHUN  6,2020,2,CHN,1
412465014,SHEN  GANG  SHUN  6,2021,1,CHN,0
412371204,HU SHUN YU 07,2018,2,CHN,0
412371204,HU SHUN YU 07,2019,19,CHN,0
412371204,HU SHUN YU 07,2022,1,CHN,0
412420003,TIANSHUN,2018,3,CHN,0
412329688,LU QING YUAN YU 207,2018,2,CHN,0
412329688,LU QING YUAN YU 207,2019,1,CHN,0
412329688,LU QING YUAN YU 207,2020,4,CHN,0
412420953,NING TAI 56,2018,1,CHN,0
412420953,NING TAI 56,2019,1,CHN,0
412420953,NING TAI 56,2020,2,CHN,0
710063362,MAR DE CASTANHAS,2018,1,BRA,0
710063362,MAR DE CASTANHAS,2019,1,BRA,0
412371205,HU SHUN YU 08,2018,2,CHN,0
412371205,HU SHUN YU 08,2019,4,CHN,0
412371205,HU SHUN YU 08,2023,8,CHN,0
412329435,LURONGYUANYU977,2019,6,CHN,0
412329435,LURONGYUANYU977,2020,22,CHN,0
224463000,HERMANOS GANDON 4,2019,5,ESP,0
224463000,HERMANOS GANDON 4,2020,27,ESP,0
224463000,HERMANOS GANDON 4,2021,7,ESP,0
412330959,FUXIN,2019,3,CHN,0
412330959,FUXIN,2023,1,CHN,0
412330959,FUXIN,2024,2,CHN,0
701074000,HUAFENG 817,2019,1,ARG,1
701074000,HUAFENG 817,2020,5,ARG,5
701074000,HUAFENG 817,2021,1,ARG,0
713192900,P0TA DA PRAINHA,2019,1,UNKNOWN,0
412420623,NING TAI 16,2019,11,CHN,0
412420623,NING TAI 16,2020,1,CHN,0
412420623,NING TAI 16,2021,1,CHN,0
412420623,NING TAI 16,2022,1,CHN,0
312872000,SANTA ISABEL,2019,38,BLZ,1
312872000,SANTA ISABEL,2020,17,BLZ,0
312872000,SANTA ISABEL,2021,1,BLZ,0
312872000,SANTA ISABEL,2023,5,BLZ,0
715228543,AGUIA DO MAR V,2019,1,UNKNOWN,0
412421145,SHUNZE86,2019,16,CHN,0
412421145,SHUNZE86,2020,11,CHN,0
412421145,SHUNZE86,2021,10,CHN,0
412421145,SHUNZE86,2022,7,CHN,0
412421145,SHUNZE86,2023,2,CHN,0
412421145,SHUNZE86,2024,3,CHN,0
441806000,SUR ESTE 709,2019,26,KOR,0
441806000,SUR ESTE 709,2020,21,KOR,0
701000720,ZHOU YU 1 HAO,2019,1,ARG,1
412421182,TAO YUAN 608,2019,3,CHN,0
412420647,TIAN YUE 2,2019,4,CHN,0
412420647,TIAN YUE 2,2020,1,CHN,0
412420647,TIAN YUE 2,2025,1,CHN,0
224623000,TRONIO,2019,1,ESP,0
224623000,TRONIO,2020,2,ESP,1
224623000,TRONIO,2021,1,ESP,0
224623000,TRONIO,2022,1,ESP,0
224623000,TRONIO,2023,1,ESP,0
412331066,LU RONG YUAN YU 897,2019,6,CHN,1
412331066,LU RONG YUAN YU 897,2021,1,CHN,0
412331066,LU RONG YUAN YU 897,2022,49,CHN,0
412331066,LU RONG YUAN YU 897,2023,5,CHN,0
412331066,LU RONG YUAN YU 897,2024,2,CHN,0
412331066,LU RONG YUAN YU 897,2025,1,CHN,0
710616282,ALALUNGA VIII,2019,1,BRA,0
416005575,HSIN DAH MING NO.16,2019,1,TWN,0
416005575,HSIN DAH MING NO.16,2021,1,TWN,0
416005575,HSIN DAH MING NO.16,2024,1,TWN,0
412421144,SHUN ZE 83,2019,16,CHN,0
412421144,SHUN ZE 83,2020,21,CHN,1
701000936,ROCIO DEL MAR,2019,3,ARG,3
412421137,MINGXIANG877,2019,14,CHN,0
412421137,MINGXIANG877,2020,1,CHN,0
412421137,MINGXIANG877,2021,1,CHN,0
412421137,MINGXIANG877,2026,1,CHN,0
412421177,SHUNZE58,2019,14,CHN,0
412421177,SHUNZE58,2020,11,CHN,0
412421177,SHUNZE58,2025,3,CHN,1
412421177,SHUNZE58,2026,1,CHN,1
412420822,HUA LI 17,2019,2,CHN,0
701000509,ARGENTINO,2019,1,ARG,1
412331001,LUJIAONANYUANYU177,2019,2,CHN,0
412331001,LUJIAONANYUANYU177,2020,18,CHN,0
150402951,LURONGYUANYU278,2019,1,UNKNOWN,0
150402951,LURONGYUANYU278,2020,2,UNKNOWN,0
412336827,LURONGYUANYU187,2019,19,CHN,0
412336827,LURONGYUANYU187,2024,1,CHN,0
412336827,LURONGYUANYU187,2025,10,CHN,0
412336827,LURONGYUANYU187,2026,9,CHN,0
412421172,HENGXIN8,2019,7,CHN,0
412421172,HENGXIN8,2020,17,CHN,0
412421172,HENGXIN8,2021,1,CHN,0
412421133,SHUN  ZE958,2019,16,CHN,0
412421133,SHUN  ZE958,2021,2,CHN,0
416031800,YONG DAH MING,2019,1,TWN,0
412439698,YONG FA NO:3,2019,4,CHN,0
412421108,RUNDA603,2019,10,CHN,0
412421108,RUNDA603,2020,6,CHN,0
412421108,RUNDA603,2026,1,CHN,0
412337343,LU QING YUAN YU 275,2019,6,CHN,0
412337343,LU QING YUAN YU 275,2020,10,CHN,0
416351000,JIH DA YNG,2019,2,TWN,0
412436693,LU LUAN YUAN  689,2019,1,CHN,0
412421184,TAOYUAN611,2019,23,CHN,1
412421184,TAOYUAN611,2024,2,CHN,0
412354281,SU YUAN YU 6,2019,6,CHN,0
412354281,SU YUAN YU 6,2022,1,CHN,0
412354281,SU YUAN YU 6,2025,1,CHN,1
412690720,ZHOUYUYIHAO,2019,12,CHN,0
412420316,JIADE  7,2019,11,CHN,0
412420316,JIADE  7,2020,5,CHN,0
412420316,JIADE  7,2021,2,CHN,0
412420316,JIADE  7,2023,1,CHN,0
412421176,TAOYUAN605,2019,5,CHN,0
412421176,TAOYUAN605,2020,4,CHN,0
412421176,TAOYUAN605,2023,1,CHN,0
412440654,FUYUANYU196,2019,1,CHN,0
412440654,FUYUANYU196,2020,24,CHN,3
412699220,MING MAO,2019,7,CHN,0
412421169,FENG HUI 9,2019,11,CHN,0
412421169,FENG HUI 9,2020,1,CHN,0
412421169,FENG HUI 9,2021,1,CHN,0
412421169,FENG HUI 9,2022,2,CHN,0
412421169,FENG HUI 9,2023,3,CHN,0
412421169,FENG HUI 9,2024,1,CHN,0
412333656,LULANYUANYU068,2019,7,CHN,0
412333656,LULANYUANYU068,2020,2,CHN,0
412333656,LULANYUANYU068,2021,1,CHN,0
412333656,LULANYUANYU068,2023,2,CHN,0
412333656,LULANYUANYU068,2025,1,CHN,0
412424703,JIA DE 22,2019,9,CHN,0
412424703,JIA DE 22,2025,2,CHN,0
412424703,JIA DE 22,2026,1,CHN,0
740354000,VENTURER,2019,1,FLK,0
740354000,VENTURER,2024,1,FLK,0
412435461,OUYA17,2019,4,CHN,0
412435461,OUYA17,2020,4,CHN,0
412435461,OUYA17,2025,2,CHN,0
412435461,OUYA17,2026,8,CHN,0
412421128,HAN YI 109,2019,3,CHN,1
412421128,HAN YI 109,2020,20,CHN,0
412421128,HAN YI 109,2021,1,CHN,0
412420002,TIANXIANG,2019,1,CHN,0
412421192,ZHONGJU1,2019,6,CHN,0
412421192,ZHONGJU1,2021,1,CHN,0
412421192,ZHONGJU1,2022,1,CHN,0
412248500,JIN.YANG,2019,8,CHN,0
412420653,NINGTAI28,2019,9,CHN,0
412420653,NINGTAI28,2020,4,CHN,0
412420653,NINGTAI28,2023,1,CHN,0
412420653,NINGTAI28,2024,1,CHN,0
412440692,FU YUAN YU 7889,2019,2,CHN,0
412440659,FU Y AN YU 7870,2019,2,CHN,0
412336789,LU RONG YUAN YU 127,2019,1,CHN,0
412440661,FU YUAN YU 7871,2019,6,CHN,0
412440661,FU YUAN YU 7871,2022,1,CHN,0
412300377,TIAN XIANG 57,2019,5,CHN,0
412421183,TAOYUAN610,2019,7,CHN,1
412421183,TAOYUAN610,2021,1,CHN,0
412333109,LULANYUYANG79108,2019,2,CHN,0
412337346,LU QING YUAN YU 278,2019,4,CHN,0
412337346,LU QING YUAN YU 278,2020,10,CHN,0
412330001,KUOENGWUAN 06,2019,1,CHN,0
412422734,JINHAI825,2019,3,CHN,0
412422734,JINHAI825,2020,2,CHN,0
412422734,JINHAI825,2026,1,CHN,0
412336826,LURONGYUANYU186,2019,5,CHN,0
412336826,LURONGYUANYU186,2023,6,CHN,0
412336826,LURONGYUANYU186,2024,3,CHN,1
412336826,LURONGYUANYU186,2026,3,CHN,0
412440691,FU YUAN YU 7888,2019,4,CHN,0
412421193,ZHONGJU7,2019,2,CHN,0
412421193,ZHONGJU7,2021,2,CHN,0
412421193,ZHONGJU7,2024,1,CHN,0
412333678,TYPICAL,2019,1,CHN,0
412440657,FUYUANYU7655,2019,4,CHN,0
412440657,FUYUANYU7655,2024,1,CHN,0
412440657,FUYUANYU7655,2026,6,CHN,0
412880933,HE BEI 8598,2019,4,CHN,0
412440658,FU YUAN YU7656,2019,2,CHN,0
412440658,FU YUAN YU7656,2026,6,CHN,0
701062000,INSOLITO,2019,4,ARG,4
701062000,INSOLITO,2020,8,ARG,8
701062000,INSOLITO,2021,4,ARG,2
701062000,INSOLITO,2022,5,ARG,5
701062000,INSOLITO,2023,5,ARG,5
701062000,INSOLITO,2024,9,ARG,9
701062000,INSOLITO,2025,2,ARG,2
412421093,XIN JI LI 55,2019,1,CHN,0
412421093,XIN JI LI 55,2020,1,CHN,0
412421093,XIN JI LI 55,2024,1,CHN,0
441336889,AGNES   198,2019,4,KOR,0
701000968,ACRUX,2019,1,ARG,1
701000968,ACRUX,2021,2,ARG,2
701000968,ACRUX,2022,1,ARG,1
701000968,ACRUX,2023,6,ARG,6
701000968,ACRUX,2024,4,ARG,4
701000968,ACRUX,2025,2,ARG,2
701000737,TIFON,2019,6,ARG,2
701000737,TIFON,2023,1,ARG,1
412421178,SHUNZE75,2019,3,CHN,0
412421178,SHUNZE75,2021,1,CHN,0
412421178,SHUNZE75,2026,1,CHN,0
412880934,HE BEI 8590,2019,4,CHN,0
412336833,LURONGYUANYU701,2019,2,CHN,0
412336833,LURONGYUANYU701,2020,11,CHN,1
412336833,LURONGYUANYU701,2021,15,CHN,0
412336833,LURONGYUANYU701,2024,1,CHN,0
412337344,LU QING YUAN YU 276,2019,3,CHN,0
412337344,LU QING YUAN YU 276,2020,1,CHN,0
412401570,MING XING,2019,2,CHN,0
412401570,MING XING,2022,1,CHN,0
412401570,MING XING,2025,1,CHN,0
412421114,NINGTAI52,2019,1,CHN,0
412331147,LUPENGYUANYU    088,2019,1,CHN,0
412334079,LU RONG YUAN YU 608,2019,2,CHN,0
412334079,LU RONG YUAN YU 608,2023,4,CHN,0
710490660,J0A0>VICT0R IV,2019,1,BRA,0
412337345,LU QING YUAN YU 277,2019,3,CHN,0
412337345,LU QING YUAN YU 277,2020,5,CHN,0
412337345,LU QING YUAN YU 277,2022,1,CHN,0
600000000,LU QING YUAN YU 206,2019,22,UNKNOWN,0
600000000,LU QING YUAN YU 206,2020,12,UNKNOWN,0
710000001,KOPESCA I NETFISH A,2019,8,BRA,0
710000001,KOPESCA I NETFISH A,2020,6,BRA,0
701000507,LEAL,2019,1,ARG,1
701000507,LEAL,2021,1,ARG,1
701000547,MISHIMA MARU N8,2019,1,ARG,1
701000547,MISHIMA MARU N8,2025,3,ARG,3
412331777,,2019,1,CHN,0
701000729,NDDANDDU,2019,2,ARG,2
701000729,NDDANDDU,2021,1,ARG,1
701000729,NDDANDDU,2026,1,ARG,1
710915169,C0LUMBUS I-II,2019,1,BRA,0
701000621,821HUAFENG,2019,1,ARG,0
416253600,HSIANG CHING TSAI,2019,1,TWN,0
701000924,JUPITER,2019,3,ARG,1
701000924,JUPITER,2020,1,ARG,1
701000924,JUPITER,2026,1,ARG,1
577079000,OCEAN VENTURE II,2019,1,VUT,0
577079000,OCEAN VENTURE II,2020,3,VUT,0
416005644,YUN MAO NO.1,2019,1,TWN,0
416005644,YUN MAO NO.1,2020,2,TWN,0
416005644,YUN MAO NO.1,2021,1,TWN,0
416005644,YUN MAO NO.1,2022,1,TWN,0
416005644,YUN MAO NO.1,2024,1,TWN,0
701006050,SAN MATIAS,2019,3,ARG,3
701006050,SAN MATIAS,2025,2,ARG,2
701043000,API VII,2019,1,ARG,1
701043000,API VII,2020,4,ARG,4
701043000,API VII,2021,2,ARG,2
701043000,API VII,2023,4,ARG,4
701094000,ARGENOVA 22,2019,1,ARG,1
701006341,MARIA GLORIA,2019,1,ARG,1
701006341,MARIA GLORIA,2026,1,ARG,1
416176800,MAO HONG NO.8,2019,1,TWN,0
710555030,AUSTRIA,2019,1,BRA,0
710555030,AUSTRIA,2021,6,BRA,0
710555030,AUSTRIA,2022,1,BRA,0
710555030,AUSTRIA,2023,1,BRA,0
710555030,AUSTRIA,2024,1,BRA,0
710555030,AUSTRIA,2025,2,BRA,0
701070000,LUCIA LUISA,2019,1,ARG,1
701037000,DON PEDRO,2019,1,ARG,1
701037000,DON PEDRO,2025,7,ARG,7
701037000,DON PEDRO,2026,5,ARG,5
416132600,YUH MAO NO106,2019,1,TWN,0
416132600,YUH MAO NO106,2021,1,TWN,0
416132600,YUH MAO NO106,2024,1,TWN,0
700000100,UNHAMAR I,2019,1,UNKNOWN,0
701000646,ALVER,2019,1,ARG,1
701000665,ANTONINO,2019,2,ARG,2
701000665,ANTONINO,2025,1,ARG,1
701000686,ARGENOVA I,2019,1,ARG,1
770576463,KALATXORI,2019,10,URY,0
770576463,KALATXORI,2020,8,URY,4
770576463,KALATXORI,2021,5,URY,3
770576463,KALATXORI,2022,7,URY,3
770576463,KALATXORI,2023,5,URY,3
770576463,KALATXORI,2024,9,URY,2
770576463,KALATXORI,2026,17,URY,0
701000803,PATAGONIA,2019,9,ARG,9
701000803,PATAGONIA,2026,5,ARG,5
212000000,LU QING YUAN YU 212,2019,13,CYP,0
701000800,VIERASA 16,2019,1,ARG,1
701000943,MARIO R,2019,4,ARG,4
701000943,MARIO R,2023,1,ARG,1
701000943,MARIO R,2024,1,ARG,1
701007040,EL MARISCO II,2019,2,ARG,2
701007040,EL MARISCO II,2020,1,ARG,1
701007040,EL MARISCO II,2022,1,ARG,1
701007040,EL MARISCO II,2023,1,ARG,1
701007040,EL MARISCO II,2024,2,ARG,2
701000772,PUENTE CHICO,2019,1,ARG,1
701000772,PUENTE CHICO,2020,1,ARG,1
770576063,ZURITA,2019,1,URY,1
701006071,XEITOSINO,2019,2,ARG,2
701006071,XEITOSINO,2021,4,ARG,4
701000585,DON JOSE DI BONA,2019,1,ARG,1
701068000,ECHIZEN MARU,2019,1,ARG,1
701068000,ECHIZEN MARU,2024,2,ARG,2
701000604,MADONNINA DEL MARE,2019,1,ARG,1
701000604,MADONNINA DEL MARE,2020,3,ARG,3
701000604,MADONNINA DEL MARE,2021,2,ARG,2
701000604,MADONNINA DEL MARE,2022,6,ARG,4
701000604,MADONNINA DEL MARE,2024,1,ARG,1
701000604,MADONNINA DEL MARE,2025,3,ARG,3
701000604,MADONNINA DEL MARE,2026,1,ARG,1
710003694,FILHO DA PROMESSA C,2019,1,BRA,0
710003694,FILHO DA PROMESSA C,2021,1,BRA,0
701000752,DON RAIMUNDO,2019,1,ARG,1
701000752,DON RAIMUNDO,2020,2,ARG,2
701000752,DON RAIMUNDO,2022,2,ARG,2
701000752,DON RAIMUNDO,2023,2,ARG,2
701000752,DON RAIMUNDO,2024,2,ARG,2
701000752,DON RAIMUNDO,2025,2,ARG,2
701000752,DON RAIMUNDO,2026,2,ARG,2
701000932,ANTONIO ALVAREZ,2019,1,ARG,1
701000932,ANTONIO ALVAREZ,2020,1,ARG,1
701000932,ANTONIO ALVAREZ,2022,1,ARG,1
701000932,ANTONIO ALVAREZ,2023,1,ARG,1
701000735,CERES,2019,2,ARG,2
701000735,CERES,2020,1,ARG,1
701000735,CERES,2021,14,ARG,13
701000735,CERES,2022,27,ARG,20
701000735,CERES,2023,29,ARG,27
701000735,CERES,2024,1,ARG,1
701000735,CERES,2025,1,ARG,1
701006044,GEMINIS,2019,3,ARG,3
710786361,AQUARIUS S,2019,1,BRA,0
701000543,KARINA,2019,2,ARG,2
701000543,KARINA,2021,1,ARG,1
701007001,SUENO REAL,2019,2,ARG,2
701007001,SUENO REAL,2020,22,ARG,22
701007001,SUENO REAL,2021,20,ARG,17
701007001,SUENO REAL,2022,3,ARG,3
701007001,SUENO REAL,2023,5,ARG,5
701007001,SUENO REAL,2024,5,ARG,3
701007001,SUENO REAL,2025,4,ARG,2
503308300,LEAU_COMMOTION,2019,4,AUS,2
701000964,POPA,2019,1,ARG,1
701000964,POPA,2020,1,ARG,1
701000964,POPA,2024,1,ARG,1
701000964,POPA,2026,1,ARG,1
710112618,ZENN,2019,1,BRA,0
710112618,ZENN,2020,1,BRA,0
710112618,ZENN,2021,5,BRA,0
710112618,ZENN,2023,3,BRA,0
202000000,LU QING YUAN YU 202,2019,2,AND,0
202000000,LU QING YUAN YU 202,2020,12,AND,0
412440742,FU YUAN YU 7618,2020,3,CHN,0
701006035,SFIDA,2020,5,ARG,5
701006035,SFIDA,2022,4,ARG,4
701006035,SFIDA,2024,1,ARG,1
701006035,SFIDA,2025,8,ARG,8
701006035,SFIDA,2026,5,ARG,5
412440739,FU  YUAN   YU  7616,2020,19,CHN,0
982579080,EMPRESS WB1617,2020,1,UNKNOWN,1
701000632,ESTRELLA 6,2020,8,ARG,8
412549071,LU QING YUAN YU 225,2020,31,CHN,0
701000860,ANGELUS,2020,1,ARG,1
412329437,LURONGYUANYU979,2020,2,CHN,0
412329437,LURONGYUANYU979,2025,3,CHN,0
412549073,LU QING YUAN YU 227,2020,32,CHN,0
412440732,FU YUAN YU 7605,2020,14,CHN,0
412440732,FU YUAN YU 7605,2024,1,CHN,0
982579081,EMPRESS WB1623,2020,15,UNKNOWN,9
412329438,LURONGYUANYU986,2020,3,CHN,0
412329438,LURONGYUANYU986,2021,1,CHN,0
412329438,LURONGYUANYU986,2025,1,CHN,0
710020495,PORTO RICO X,2020,2,BRA,0
710020495,PORTO RICO X,2022,1,BRA,0
701006122,JUAN PABLO II,2020,2,ARG,2
701006122,JUAN PABLO II,2021,13,ARG,5
770576059,ATLANTIC RUTHANN,2020,1,URY,1
412549066,LU QING YUAN YU 280,2020,2,CHN,2
412549072,LU QING YUAN YU 226,2020,28,CHN,0
412549072,LU QING YUAN YU 226,2023,1,CHN,0
412549048,NING TAI 97,2020,1,CHN,0
412549048,NING TAI 97,2021,1,CHN,0
412549048,NING TAI 97,2022,1,CHN,0
710010019,ANNI CAROLINI,2020,2,BRA,0
412336868,LURONGYUANYU739,2020,29,CHN,0
412336868,LURONGYUANYU739,2021,10,CHN,0
412549046,HONG PU 9,2020,7,CHN,0
412549074,LUQINGYUANYU228,2020,19,CHN,0
740410000,HERMANOS TOUZA,2020,1,FLK,0
740410000,HERMANOS TOUZA,2022,1,FLK,0
412549098,MING XIANG 858,2020,7,CHN,0
412549098,MING XIANG 858,2021,1,CHN,0
412549098,MING XIANG 858,2023,2,CHN,0
412549098,MING XIANG 858,2026,1,CHN,0
416005846,CHUN I NO.6,2020,1,TWN,0
416005846,CHUN I NO.6,2021,1,TWN,0
416005846,CHUN I NO.6,2026,1,TWN,0
412549068,LU QING YUAN YU 287,2020,5,CHN,0
412549054,RUN DA 613,2020,19,CHN,1
412549054,RUN DA 613,2021,7,CHN,0
412549054,RUN DA 613,2022,2,CHN,0
412549054,RUN DA 613,2023,2,CHN,0
412549054,RUN DA 613,2024,1,CHN,0
412549054,RUN DA 613,2026,1,CHN,0
701007020,HUAFENG 820,2020,1,ARG,1
701007020,HUAFENG 820,2022,1,ARG,1
701007020,HUAFENG 820,2026,3,ARG,3
701006447,PORTO BELO II,2020,6,ARG,6
701006447,PORTO BELO II,2021,1,ARG,1
701006447,PORTO BELO II,2024,1,ARG,0
412420948,SHUNXIN18,2020,3,CHN,0
412420948,SHUNXIN18,2021,3,CHN,0
412420948,SHUNXIN18,2022,11,CHN,0
412420948,SHUNXIN18,2025,1,CHN,0
412329681,LU QING YUAN YU 208,2020,1,CHN,0
412331173,LURONGYUANYU158,2020,11,CHN,0
412331173,LURONGYUANYU158,2021,10,CHN,0
412331173,LURONGYUANYU158,2024,2,CHN,0
412549218,YING HAI 798,2020,5,CHN,0
412440375,FU   YUAN  YU  7612,2020,19,CHN,0
412549067,LU QING YUAN YU 286,2020,19,CHN,0
412549095,LURONGYUANYU696,2020,9,CHN,0
412549095,LURONGYUANYU696,2024,1,CHN,0
412549095,LURONGYUANYU696,2025,1,CHN,0
412336869,LURONGYUANYU738,2020,10,CHN,0
416350001,JIH DA YNG,2020,1,TWN,0
412440741,FU YUAN YU 7617,2020,7,CHN,0
412440731,FU YUAN YU 7604,2020,3,CHN,0
412440655,FUYUANYU197,2020,18,CHN,0
412333797,LURONGYUANYU669,2020,2,CHN,0
412333797,LURONGYUANYU669,2022,1,CHN,0
412333797,LURONGYUANYU669,2026,3,CHN,0
412549097,HONG-PU-17,2020,13,CHN,0
412100700,ZHE101,2020,4,CHN,0
412440729,FU YUAN YU 7603,2020,11,CHN,0
412440729,FU YUAN YU 7603,2026,1,CHN,0
412549035,HENXING68,2020,9,CHN,1
412549035,HENXING68,2021,3,CHN,0
412549035,HENXING68,2022,2,CHN,0
412549035,HENXING68,2023,1,CHN,0
412549035,HENXING68,2024,1,CHN,0
412440738,FU YUAN YU 7615,2020,8,CHN,0
412200000,ZHE7,2020,1,CHN,0
412420835,LURONGYUANYU     899,2020,2,CHN,0
770576102,NONI II,2020,1,URY,1
416312001,HER HUNG NO.16,2020,6,TWN,0
701007017,HUAFENG 822,2020,1,ARG,1
412549012,NINGTAI15,2020,10,CHN,0
412440728,FU YUAN YU 7602,2020,12,CHN,0
412549092,HONG PU 16,2020,22,CHN,3
412549092,HONG PU 16,2025,1,CHN,0
412549092,HONG PU 16,2026,1,CHN,0
412549079,ZHEPUYUAN37,2020,11,CHN,0
412549079,ZHEPUYUAN37,2025,2,CHN,0
701000564,HUA I 616,2020,3,ARG,3
701024000,ATLANTIC SURF III,2020,1,ARG,1
701024000,ATLANTIC SURF III,2025,2,ARG,2
701024000,ATLANTIC SURF III,2026,1,ARG,1
412331287,LURONGYUANYU887,2020,2,CHN,0
412331287,LURONGYUANYU887,2021,4,CHN,0
412331287,LURONGYUANYU887,2022,2,CHN,0
701000849,VIRGEN MARIA,2020,6,ARG,6
701000849,VIRGEN MARIA,2021,4,ARG,4
701000849,VIRGEN MARIA,2022,1,ARG,1
701000849,VIRGEN MARIA,2024,6,ARG,6
701000849,VIRGEN MARIA,2025,1,ARG,1
701000849,VIRGEN MARIA,2026,1,ARG,1
712113001,ESTRELA DE KALY I,2020,4,UNKNOWN,0
712113001,ESTRELA DE KALY I,2022,1,UNKNOWN,0
712113001,ESTRELA DE KALY I,2024,2,UNKNOWN,0
712113001,ESTRELA DE KALY I,2025,3,UNKNOWN,0
712113001,ESTRELA DE KALY I,2026,1,UNKNOWN,0
412138631,7DAEYANG,2020,5,CHN,0
770576315,PONTAS DAS BOMBAS II,2020,1,URY,0
770576315,PONTAS DAS BOMBAS II,2021,1,URY,0
412440737,FU YUAN YU 7614,2020,9,CHN,0
710001511,NAF,2020,1,BRA,0
412549065,ZHOU PU 668,2020,2,CHN,0
412549065,ZHOU PU 668,2024,4,CHN,0
412549065,ZHOU PU 668,2025,2,CHN,0
412435469,OUYA18,2020,7,CHN,0
412435469,OUYA18,2023,4,CHN,0
412328779,NO.  ABC,2020,1,CHN,0
412679820,LIAOYU2HAO,2020,2,CHN,0
412679820,LIAOYU2HAO,2021,1,CHN,0
412440733,FU YUAN YU 7606,2020,16,CHN,0
412440733,FU YUAN YU 7606,2021,2,CHN,0
412440733,FU YUAN YU 7606,2024,3,CHN,0
412440733,FU YUAN YU 7606,2025,1,CHN,0
412329613,LU QING YUAN YU 211,2020,1,CHN,0
412440736,FU YUAN YU 7613,2020,3,CHN,1
412440736,FU YUAN YU 7613,2023,1,CHN,0
412321688,XIANG RUI 978,2020,6,CHN,1
412320533,HONG RUI  198,2020,4,CHN,1
412333752,LURONGYUANYU198,2020,6,CHN,0
412333752,LURONGYUANYU198,2021,1,CHN,0
412333752,LURONGYUANYU198,2026,1,CHN,0
412549099,MING XIANG 878,2020,7,CHN,0
412420211,ZHOUYU6,2020,3,CHN,0
412420211,ZHOUYU6,2022,2,CHN,0
412420211,ZHOUYU6,2023,2,CHN,0
412440727,FU YUAN YU 7601,2020,5,CHN,0
412440727,FU YUAN YU 7601,2022,1,CHN,0
412336832,LURONGYUANYU702,2020,13,CHN,0
412336832,LURONGYUANYU702,2021,2,CHN,0
412412000,HAE101,2020,1,CHN,0
412440743,FU YUAN YU 7619,2020,3,CHN,0
701000645,MARIA LILIANA,2020,1,ARG,1
701000759,MARBELLA,2020,1,ARG,1
701000759,MARBELLA,2025,2,ARG,2
701000759,MARBELLA,2026,1,ARG,1
412329441,LURONGYUANYU988,2020,2,CHN,0
416005931,ZI DA WANG,2020,1,TWN,0
416005931,ZI DA WANG,2021,1,TWN,0
416005931,ZI DA WANG,2022,3,TWN,0
416005931,ZI DA WANG,2025,1,TWN,0
416005931,ZI DA WANG,2026,1,TWN,0
701000588,S. DON JOSE MOSCUZZA,2020,5,ARG,5
701000588,S. DON JOSE MOSCUZZA,2022,2,ARG,2
412549139,ZHE PU YUAN 67,2020,1,CHN,0
412549139,ZHE PU YUAN 67,2021,7,CHN,0
412331077,LUYANYUANYU 017,2020,1,CHN,0
412331077,LUYANYUANYU 017,2022,11,CHN,0
701071000,SIEMPRE SAN SALVADOR,2020,2,ARG,2
701071000,SIEMPRE SAN SALVADOR,2021,1,ARG,0
412420000,ADGJ,2020,1,CHN,0
412425000,CHENNAN,2020,2,CHN,0
417005931,ZI DA WANG,2020,1,LKA,0
417005931,ZI DA WANG,2022,4,LKA,0
441142000,103BADA,2020,1,KOR,0
441142000,103BADA,2024,1,KOR,0
710118370,AZTECA III,2020,2,BRA,0
701000962,75 TAE BAEK,2020,1,ARG,1
701000962,75 TAE BAEK,2023,5,ARG,5
701000962,75 TAE BAEK,2024,11,ARG,11
701000962,75 TAE BAEK,2025,18,ARG,18
412421087,JIN HAI779,2020,1,CHN,0
412421087,JIN HAI779,2021,8,CHN,0
412421087,JIN HAI779,2023,3,CHN,0
412421129,YUAN JIA 1,2020,3,CHN,0
710491950,IZADORA I,2020,1,BRA,0
710491950,IZADORA I,2021,3,BRA,0
701006132,VIEIRASA 18,2020,1,ARG,1
701006132,VIEIRASA 18,2024,1,ARG,1
701006640,DON FRANCO,2020,1,ARG,1
701006640,DON FRANCO,2023,2,ARG,2
701006640,DON FRANCO,2025,1,ARG,1
700000000,LU QING YUAN YU 207,2020,3,UNKNOWN,0
701000542,SAN JUAN B,2020,1,ARG,1
701000542,SAN JUAN B,2021,1,ARG,1
701000542,SAN JUAN B,2026,1,ARG,1
701000615,MISS PATAGONIA,2020,1,ARG,1
701000615,MISS PATAGONIA,2024,2,ARG,2
701000615,MISS PATAGONIA,2025,7,ARG,7
701000615,MISS PATAGONIA,2026,2,ARG,2
701007044,ALVAREZ ENTRENA 1,2020,1,ARG,1
701007044,ALVAREZ ENTRENA 1,2026,1,ARG,1
701000617,CTE LUIS PIEDRABUENA,2020,1,ARG,1
701000617,CTE LUIS PIEDRABUENA,2021,1,ARG,1
701000617,CTE LUIS PIEDRABUENA,2023,1,ARG,1
725015600,DIEGO RAMIREZ,2020,1,CHL,0
710807861,MARBELLA I,2020,1,BRA,0
710807861,MARBELLA I,2021,5,BRA,0
711616004,P0NTA D0 GRAVATA,2020,1,UNKNOWN,0
711616004,P0NTA D0 GRAVATA,2022,8,UNKNOWN,0
711616004,P0NTA D0 GRAVATA,2024,2,UNKNOWN,0
224710000,FESTEIRO,2020,1,ESP,0
224710000,FESTEIRO,2021,2,ESP,0
710006415,NAF,2020,1,BRA,0
701000850,FEIXA,2020,1,ARG,1
701000850,FEIXA,2026,1,ARG,1
740333000,PETREL,2020,1,FLK,0
710001123,ULUWATU  II,2020,1,BRA,0
710732194,TIO PRETO,2020,11,BRA,0
710732194,TIO PRETO,2021,14,BRA,0
710732194,TIO PRETO,2022,11,BRA,0
416005942,YUN MAO NO.8,2020,1,TWN,0
416005832,YUN MAO NO.102,2020,1,TWN,0
416005832,YUN MAO NO.102,2023,1,TWN,0
416005832,YUN MAO NO.102,2024,3,TWN,0
770576135,NILTO I,2020,1,URY,1
770576135,NILTO I,2021,1,URY,1
770576135,NILTO I,2023,4,URY,2
710782103,BRISA DO MAR II,2020,4,BRA,0
710782103,BRISA DO MAR II,2021,4,BRA,0
224545000,BRADOMIN,2020,1,ESP,0
412331279,LURONGYUANYU195,2021,2,CHN,0
505050505,,2021,1,UNKNOWN,0
412549158,SHUNZE85,2021,2,CHN,0
412549158,SHUNZE85,2023,2,CHN,0
412549158,SHUNZE85,2024,2,CHN,0
412549158,SHUNZE85,2025,1,CHN,0
701000965,MADRE INMACULADA,2021,1,ARG,1
701000965,MADRE INMACULADA,2025,3,ARG,3
701000965,MADRE INMACULADA,2026,6,ARG,6
710877298,KOPESCA I,2021,2,BRA,0
710877298,KOPESCA I,2024,1,BRA,0
412328787,LURONGYUANYU999,2021,3,CHN,0
412328787,LURONGYUANYU999,2024,3,CHN,0
412549159,SHUNZE77,2021,6,CHN,0
412549159,SHUNZE77,2022,3,CHN,0
412328788,LURONGYUANYU333,2021,12,CHN,0
412328788,LURONGYUANYU333,2022,68,CHN,0
412280932,HE BEI 8599,2021,1,CHN,0
710714091,GUADALAJARA,2021,11,BRA,0
710714091,GUADALAJARA,2022,2,BRA,0
710714091,GUADALAJARA,2025,1,BRA,0
710555011,FLIPPER VI N,2021,4,BRA,0
412421175,HENG XIN 78,2021,2,CHN,0
412421175,HENG XIN 78,2022,1,CHN,0
412421175,HENG XIN 78,2023,1,CHN,0
412421175,HENG XIN 78,2024,1,CHN,0
416005510,JIA LONG,2021,1,TWN,0
412588000,VONG EA NO.5,2021,1,CHN,0
701007012,SANT ANTONIO,2021,2,ARG,2
701007012,SANT ANTONIO,2023,2,ARG,2
701007012,SANT ANTONIO,2024,3,ARG,3
701007012,SANT ANTONIO,2025,3,ARG,3
701007012,SANT ANTONIO,2026,5,ARG,5
441404000,AGNES 108,2021,1,KOR,0
441404000,AGNES 108,2025,1,KOR,0
412549292,LU PENG YUAN YU 098,2021,2,CHN,0
412549292,LU PENG YUAN YU 098,2025,5,CHN,0
412549292,LU PENG YUAN YU 098,2026,26,CHN,0
412445885,FU YUAN YU   7887,2021,1,CHN,0
412549088,ZHAN HAI 004,2021,5,CHN,0
412549088,ZHAN HAI 004,2025,4,CHN,0
412549088,ZHAN HAI 004,2026,6,CHN,0
412336963,LURONGYUANYU582,2021,1,CHN,0
412336963,LURONGYUANYU582,2023,1,CHN,0
412549299,LU RONG YUAN YU 837,2021,5,CHN,0
412549299,LU RONG YUAN YU 837,2024,1,CHN,0
412549299,LU RONG YUAN YU 837,2025,1,CHN,0
412549299,LU RONG YUAN YU 837,2026,1,CHN,0
412549087,ZHAN HAI 003,2021,3,CHN,0
412549087,ZHAN HAI 003,2024,1,CHN,0
412549087,ZHAN HAI 003,2026,2,CHN,0
412320008,LUPENGYUANYU027,2021,1,CHN,0
412331176,LU RONG YUAN YU 882,2021,13,CHN,0
412549144,HUA YING 218,2021,1,CHN,0
412549144,HUA YING 218,2022,4,CHN,0
412549144,HUA YING 218,2023,2,CHN,0
416180600,FULL KUO 1  0  1,2021,3,TWN,0
412231041,LUPENGYUANYU 029,2021,1,CHN,0
412231041,LUPENGYUANYU 029,2023,2,CHN,0
412221070,LUQINGYUANYU289,2021,4,CHN,0
416108600,FULL   KU0   NO.101,2021,1,TWN,0
412420573,JIADE11,2021,1,CHN,0
412330000,FUYUANYU9997,2021,3,CHN,0
412330000,FUYUANYU9997,2022,7,CHN,0
412330000,FUYUANYU9997,2023,1,CHN,0
412330000,FUYUANYU9997,2025,9,CHN,0
412330000,FUYUANYU9997,2026,5,CHN,0
416005995,YI DA FA,2021,2,TWN,0
416005995,YI DA FA,2022,1,TWN,0
416005995,YI DA FA,2023,1,TWN,0
416005995,YI DA FA,2024,4,TWN,0
416005995,YI DA FA,2025,1,TWN,0
701006733,HUYU 907,2021,1,ARG,1
701006733,HUYU 907,2023,1,ARG,1
224775000,ESPERANZA MENDUINA,2021,3,ESP,0
412549091,HONGPU12,2021,1,CHN,0
412549091,HONGPU12,2024,3,CHN,1
412549091,HONGPU12,2026,1,CHN,0
412440778,FU YUAN YU 7629,2021,2,CHN,0
412440778,FU YUAN YU 7629,2024,5,CHN,1
412549051,NING TAI 617,2021,2,CHN,0
412549051,NING TAI 617,2024,1,CHN,0
412549298,LURONGYUANYU836,2021,1,CHN,0
412549116,HANYI27,2021,1,CHN,0
412549116,HANYI27,2023,1,CHN,0
701006485,PADRE PIO,2021,5,ARG,5
701006485,PADRE PIO,2022,1,ARG,1
701006485,PADRE PIO,2023,9,ARG,9
701006485,PADRE PIO,2024,10,ARG,10
701006485,PADRE PIO,2025,13,ARG,13
701006485,PADRE PIO,2026,3,ARG,3
701000596,NATALIA,2021,1,ARG,0
701000596,NATALIA,2024,1,ARG,1
701000596,NATALIA,2025,5,ARG,5
701000596,NATALIA,2026,3,ARG,3
701006568,XIN SHI JI 89,2021,1,ARG,1
701006568,XIN SHI JI 89,2024,1,ARG,1
719118344,DONA SANTINA,2021,1,UNKNOWN,0
412421191,ZHOU PU  5,2021,1,CHN,0
412421191,ZHOU PU  5,2022,1,CHN,0
416059950,YI DA FA,2021,1,TWN,0
416059950,YI DA FA,2022,2,TWN,0
416059950,YI DA FA,2024,2,TWN,0
416146500,CHIN CHUAN HSING,2021,1,TWN,0
416146500,CHIN CHUAN HSING,2022,2,TWN,0
416146500,CHIN CHUAN HSING,2023,1,TWN,0
416000035,JIH DA YNG,2021,2,TWN,0
701000899,ANITA ALVAREZ,2021,1,ARG,1
701000899,ANITA ALVAREZ,2023,1,ARG,1
701000612,KALEU KALEU,2021,8,ARG,8
710121769,MENINA LYVIA,2021,2,BRA,0
710121769,MENINA LYVIA,2022,1,BRA,0
710121769,MENINA LYVIA,2023,1,BRA,0
710121769,MENINA LYVIA,2024,1,BRA,0
710121769,MENINA LYVIA,2025,1,BRA,0
224160000,PLAYA DE RIL,2021,2,ESP,0
224752000,SIEMPRE BELUSO,2021,3,ESP,0
701000742,UCHI,2021,2,ARG,2
701000742,UCHI,2023,1,ARG,1
701000742,UCHI,2024,1,ARG,1
701007002,DON GIULIANO,2021,1,ARG,1
701007002,DON GIULIANO,2022,1,ARG,1
701000753,CIUDAD DE HUELVA,2021,1,ARG,1
710104800,LEIXOES I,2021,1,BRA,0
315078064,30103128 CM2TS7G,2021,1,UNKNOWN,0
511100489,VIDEO,2021,3,PLW,0
710515559,BERNARDO XVII,2021,1,BRA,0
710555014,ROTA DO MAR III,2021,1,BRA,0
701000534,TESON,2021,1,ARG,1
701000534,TESON,2022,1,ARG,1
701000534,TESON,2023,5,ARG,5
701000534,TESON,2024,6,ARG,6
701000534,TESON,2025,6,ARG,6
701007025,ESTEFANY,2021,1,ARG,1
701007025,ESTEFANY,2024,2,ARG,2
701006385,TANGO I,2021,1,ARG,1
701006073,PONTE DE RANDE,2021,1,ARG,1
441389000,BLUE OCEAN,2021,1,KOR,0
441389000,BLUE OCEAN,2023,2,KOR,0
441389000,BLUE OCEAN,2024,3,KOR,1
441389000,BLUE OCEAN,2025,1,KOR,0
441389000,BLUE OCEAN,2026,1,KOR,0
108010070,FILHO DA PROMESSA C4,2021,3,UNKNOWN,0
701000727,DON AGUSTIN,2021,1,ARG,1
701000727,DON AGUSTIN,2022,1,ARG,1
701000727,DON AGUSTIN,2023,1,ARG,1
701000727,DON AGUSTIN,2025,3,ARG,3
701000727,DON AGUSTIN,2026,5,ARG,5
710824765,AGUIA N1,2021,2,BRA,0
412999998,DONA ILVA B4 92%,2021,4,CHN,0
710127056,ROSSINE I,2021,3,BRA,0
710127056,ROSSINE I,2025,1,BRA,0
701001121,NINO JESUS DE PRAGA,2021,1,ARG,1
701001121,NINO JESUS DE PRAGA,2022,1,ARG,1
701001121,NINO JESUS DE PRAGA,2023,2,ARG,2
701001121,NINO JESUS DE PRAGA,2024,3,ARG,3
701001121,NINO JESUS DE PRAGA,2026,1,ARG,1
665111132,ARGOS HELENA,2021,1,SHN,0
665111132,ARGOS HELENA,2023,1,SHN,0
665111129,ARGOS GEORGIA,2021,1,SHN,0
665111129,ARGOS GEORGIA,2022,1,SHN,0
665111129,ARGOS GEORGIA,2023,1,SHN,0
665111130,NORDIC PRINCE,2021,1,SHN,0
665111130,NORDIC PRINCE,2022,1,SHN,0
665111130,NORDIC PRINCE,2023,1,SHN,0
665111130,NORDIC PRINCE,2024,1,SHN,0
770576483,OCEAN AZUL,2021,1,URY,0
701000806,EL FARO,2021,1,ARG,1
701000806,EL FARO,2023,1,ARG,1
701000806,EL FARO,2024,1,ARG,1
701000806,EL FARO,2025,1,ARG,1
701000806,EL FARO,2026,1,ARG,1
224913000,LLAVE DE BURELA,2021,1,ESP,0
108010071,IAN CARLOS S B6,2021,1,UNKNOWN,0
108010071,IAN CARLOS S B6,2022,9,UNKNOWN,0
108010071,IAN CARLOS S B6,2023,16,UNKNOWN,0
108010071,IAN CARLOS S B6,2024,6,UNKNOWN,0
108010071,IAN CARLOS S B6,2025,1,UNKNOWN,0
412336489,LURONGYUANYU585,2021,1,CHN,0
412336489,LURONGYUANYU585,2022,1,CHN,0
412336489,LURONGYUANYU585,2023,1,CHN,0
412336489,LURONGYUANYU585,2024,1,CHN,0
412336489,LURONGYUANYU585,2025,1,CHN,0
412331285,FUYUANYU717,2021,1,CHN,0
412331285,FUYUANYU717,2022,4,CHN,0
412331285,FUYUANYU717,2023,1,CHN,0
412331282,LURONGYUANYU277,2021,1,CHN,0
412331282,LURONGYUANYU277,2023,1,CHN,0
412331283,LURONGYUANYU278,2021,1,CHN,0
412331284,LURONGYUANYU715,2021,1,CHN,0
412331284,LURONGYUANYU715,2022,3,CHN,0
412331284,LURONGYUANYU715,2023,1,CHN,0
412422222,MJY22222-88%,2021,2,CHN,0
412331286,LURONGYUANYU885,2021,1,CHN,0
412331286,LURONGYUANYU885,2022,1,CHN,0
412336962,LURONGYUANYU581,2021,1,CHN,0
412336962,LURONGYUANYU581,2023,1,CHN,0
412440668,FU YUAN YU7890,2021,1,CHN,0
412440664,FUYUANYU7874,2021,11,CHN,0
412440672,FU YUAN YU 7893,2021,7,CHN,1
412440672,FU YUAN YU 7893,2022,1,CHN,0
412440671,FU YUAN YU7892,2021,2,CHN,0
412326885,ZHAN HAI 005,2021,1,CHN,0
412326885,ZHAN HAI 005,2022,3,CHN,0
412549354,LUQINGYUANYU770,2021,1,CHN,0
412549354,LUQINGYUANYU770,2022,2,CHN,0
710978802,SAFADI SEIF,2022,2,BRA,0
150402947,FUYUANYU717,2022,4,UNKNOWN,0
710191817,SKIPPER III,2022,3,BRA,0
710191817,SKIPPER III,2023,10,BRA,0
710191817,SKIPPER III,2024,3,BRA,0
412329637,LURONGYUANYU     899,2022,2,CHN,0
412549348,LURONGYUANYU697,2022,3,CHN,0
412549348,LURONGYUANYU697,2023,2,CHN,0
412549348,LURONGYUANYU697,2024,6,CHN,0
411222333,,2022,4,UNKNOWN,0
411222333,,2023,3,UNKNOWN,0
412321061,LU PENG YUAN YU 079,2022,4,CHN,0
431650000,SHINSEI MARU NO.8,2022,1,JPN,0
412332061,LU PENG YUAN YU 079,2022,1,CHN,0
412440666,FU YUAN YU 7876,2022,2,CHN,0
710000024,GRACA E PAZ 4,2022,1,BRA,0
412337347,LUQINGYUANYU279,2022,2,CHN,0
412550615,FUYUANYU7885,2022,1,CHN,0
412440779,FU YUAN YU 7650,2022,1,CHN,0
412549351,LU QING YUAN YU 765,2022,9,CHN,0
412440667,FU YUAN YU 7877,2022,2,CHN,0
412334075,LURONGYANYU602,2022,1,CHN,0
412334075,LURONGYANYU602,2023,1,CHN,0
710137982,DRIELLI I,2022,1,BRA,0
710137982,DRIELLI I,2025,1,BRA,0
701139000,LU QING YUAN YU 288,2022,1,ARG,1
412333655,LU LAN YUAN YU 059,2022,1,CHN,0
412333655,LU LAN YUAN YU 059,2023,1,CHN,0
441351000,AGNES 110,2022,1,KOR,0
441351000,AGNES 110,2023,1,KOR,0
701000956,DON ESCIPION,2022,2,ARG,1
701000956,DON ESCIPION,2023,3,ARG,2
701000956,DON ESCIPION,2025,2,ARG,2
412334082,LURONGYUANYU610,2022,1,CHN,0
412334074,LURONGYUANYU602,2022,7,CHN,0
710190000,GABRIEL #C#,2022,2,BRA,0
710190000,GABRIEL #C#,2023,2,BRA,0
710190000,GABRIEL #C#,2024,3,BRA,0
710212223,DOUGLAS C I,2022,1,BRA,0
710212223,DOUGLAS C I,2023,4,BRA,0
701006182,ARGENOVA XXI,2022,1,ARG,1
701006182,ARGENOVA XXI,2023,1,ARG,1
701006182,ARGENOVA XXI,2024,1,ARG,1
412440604,7884,2022,2,CHN,0
416006494,FA DA CAI,2022,2,TWN,0
412331200,LU RONG YUAN YU 882,2022,5,CHN,0
412331200,LU RONG YUAN YU 882,2023,2,CHN,0
701000524,AMERICA I,2022,1,ARG,1
701000524,AMERICA I,2023,1,ARG,1
701000524,AMERICA I,2025,1,ARG,1
701000524,AMERICA I,2026,1,ARG,1
412328799,ZHENFA5,2022,1,CHN,0
412328799,ZHENFA5,2024,2,CHN,0
412328799,ZHENFA5,2026,7,CHN,0
701000666,CONARPESA.1,2022,1,ARG,1
701000666,CONARPESA.1,2023,1,ARG,1
412000036,D.B 8100%,2022,1,CHN,0
701000786,ITXAS LUR,2022,4,ARG,4
9129213,ALTO MAR VI,2022,2,UNKNOWN,0
9129213,ALTO MAR VI,2023,13,UNKNOWN,0
9129213,ALTO MAR VI,2024,13,UNKNOWN,0
710462738,COSTA NEVES II CN,2022,2,BRA,0
710462738,COSTA NEVES II CN,2023,1,BRA,0
710462738,COSTA NEVES II CN,2024,5,BRA,0
719271494,TIO PRETO,2022,8,UNKNOWN,0
719271494,TIO PRETO,2023,23,UNKNOWN,0
412000066,B13 LUKA F100%,2022,1,CHN,0
412000056,B3 LUKA F 97%,2022,1,CHN,0
710054321,CAPITAO LUCAS,2022,1,BRA,0
412000068,B15 LUKA F 90%,2022,1,CHN,0
412000060,B7 LUKA F 92%,2022,1,CHN,0
412000051,B3 VITORIA C I100%,2022,3,CHN,0
710273597,MATHEUS MARQUES,2022,3,BRA,0
701006390,MADRE MARGARITA,2022,1,ARG,1
412000052,B1 SAMBAQUI III 96%,2022,1,CHN,0
412000050,B2 VITORIA C I 77%,2022,1,CHN,0
9126883,ONWA26883,2022,3,UNKNOWN,0
710555019,DOM MANOEL XXIII,2022,1,BRA,0
710555019,DOM MANOEL XXIII,2023,1,BRA,0
701000511,UR ERTZA,2022,1,ARG,1
710000021,CAIO SANTOS I - B5,2022,9,BRA,0
710000021,CAIO SANTOS I - B5,2023,4,BRA,0
710000021,CAIO SANTOS I - B5,2024,1,BRA,0
701006582,ALTAR,2022,1,ARG,1
224016000,CELTIC BAY,2022,2,ESP,0
784022016,SAFAD SEIF,2022,1,UNKNOWN,0
784022016,SAFAD SEIF,2023,1,UNKNOWN,0
710000099,B3 - S SHARK100%,2022,3,BRA,0
710000099,B3 - S SHARK100%,2023,3,BRA,0
665111133,POLAR BAY,2022,1,SHN,0
701000825,V MARIA INMACULADA,2022,1,ARG,1
701000825,V MARIA INMACULADA,2025,6,ARG,6
701148000,ANTONIA D,2022,1,ARG,0
701148000,ANTONIA D,2023,13,ARG,13
701148000,ANTONIA D,2024,10,ARG,10
701148000,ANTONIA D,2025,14,ARG,14
701148000,ANTONIA D,2026,6,ARG,6
224266000,FUNCHO,2022,1,ESP,0
710119392,JALISCO,2022,3,BRA,0
710119392,JALISCO,2023,5,BRA,0
710119392,JALISCO,2025,2,BRA,0
710005748,"A,!,5.'! V",2022,1,BRA,0
710005748,"A,!,5.'! V",2024,1,BRA,0
75,MB-04 75%,2022,2,UNKNOWN,0
75,MB-04 75%,2023,11,UNKNOWN,0
75,MB-04 75%,2024,1,UNKNOWN,0
991644421,VICTORIA_MAR,2022,1,UNKNOWN,0
991644421,VICTORIA_MAR,2024,2,UNKNOWN,0
80,YM-03 71%,2022,10,UNKNOWN,0
80,YM-03 71%,2023,6,UNKNOWN,0
71000036,BOIA 2,2022,6,BRA,0
71000036,BOIA 2,2023,12,BRA,0
71000036,BOIA 2,2024,1,BRA,0
701000611,FIDES FE II,2022,1,ARG,0
701000611,FIDES FE II,2023,3,ARG,3
701000611,FIDES FE II,2024,1,ARG,1
701000611,FIDES FE II,2025,3,ARG,3
710118731,VO HELENA,2022,1,BRA,0
710118731,VO HELENA,2023,7,BRA,0
710118731,VO HELENA,2025,2,BRA,0
224140000,ESCUALO CUATRO,2022,1,ESP,0
227623890,FORTUNA,2022,1,FRA,1
701000713,ARGENOVA XIV,2022,1,ARG,1
440100000,SAE IN PIONEER,2022,1,KOR,0
440100000,SAE IN PIONEER,2023,2,KOR,0
9125098,ALALUNGA 4 BEBE,2022,1,UNKNOWN,0
9125098,ALALUNGA 4 BEBE,2023,3,UNKNOWN,0
9125098,ALALUNGA 4 BEBE,2024,5,UNKNOWN,0
710357901,LUKA.F,2022,1,BRA,0
710357901,LUKA.F,2025,3,BRA,0
412401590,MING YUAN,2022,1,CHN,0
412334077,LURONGYUANYU606,2022,1,CHN,0
710004960,ELIAS SEIF,2022,3,BRA,0
710004960,ELIAS SEIF,2023,3,BRA,0
58,AUG-C-10100%,2022,6,UNKNOWN,0
58,AUG-C-10100%,2024,5,UNKNOWN,0
200006178,LURONGYUANYU 818,2022,2,UNKNOWN,0
710000029,BOIA OZI 3,2023,4,BRA,0
710913711,,2023,2,BRA,0
701136000,XIN SHI JI 28,2023,1,ARG,1
710817288,ALTO MAR IV,2023,2,BRA,0
710817288,ALTO MAR IV,2024,1,BRA,0
412440734,FU YUAN YU 7611,2023,7,CHN,1
701144000,LU QING YUAN YU 287,2023,1,ARG,1
719673758,MANOEL LESSA,2023,1,UNKNOWN,0
714430086,ARVOREDO(1),2023,1,UNKNOWN,0
710117712,SOBRE AS ONDAS,2023,1,BRA,0
701147000,HUAFENG828,2023,1,ARG,1
701147000,HUAFENG828,2024,1,ARG,1
710841695,SEA  SHARK,2023,2,BRA,0
725002460,GLOBALPESCA II,2023,1,CHL,0
725002460,GLOBALPESCA II,2025,4,CHL,0
710164015,VO MINGO,2023,1,BRA,0
412549278,LU RONG YUAN YU 835,2023,2,CHN,0
412549278,LU RONG YUAN YU 835,2024,8,CHN,1
412549278,LU RONG YUAN YU 835,2025,2,CHN,0
412331265,FUYUANYU9996,2023,1,CHN,0
412440763,FU YUAN YU7670,2023,1,CHN,0
412335966,FUYUANYU9990,2023,1,CHN,0
701006119,ARBUMASA XXVIII,2023,5,ARG,5
701006119,ARBUMASA XXVIII,2024,7,ARG,7
701006119,ARBUMASA XXVIII,2025,14,ARG,14
701006119,ARBUMASA XXVIII,2026,5,ARG,5
701006725,HUA FENG 801,2023,3,ARG,3
701000801,CANAL DE BEAGLE,2023,7,ARG,7
701000801,CANAL DE BEAGLE,2024,5,ARG,5
701000801,CANAL DE BEAGLE,2025,7,ARG,7
701000801,CANAL DE BEAGLE,2026,5,ARG,5
412336966,FU  YUAN  YU  8889,2023,1,CHN,0
111888666,FUYUANYU0309,2023,1,UNKNOWN,0
412333751,LURONGYUANYU188,2023,4,CHN,0
412333751,LURONGYUANYU188,2024,3,CHN,0
710235476,CAROLINA F,2023,1,BRA,0
710235476,CAROLINA F,2024,3,BRA,0
710235476,CAROLINA F,2025,1,BRA,0
441384000,NO.805 TONG YOUNG,2023,11,KOR,0
416251901,SHIN TORNG SHING,2023,2,TWN,0
416251901,SHIN TORNG SHING,2024,3,TWN,0
412321041,LUPENGYUANYU 029,2023,2,CHN,0
412420597,DONGYU1519,2023,4,CHN,0
412420597,DONGYU1519,2024,1,CHN,0
710157895,,2023,15,BRA,0
710157895,,2024,5,BRA,0
412549438,LURONGYUANYU678,2023,1,CHN,0
412549438,LURONGYUANYU678,2026,1,CHN,0
244731699,ALLANKAY,2023,1,NLD,0
273340810,SEVERNAYA ZEMLIA,2023,12,RUS,1
273340810,SEVERNAYA ZEMLIA,2024,1,RUS,0
701000537,IGLU 1,2023,6,ARG,6
701000537,IGLU 1,2024,4,ARG,4
701000537,IGLU 1,2025,4,ARG,4
413329441,LURONGYUANYU988,2023,2,CHN,1
413329441,LURONGYUANYU988,2024,1,CHN,0
701000000,SANT ANTONIO,2023,1,ARG,1
412321059,LU PENG YUAN YU 078,2023,1,CHN,0
613721012,FRIOSUR VIII,2023,1,CMR,0
701007076,FRANCESCA,2023,4,ARG,4
701007076,FRANCESCA,2025,1,ARG,1
701007076,FRANCESCA,2026,3,ARG,2
710118279,ISADORA MARIA F,2023,7,BRA,0
440384000,NO.805 TONG YOUNG,2023,1,KOR,0
17281,DONA TEREZA,2023,6,UNKNOWN,0
232045897,LILIBET,2023,13,GBR,0
232045897,LILIBET,2024,5,GBR,0
232045897,LILIBET,2025,21,GBR,0
232045897,LILIBET,2026,21,GBR,0
710118362,VO CICINHO,2023,1,BRA,0
710522742,VO VINAGRE,2023,1,BRA,0
412549001,HONGPU37,2023,1,CHN,0
412549001,HONGPU37,2024,1,CHN,0
701000836,BELVEDERE,2023,2,ARG,2
701000836,BELVEDERE,2024,3,ARG,3
701000836,BELVEDERE,2025,3,ARG,3
412549277,LU RONG YUAN YU 833,2023,1,CHN,0
217077966,30506C40 SM0TS7@@A@R,2023,2,UNKNOWN,0
217077966,30506C40 SM0TS7@@A@R,2024,3,UNKNOWN,0
710000134,EDUARDA II B10 90%,2023,3,BRA,0
412329653,CHANG SHUN NO 2,2023,1,CHN,0
710555031,MARIA,2023,2,BRA,0
710555031,MARIA,2024,1,BRA,0
412334081,LU RONG YUAN YU 609,2023,1,CHN,0
710000138,BRISA C B7 70%,2023,9,BRA,0
710006991,COLUMBUS I,2023,1,BRA,0
710112277,BOA FE M,2023,1,BRA,0
710223358,DOM MANOEL XVII,2023,2,BRA,0
710280519,FLORIPA SL3 ESPINHEL,2023,2,BRA,0
710280519,FLORIPA SL3 ESPINHEL,2024,8,BRA,0
710555050,MERIDIANO 3,2023,1,BRA,0
710555050,MERIDIANO 3,2025,1,BRA,0
710160131,BARCO_PESCA ARRASTO,2023,2,BRA,0
710000158,BRISA C B8 68%,2023,3,BRA,0
710000158,BRISA C B8 68%,2024,1,BRA,0
719604774,719604774,2023,1,UNKNOWN,0
719604774,719604774,2024,4,UNKNOWN,0
719604774,719604774,2025,1,UNKNOWN,0
70100537,IGLU I,2023,1,ARG,1
70100537,IGLU I,2024,4,ARG,4
710246812,MAR CRISTALINO VP,2023,1,BRA,0
996332016,FLORIPA LM,2023,1,UNKNOWN,0
710358436,VILA REAL I,2023,2,BRA,0
710358436,VILA REAL I,2024,1,BRA,0
710358436,VILA REAL I,2025,2,BRA,0
701001194,HUAFENG827,2023,2,ARG,2
701001194,HUAFENG827,2024,1,ARG,1
701001194,HUAFENG827,2025,2,ARG,2
701000950,ARGENOVA X,2023,1,ARG,1
701007027,BUENA PESCA,2023,1,ARG,1
701007027,BUENA PESCA,2024,1,ARG,1
710900000,PONTA NEGRA,2023,3,BRA,0
710900000,PONTA NEGRA,2024,1,BRA,0
710900000,PONTA NEGRA,2025,2,BRA,0
710900000,PONTA NEGRA,2026,3,BRA,0
441430000,OYANG 88,2023,1,KOR,0
770576064,ZAANDAM,2023,3,URY,3
701001728,TOZUDO,2023,1,ARG,1
710955786,FELIPE MARQUES,2023,6,BRA,0
710955786,FELIPE MARQUES,2024,5,BRA,0
710000176,VITORIA C B6100%,2023,3,BRA,0
710984685,CUNHAMAR II,2023,1,BRA,0
9126896,DOM MANOEL XX,2023,1,UNKNOWN,0
991477014,BRISA C,2023,1,UNKNOWN,0
701000902,RIBAZON INES,2023,1,ARG,1
701000902,RIBAZON INES,2024,1,ARG,1
701000902,RIBAZON INES,2026,1,ARG,1
701006687,FRANCO JOSE,2023,1,ARG,1
701006005,BAHIA DESVELOS,2023,1,ARG,1
710045515,PRINCIPE DA PAZ J I,2023,7,BRA,0
710045515,PRINCIPE DA PAZ J I,2024,19,BRA,0
710045515,PRINCIPE DA PAZ J I,2025,27,BRA,0
710045515,PRINCIPE DA PAZ J I,2026,4,BRA,0
710000175,VITORIA C B5 95%,2023,1,BRA,0
710000175,VITORIA C B5 95%,2024,8,BRA,0
997108482,VO HELENA 04 100%,2023,2,UNKNOWN,0
997108482,VO HELENA 04 100%,2024,11,UNKNOWN,0
701073000,LANZA SECA,2023,1,ARG,1
701073000,LANZA SECA,2024,1,ARG,1
701073000,LANZA SECA,2025,1,ARG,1
710284750,VENEZA F,2023,1,BRA,0
9126869,ABC8,2023,1,UNKNOWN,0
710714811,VENCEDOR C,2023,2,BRA,0
701152000,HUAFENG881,2023,2,ARG,1
701152000,HUAFENG881,2024,5,ARG,3
701152000,HUAFENG881,2025,2,ARG,0
770576305,PROA PIONEER,2023,1,URY,0
770576305,PROA PIONEER,2024,1,URY,0
701150000,HUAFENG 882,2023,1,ARG,1
701150000,HUAFENG 882,2024,7,ARG,3
701007029,PENSACOLA 1,2023,1,ARG,1
701007029,PENSACOLA 1,2026,1,ARG,1
710123091,KOPESCA IV,2023,3,BRA,0
710123091,KOPESCA IV,2024,8,BRA,0
412440773,FU YUAN YU 7624,2023,1,CHN,1
613515600,FU YANG 5,2023,1,CMR,0
613515600,FU YANG 5,2024,4,CMR,0
613515600,FU YANG 5,2025,2,CMR,0
999050886,DONA_CATARINA  2,2024,1,UNKNOWN,0
710922429,LUA NOVA,2024,11,BRA,0
71000108,VANDO 00,2024,5,BRA,0
71000108,VANDO 00,2025,3,BRA,0
710100030,POLACO M ROBNHO,2024,1,BRA,0
412421174,HENG XIN 16,2024,1,CHN,0
710010170,ARIMAR FRANCA NETO,2024,4,BRA,0
710010170,ARIMAR FRANCA NETO,2025,5,BRA,0
412420992,NINGTAI727,2024,1,CHN,0
416253700,ZI DA HSIN,2024,4,TWN,0
416253700,ZI DA HSIN,2026,1,TWN,0
412331128,LURONGYUANYU 393,2024,3,CHN,0
701006148,!! NANINA !!,2024,2,ARG,2
710004578,SAMBAQUI 3,2024,4,BRA,0
710004578,SAMBAQUI 3,2025,2,BRA,0
416251909,SHIN TORNG SHING,2024,2,TWN,0
412329096,LU RONG YUAN YU 898,2024,3,CHN,0
416005571,HSIANG FA NO.8,2024,2,TWN,0
412549404,LUQINGYUANYU 018,2024,1,CHN,0
263517000,CALVAO,2024,1,PRT,0
740399000,CFL HUNTER,2024,2,FLK,0
416005506,FULL LOAD NO898,2024,1,TWN,0
71558732,Y ABE,2024,4,UNKNOWN,0
613864704,FU YANG 3,2024,10,CMR,0
613864704,FU YANG 3,2025,2,CMR,0
412440777,FU YUAN YU 7628,2024,2,CHN,0
412440774,FU YUAN YU 7625,2024,1,CHN,0
701133000,XIN SHI JI 26,2024,1,ARG,1
613902601,FU YANG 2,2024,7,CMR,0
613902601,FU YANG 2,2025,1,CMR,0
701006060,VIERASA QUINCE,2024,1,ARG,1
701000711,VERAZ,2024,1,ARG,1
416006402,YUN MAO NO.101,2024,2,TWN,0
416006402,YUN MAO NO.101,2025,1,TWN,0
710345633,AUGUSTO C,2024,4,BRA,0
273252010,ALPHA-CRUX     00,2024,1,RUS,0
710824851,AGUIA XII,2024,1,BRA,0
710824851,AGUIA XII,2025,4,BRA,0
701000997,HU SHUN YU 06,2024,1,ARG,1
701000997,HU SHUN YU 06,2025,1,ARG,1
701000997,HU SHUN YU 06,2026,2,ARG,2
701154000,ERIN BRUCE II,2024,6,ARG,6
701154000,ERIN BRUCE II,2025,13,ARG,13
701154000,ERIN BRUCE II,2026,5,ARG,5
701000999,HU SHUN YU 08,2024,1,ARG,1
701000999,HU SHUN YU 08,2025,3,ARG,3
701000999,HU SHUN YU 08,2026,4,ARG,4
982091088,DCH WORKBOAT 106,2024,3,UNKNOWN,0
412410028,HONGRUN76,2024,1,CHN,0
982091089,DCH WORKBOAT 108,2024,1,UNKNOWN,0
710112239,ZENN,2024,1,BRA,0
701001048,API VIII,2024,1,ARG,1
701100000,ARGENOVA 26,2024,1,ARG,1
770576301,PLAYA MALVIN,2024,1,URY,1
770576301,PLAYA MALVIN,2026,1,URY,1
710090011,FRUTO DA FE,2024,1,BRA,0
710784453,OLIVEIRA R - B4 100%,2024,1,BRA,0
701000714,EL MARISCO I,2024,5,ARG,5
701007011,SUENO REAL,2024,4,ARG,3
108060401,FILHO DA PROMESSA O5,2024,1,UNKNOWN,0
701006804,MADRE MARIA,2024,1,ARG,1
412549579,ZHONG JU 828,2024,1,CHN,0
412549579,ZHONG JU 828,2026,2,CHN,0
701000622,PETREL,2024,2,ARG,2
710628700,CUNHAMAR  II,2024,3,BRA,0
710628700,CUNHAMAR  II,2025,1,BRA,0
701006603,DON BOCHA,2024,1,ARG,1
710000004,B1 IAN CARLOS S  88%,2024,3,BRA,0
710985568,FLORIPA  EJ I,2024,1,BRA,0
701000605,ANA III,2024,1,ARG,1
701000605,ANA III,2025,2,ARG,2
120,CARDOSO A V100%,2024,17,UNKNOWN,0
710000044,B2 EDUARDA II 100%,2024,2,BRA,0
725000357,PUERTO BALLENA,2024,1,CHL,0
701000652,MAR AUSTRAL,2024,1,ARG,1
710000014,GDL- 09 93%,2024,2,BRA,0
416009259,YUN MAO NO.128,2024,1,TWN,0
416009259,YUN MAO NO.128,2025,1,TWN,0
710905200,ULUWATU I,2024,1,BRA,0
701100849,VIRGEN MARIA,2024,6,ARG,6
701100849,VIRGEN MARIA,2025,2,ARG,2
701100849,VIRGEN MARIA,2026,1,ARG,1
701006059,JUAN ALVAREZ,2024,1,ARG,1
701006059,JUAN ALVAREZ,2026,1,ARG,1
770576233,SOUTHERN STAR I,2024,11,URY,0
701001230,LU QING YUAN YU 277,2024,1,ARG,1
710887055,ALBACORA GPS,2024,2,BRA,0
668116267,SOFIA,2024,1,STP,0
710567896,ARACA XI,2024,2,BRA,0
710901090,HAMILTON DA COSTA,2024,5,BRA,0
710901090,HAMILTON DA COSTA,2025,5,BRA,0
224468000,VILLA DE MARIN,2024,1,ESP,0
224468000,VILLA DE MARIN,2026,1,ESP,0
701000756,PONTE CORUXO,2024,1,ARG,1
710000849,VIRGEN MARIA,2024,1,BRA,1
770576353,BADARO,2024,1,URY,1
770576353,BADARO,2025,2,URY,1
770576353,BADARO,2026,2,URY,2
701000834,"""ANDRES JORGE""",2024,1,ARG,1
701000834,"""ANDRES JORGE""",2026,1,ARG,1
577148000,SERENA 11,2024,1,VUT,0
996754290,ALALUNGA 8,2024,1,UNKNOWN,0
412649351,XINGSHUN6,2025,7,CHN,0
740356000,SIL,2025,2,FLK,0
9129191,THUNNUS,2025,2,UNKNOWN,0
710033333,BRISA DO MAR II,2025,1,BRA,0
412649354,XINGSHUN8,2025,2,CHN,0
412330930,LU PENG YUAN YU 097,2025,1,CHN,0
710116652,VO MAEL,2025,1,BRA,0
710111561,ANA AMARAL I,2025,1,BRA,0
710021980,ALTO MAR IV,2025,5,BRA,0
710457410,VO DAVID,2025,1,BRA,0
701000698,LA SANTA MARIA I,2025,5,ARG,4
701000698,LA SANTA MARIA I,2026,1,ARG,1
710124688,EDSON MATHEUS I,2025,13,BRA,0
412321058,LU PENG YUAN YU 078,2025,1,CHN,0
412549112,ZHE PU YUAN 77,2025,1,CHN,0
701006174,BAFFETTA,2025,1,ARG,1
263587000,NVO.VIRGEM DA BARCA,2025,4,PRT,0
263587000,NVO.VIRGEM DA BARCA,2026,1,PRT,0
416251600,SHUENN MAN NO100,2025,1,TWN,0
416251600,SHUENN MAN NO100,2026,1,TWN,0
659096000,HELENA NDUME,2025,2,NAM,0
735058309,ALTAR 11,2025,5,ECU,0
701000852,ARBUMASA XXVI,2025,2,ARG,2
416005723,HSIANG YUN WANG,2025,2,TWN,0
416005723,HSIANG YUN WANG,2026,5,TWN,0
412549568,MING  XIANG 898,2025,3,CHN,0
412549568,MING  XIANG 898,2026,1,CHN,0
997106010,PAULO ANDRE BOIA 7,2025,14,UNKNOWN,0
997106010,PAULO ANDRE BOIA 7,2026,2,UNKNOWN,0
412440769,FU YAUN YU 7641,2025,1,CHN,0
710438984,BARRETO ROSA,2025,2,BRA,0
710092446,PROMESSA JC,2025,1,BRA,0
701001255,JOSE LUCIANO,2025,2,ARG,2
701001255,JOSE LUCIANO,2026,1,ARG,1
412331026,LU RONG YUAN YU883,2025,2,CHN,0
412330961,SHUNZE689,2025,1,CHN,0
710382763,BARCO PESCA ARRASTO,2025,1,BRA,0
997108011,SERVULO I BOIA 1,2025,3,UNKNOWN,0
997108011,SERVULO I BOIA 1,2026,1,UNKNOWN,0
412549581,HUA HENG 878,2025,2,CHN,0
701157000,LU QING YUAN YU 275,2025,1,ARG,1
710924460,CAPITAO JC II,2025,2,BRA,0
997104020,ANA CLARA BOIA 8,2025,9,UNKNOWN,0
997104020,ANA CLARA BOIA 8,2026,6,UNKNOWN,0
204212000,VERDEMILHO,2025,1,PRT,0
204212000,VERDEMILHO,2026,1,PRT,0
997102030,ANA CLARA BOIA 7,2025,1,UNKNOWN,0
997108024,M. CELSO BOIA 7,2025,2,UNKNOWN,0
997108025,M. CELSO BOIA 8,2025,3,UNKNOWN,0
701161000,LITO,2025,6,ARG,6
997108028,PAULO ANDRE BOIA 1,2025,5,UNKNOWN,0
997108027,MAR DE GAEL BOIA 1,2025,6,UNKNOWN,0
997108027,MAR DE GAEL BOIA 1,2026,9,UNKNOWN,0
997108026,MAR DE GAEL BOIA 4,2025,3,UNKNOWN,0
997108026,MAR DE GAEL BOIA 4,2026,8,UNKNOWN,0
997101020,ANA CLARA BOIA 6,2025,6,UNKNOWN,0
701000757,PEDRITO,2025,3,ARG,3
701100794,,2025,1,ARG,1
701000749,MESSINA 1,2025,2,ARG,2
701000749,MESSINA 1,2026,1,ARG,1
997108029,UNIMAR III BOIA 5,2025,7,UNKNOWN,0
997108029,UNIMAR III BOIA 5,2026,16,UNKNOWN,0
710122798,GULF OCEANIC,2025,2,BRA,0
701000745,CRISTO REDENTOR,2025,1,ARG,1
997108034,MARIA BOIA 6,2025,5,UNKNOWN,0
997108034,MARIA BOIA 6,2026,1,UNKNOWN,0
997108030,CAROLINA F BOIA 3,2025,3,UNKNOWN,0
997108030,CAROLINA F BOIA 3,2026,13,UNKNOWN,0
701061000,FRANCA,2025,1,ARG,1
701061000,FRANCA,2026,1,ARG,1
701126000,GRACIELA I,2025,1,ARG,1
701126000,GRACIELA I,2026,6,ARG,6
701006471,ARGENOVA 25,2025,1,ARG,1
701006471,ARGENOVA 25,2026,8,ARG,8
710199012,MARBELLA  I,2025,1,BRA,0
710199012,MARBELLA  I,2026,3,BRA,0
701001422,MARLENE DEL CARMEN,2025,6,ARG,6
710228880,GABRIEL G,2025,1,BRA,0
701000578,FRANCO,2025,1,ARG,1
710251934,ANJ R,2025,1,BRA,0
412329638,LU RONG YUAN YU 998,2025,3,CHN,0
710104751,YABE,2025,2,BRA,0
412331029,LU RONG YUAN YU883,2025,1,CHN,0
411100000,LU PENG YUAN YU 097,2025,1,UNKNOWN,0
411100000,LU PENG YUAN YU 097,2026,8,UNKNOWN,0
479967540,ALALUNGA 8,2025,1,UNKNOWN,0
997108057,UNIMAR III BOIA 7,2026,5,UNKNOWN,0
412549115,HONG RUN 17,2026,1,CHN,0
701006724,HUA FENG 802,2026,6,ARG,6
412549275,LU RONG YUAN YU 831,2026,2,CHN,0
770576106,RIO SOLIS II,2026,2,URY,2
701003800,DON NICOLA,2026,1,ARG,1
412549679,ZHONG JU 98,2026,10,CHN,0
412329682,LUWENYUANYU177,2026,2,CHN,0
412549049,MING ZE 86,2026,2,CHN,0
701000933,WIRON IV,2026,1,ARG,1
701023000,CAROLINA P,2026,1,ARG,1
701000684,VILLARINO,2026,1,ARG,1
412207542,RONG HUA 28,2026,1,CHN,0
412549014,DONG YU 1538,2026,1,CHN,0
412549016,ZHAN HAI 001,2026,1,CHN,0
770576200,ATLANTIC JANE,2026,2,URY,1
701000687,ARGENOVA VI,2026,2,ARG,2
701000916,EMPESUR II,2026,1,ARG,1
710002698,DONA CLEIA F,2026,1,BRA,0
701096000,ARGENOVA XXIV,2026,2,ARG,2
